2.271277707526446650e-03 5.642356389801837953e-05 2.432179163576803701e-06 7.701406667831576303e-07 2.641240495485404249e-07 8.271160355004577446e-08 2.488073253605615639e-08 6.762293035809883230e-09 8.002676896926158960e-09 4.268955265598151269e-09 1.305742564793680716e-09 2.627414872610912895e-10 4.035041055233387176e-11 5.842337447207032402e-12 9.226649817627411871e-13 4.405708668370597603e-02 1.094475518084427708e-03 4.717817107301443898e-05 1.493879590447114893e-05 5.123343617405712551e-06 1.604397505103527327e-06 4.826237612700057818e-07 1.311715117319392001e-07 1.552318453094585277e-07 8.280701719656659873e-08 2.532812838037768913e-08 5.096525379221133015e-09 7.826966863349087399e-10 1.133266823753495740e-10 1.789738478339191306e-11 9.124854832465294496e-01 2.266815845520081182e-02 9.771276194294607927e-04 3.094038990338883292e-04 1.061117978619194915e-04 3.322937449936648469e-05 9.995830618359774676e-06 2.716750227498885837e-06 3.215074260342281088e-06 1.715052146894630002e-06 5.245818823841254718e-07 1.055563536673144256e-07 1.621077147459015011e-08 2.347158205770365873e-09 3.706805200299893259e-10 1.416031415344201454e-02 3.517735360168176774e-04 1.516345663921960314e-05 4.801453273570614662e-06 1.646685257682461470e-06 5.156667044820014709e-07 1.551192916263934353e-07 4.215961503403523439e-08 4.989280639415046324e-08 2.661486416546288685e-08 8.140671156032267689e-09 1.638065652839730657e-09 2.515652259290077544e-10 3.642413843482270094e-11 5.752368350574379910e-12 1.281252046660354485e-03 3.182913585804459815e-05 1.372018278896951749e-06 4.344445869663876490e-07 1.489952012186285538e-07 4.665850018246702409e-08 1.403548732882530322e-08 3.814681825801167092e-09 4.514395628051479096e-09 2.408163322795894447e-09 7.365833460213116980e-10 1.482152830454524670e-10 2.276209814962108207e-11 3.295725039130768903e-12 5.204851843294842490e-13
5.599837849442368589e-06 2.268685852073648937e-03 5.303829819390659520e-05 2.388689871934383107e-06 9.170037430206726772e-07 3.753064335335315165e-07 1.388525651072297816e-07 4.282414179765482622e-08 5.649793488763048819e-08 3.572216564974913056e-08 1.333706790845218846e-08 3.172349277824786519e-09 4.966287939947355481e-10 5.842358939792373902e-11 7.722624800152419346e-12 1.086227988457934610e-04 4.400681119340501407e-02 1.028809860345085425e-03 4.633458797203391538e-05 1.778757096134365881e-05 7.280002802099796965e-06 2.693391247099588658e-06 8.306808634992189628e-07 1.095918128613838498e-06 6.929203519875501972e-07 2.587056417636720760e-07 6.153561348353580053e-08 9.633352079380480798e-09 1.133270992775594228e-09 1.497995375548285007e-10 2.249734028215978794e-03 9.114442057015096355e-01 2.130812845900168645e-02 9.596558029409341323e-04 3.684061182022373821e-04 1.507793041923247048e-04 5.578399750591284871e-05 1.720459263671787775e-05 2.269803698928356251e-05 1.435137476914824240e-05 5.358165060665118748e-06 1.274490853412747293e-06 1.995205445731038063e-07 2.347166840413349781e-08 3.102563371862206076e-09 3.491227113869595488e-05 1.414415519263756936e-02 3.306680473730262909e-04 1.489232201313374209e-05 5.717073274670767196e-06 2.339853460029096835e-06 8.656783520633134471e-07 2.669877396308123699e-07 3.522372030414708403e-07 2.227103652563158898e-07 8.315014533169927674e-08 1.977805806378735013e-08 3.096239494319347790e-09 3.642427243066098706e-10 4.814681749261491007e-11 3.158928422441979592e-06 1.279789953278932932e-03 2.991947126814907353e-05 1.347485504353347577e-06 5.172916190068150072e-07 2.117143731460836586e-07 7.832821703754901491e-08 2.415755640223910963e-08 3.187108932869985687e-08 2.015125569991460522e-08 7.523582650209023789e-09 1.789556156636199550e-09 2.801536142531832760e-10 3.295737163328028380e-11 4.356415245038936833e-12
2.707957254544710267e-06 3.263859743701870107e-06 2.276266061327459050e-03 4.495687673897126634e-05 2.142083261749132401e-06 9.425703086923382162e-07 4.154906090002985881e-07 1.429317985444281049e-07 2.080785610770385091e-07 1.541652268917466555e-07 7.044129971989945736e-08 2.091423921998214715e-08 3.980861265270848290e-09 4.934321465865353745e-10 5.250213939027898671e-11 5.252757384264406415e-05 6.331068683289021960e-05 4.415384822681976684e-02 8.720505682568449818e-04 4.155103871000252497e-05 1.828349816402286487e-05 8.059474945020036289e-06 2.772518137021580036e-06 4.036201813637160321e-06 2.990418451374597679e-06 1.366384408911559003e-06 4.056837467233353791e-07 7.721871669794613584e-08 9.571345143155275794e-09 1.018409725298024610e-09 1.087921426708848751e-03 1.311255169551307125e-03 9.144895536486814525e-01 1.806141858411965812e-02 8.605816337536962429e-04 3.786774821814447895e-04 1.669232907458621199e-04 5.742282893629352836e-05 8.359553115343257225e-05 6.193585711424428035e-05 2.829978174946607591e-05 8.402292514974949911e-06 1.599310424850706948e-06 1.982362919494046073e-07 2.109272673890211189e-08 1.688279918892258530e-05 2.034858140439573313e-05 1.419141411831939710e-02 2.802843068779559913e-04 1.335484948788204851e-05 5.876468403032090930e-06 2.590382290880941510e-06 8.911103927092196637e-07 1.297268838453004962e-06 9.611453663679217035e-07 4.391673154300656618e-07 1.303901309178577792e-07 2.481873789836750571e-08 3.076309949205642828e-09 3.273253574543334207e-10 1.527587649522935038e-06 1.841178189163232800e-06 1.284066030391112744e-03 2.536065499273321239e-05 1.208372078032649395e-06 5.317139921425828195e-07 2.343826963060134931e-07 8.062935624782537076e-08 1.173793417522867547e-07 8.696625332268330642e-08 3.973669055812090872e-08 1.179794602665705345e-08 2.245646415978753033e-09 2.783503512613281492e-10 2.961701835267931839e-11
1.118262422290574660e-06 2.059686985038257578e-06 3.127180673226783735e-06 2.283802086064852434e-03 3.682446727096288803e-05 1.850193606985088072e-06 8.566925551963481473e-07 3.253555230010270361e-07 5.194838068474068917e-07 4.469594439815104568e-07 2.478020605121667734e-07 9.195660298218735702e-08 2.213166360867712253e-08 3.342151835833753481e-09 3.563338017088085489e-10 2.169148418563131937e-05 3.995275775411753641e-05 6.065945592624463712e-05 4.430002819151791088e-02 7.143022366934470612e-04 3.588911204229371826e-05 1.661768529691413592e-05 6.311080513130883906e-06 1.007668196329148640e-05 8.669891357776708546e-06 4.806737997827314603e-06 1.783727289402012171e-06 4.292987241635028654e-07 6.482935690932908255e-08 6.911981365465269791e-09 4.492617628478037047e-04 8.274789417653532911e-04 1.256344373192560355e-03 9.175171504729144889e-01 1.479422428252284531e-02 7.433150081009058316e-04 3.441761074093320993e-04 1.307115332698974405e-04 2.087025426081162433e-04 1.795658905476752549e-04 9.955444117935865968e-05 3.694355165458491604e-05 8.891392583167078941e-06 1.342709005991742201e-06 1.431570521613764981e-07 6.971823460050931112e-06 1.284114869320001168e-05 1.949645373646936077e-05 1.423839757498609332e-02 2.295826808681458112e-04 1.153505915757499293e-05 5.341062290311762962e-06 2.028433776277147538e-06 3.238729406892494642e-06 2.786575203751151436e-06 1.544925577834330789e-06 5.733047889283498930e-07 1.379801811106883765e-07 2.083669460017268735e-08 2.221568308871489826e-09 6.308237924914698749e-07 1.161891457092652568e-06 1.764076063693707772e-06 1.288317182545018142e-03 2.077307583381415547e-05 1.043714001952332829e-06 4.832694329128967104e-07 1.835365302780624672e-07 2.930463714430668525e-07 2.521346026854429761e-07 1.397877926357315729e-07 5.187370323956272175e-08 1.248470814495759904e-08 1.885343595687009082e-09 2.010117086170361175e-10
4.219243969830976934e-07 1.101631576689023343e-06 2.179449371184989341e-06 2.926026619554331522e-06 2.291169689363311678e-03 2.868849698200873558e-05 1.413477465896309080e-06 5.409065342048690709e-07 9.385669226415264202e-07 9.245532822853345339e-07 6.109842318210778769e-07 2.783692928255583292e-07 8.395767763433778221e-08 1.592427861221543303e-08 1.999169469717771508e-09 8.184274283261886205e-06 2.136888752390965010e-05 4.227584744518851758e-05 5.675757217594023932e-05 4.444294120303374229e-02 5.564848341412601809e-04 2.741791505023770525e-05 1.049222910359120306e-05 1.820584252302199366e-05 1.793401307394973065e-05 1.185156054432208023e-05 5.399665581825270687e-06 1.628568214728357766e-06 3.088910355915565384e-07 3.877886985413861463e-08 1.695080641168752924e-04 4.425803230858395298e-04 8.755934626958968188e-04 1.175530761865303418e-03 9.204770840089525619e-01 1.152559942163744813e-02 5.678643629761664403e-04 2.173091201571564169e-04 3.770691224273327075e-04 3.714391444858026548e-04 2.454628248152143947e-04 1.118348222426546196e-04 3.372998457852957469e-05 6.397576578446904653e-06 8.031660389313655980e-07 2.630493836347697427e-06 6.868138209420867323e-06 1.358780904476506127e-05 1.824235584090980056e-05 1.428433100572351622e-02 1.788588548679649376e-04 8.812345975825502969e-06 3.372289714555431319e-06 5.851509234028164738e-06 5.764140987855775311e-06 3.809190147341401959e-06 1.735497435658911015e-06 5.234353716218968019e-07 9.928014838021852550e-08 1.246385135704243349e-08 2.380120649179731688e-07 6.214421546168631951e-07 1.229450700004669414e-06 1.650602910627569561e-06 1.292473326363914338e-03 1.618348797771577508e-05 7.973577559831925903e-07 3.051311610664755786e-07 5.294556392541725518e-07 5.215503948500935501e-07 3.446627397890953644e-07 1.570310953073928347e-07 4.736142390046902879e-08 8.983055879023620868e-09 1.127752879451429086e-09
1.595708068523468657e-07 5.513457628718253926e-07 1.364152346153847583e-06 2.246276273996705152e-06 2.639089189154061237e-06 2.298090628899111202e-03 2.070461883564009070e-05 7.550144920968806886e-07 1.316115859807151482e-06 1.456527845846048746e-06 1.119491317177134058e-06 6.089282070028453373e-07 2.237651834468667047e-07 5.235519954333709446e-08 8.076946422642321850e-09 3.095273134758617096e-06 1.069472393756375313e-05 2.646113153187857893e-05 4.357212162611453691e-05 5.119170623094664632e-05 4.457719005866728201e-02 4.016176374082893450e-04 1.464538608182469268e-05 2.552934426696420889e-05 2.825298436603605713e-05 2.171532166193943235e-05 1.181167882341205852e-05 4.340482914636798366e-06 1.015559461082179427e-06 1.566724876939594639e-07 6.410754806433413815e-05 2.215030787309244323e-04 5.480480034111312763e-04 9.024411610217993301e-04 1.060253691618595227e-03 9.232575704443702902e-01 8.318077556552718951e-03 3.033269605897073078e-04 5.287493521223523424e-04 5.851598467570408128e-04 4.497554711868171902e-04 2.446368171484218515e-04 8.989762937163199628e-05 2.103369367711462699e-05 3.244912031319837701e-06 9.948465338517567586e-07 3.437373238667816043e-06 8.504827793925122395e-06 1.400444234970160195e-05 1.645344022597418403e-05 1.432747970468672104e-02 1.290832495596634048e-04 4.707148915812976176e-06 8.205343615815729525e-06 9.080744200531040079e-06 6.979485023230798938e-06 3.796371830480821503e-06 1.395067315507177189e-06 3.264092588251517347e-07 5.035584084065738288e-08 9.001559879239600127e-08 3.110200416074904200e-07 7.695329283928131337e-07 1.267148470610066133e-06 1.488738437276052296e-06 1.296377502377120839e-03 1.167969692591081191e-05 4.259117500478935479e-07 7.424350326832195289e-07 8.216429357466926798e-07 6.315170252402954527e-07 3.435029141994655202e-07 1.262283332031908169e-07 2.953412801346346899e-08 4.556291861837861942e-09
6.886192568606286292e-08 2.925025810700991208e-07 8.590083997550241287e-07 1.654485099910760368e-06 2.234849778554838893e-06 2.236492568465974247e-06 2.304672161188620842e-03 1.267953846177490213e-05 1.539969143151793446e-06 1.865712629518231224e-06 1.612552781264751106e-06 1.006718942329276995e-06 4.316808599147329596e-07 1.193393507009680247e-07 2.208345440472267773e-08 1.335748516838936580e-06 5.673815899618712642e-06 1.666260686864861999e-05 3.209285822782618493e-05 4.335047629472019317e-05 4.338234229564036484e-05 4.470485526562532202e-02 2.459512208783021974e-04 2.987153609848961519e-05 3.619014212713247530e-05 3.127947649501820282e-05 1.952782064533749336e-05 8.373525175691743763e-06 2.314883865230080279e-06 4.283635866105144457e-07 2.766526846484360078e-05 1.175128687056418541e-04 3.451064976184398613e-04 6.646891443144557765e-04 8.978505681671541169e-04 8.985105587711069005e-04 9.259017000687641552e-01 5.094002702661981803e-03 6.186823756148921187e-04 7.495497731094925105e-04 6.478428414970775675e-04 4.044491862622963613e-04 1.734277216574080715e-04 4.794456650274321450e-05 8.872024542604919819e-06 4.293206848701807450e-07 1.823611628344666638e-06 5.355500457151829891e-06 1.031491160208662825e-05 1.393320369641251746e-05 1.394344569418879024e-05 1.436851236419887587e-02 7.905076836021071303e-05 9.600960191426702347e-06 1.163181273099115515e-05 1.005348394696453375e-05 6.276403999548103540e-06 2.691320647477202698e-06 7.440229308787952555e-07 1.376796201221222960e-07 3.884574877386012176e-08 1.650038343649516029e-07 4.845758255969433574e-07 9.333127399635871892e-07 1.260702662322276106e-06 1.261629377681168933e-06 1.300090215132655670e-03 7.152663256907616818e-06 8.687130639809942734e-07 1.052468448542843493e-06 9.096582705394479460e-07 5.679009224617745754e-07 2.435157900053545990e-07 6.732060409259871773e-08 1.245751281739822051e-08
3.954536231777970704e-08 1.898535659435175546e-07 6.190396912872234797e-07 1.312265118956148588e-06 1.930577205988593321e-06 2.077632087334981893e-06 1.621677435984651515e-06 2.315714776229496879e-03 1.621677435984653421e-06 2.077632087334977235e-06 1.930577205988595439e-06 1.312265118956150917e-06 6.190396912872229503e-07 1.898535659435171840e-07 3.954536231777963425e-08 7.670807712326802168e-07 3.682682652265167136e-06 1.200781623899165141e-05 2.545464955970453075e-05 3.744835210241940978e-05 4.030084769697871676e-05 3.145647189396100533e-05 4.491905428076931744e-02 3.145647189396103921e-05 4.030084769697862867e-05 3.744835210241945043e-05 2.545464955970457480e-05 1.200781623899164124e-05 3.682682652265159936e-06 7.670807712326788404e-07 1.588734346536447905e-05 7.627364205265520268e-05 2.486991044649379599e-04 5.272023175546987350e-04 7.756091071178375157e-04 8.346883839603228342e-04 6.515086701819431140e-04 9.303380690290586896e-01 6.515086701819438730e-04 8.346883839603209910e-04 7.756091071178383830e-04 5.272023175546996024e-04 2.486991044649377431e-04 7.627364205265504005e-05 1.588734346536445195e-05 2.465461409125938478e-07 1.183644839203409146e-06 3.859412027436886421e-06 8.181336115547046652e-06 1.203621188359438088e-05 1.295302769645673372e-05 1.011037174053874703e-05 1.443735770950216844e-02 1.011037174053876058e-05 1.295302769645670492e-05 1.203621188359439274e-05 8.181336115547061899e-06 3.859412027436883032e-06 1.183644839203406817e-06 2.465461409125934243e-07 2.230796183033049097e-08 1.070984270768950383e-07 3.492069106289653763e-07 7.402627885845975113e-07 1.089059249871544984e-06 1.172014481225288185e-06 9.148055858572536135e-07 1.306319472380556776e-03 9.148055858572546723e-07 1.172014481225285644e-06 1.089059249871546042e-06 7.402627885845987819e-07 3.492069106289651116e-07 1.070984270768948265e-07 2.230796183033045126e-08
2.208345440472187371e-08 1.193393507009682629e-07 4.316808599147352889e-07 1.006718942329276572e-06 1.612552781264750259e-06 1.865712629518232283e-06 1.539969143151792387e-06 1.267953846177490722e-05 2.304672161188620842e-03 2.236492568465971706e-06 2.234849778554839316e-06 1.654485099910762274e-06 8.590083997550222229e-07 2.925025810700981679e-07 6.886192568606355114e-08 4.283635866104988285e-07 2.314883865230084937e-06 8.373525175691787808e-06 1.952782064533748659e-05 3.127947649501818249e-05 3.619014212713249563e-05 2.987153609848959486e-05 2.459512208783022516e-04 4.470485526562532202e-02 4.338234229564032419e-05 4.335047629472019994e-05 3.209285822782622559e-05 1.666260686864858272e-05 5.673815899618694007e-06 1.335748516838949920e-06 8.872024542604596252e-06 4.794456650274330259e-05 1.734277216574090202e-04 4.044491862622961987e-04 6.478428414970772422e-04 7.495497731094929441e-04 6.186823756148916850e-04 5.094002702661983538e-03 9.259017000687641552e-01 8.985105587711060332e-04 8.978505681671543337e-04 6.646891443144566439e-04 3.451064976184391024e-04 1.175128687056414746e-04 2.766526846484387522e-05 1.376796201221172667e-07 7.440229308787966320e-07 2.691320647477217098e-06 6.276403999548100999e-06 1.005348394696453036e-05 1.163181273099116193e-05 9.600960191426695571e-06 7.905076836021074013e-05 1.436851236419887587e-02 1.394344569418877668e-05 1.393320369641252085e-05 1.031491160208664180e-05 5.355500457151818032e-06 1.823611628344660921e-06 4.293206848701850331e-07 1.245751281739776556e-08 6.732060409259883684e-08 2.435157900053559225e-07 5.679009224617743636e-07 9.096582705394475225e-07 1.052468448542844128e-06 8.687130639809936381e-07 7.152663256907618512e-06 1.300090215132655670e-03 1.261629377681167450e-06 1.260702662322276529e-06 9.333127399635883539e-07 4.845758255969422986e-07 1.650038343649510735e-07 3.884574877386050557e-08
8.076946422642536917e-09 5.235519954333684300e-08 2.237651834468667841e-07 6.089282070028445961e-07 1.119491317177132788e-06 1.456527845846051922e-06 1.316115859807150635e-06 7.550144920968797357e-07 2.070461883564007037e-05 2.298090628899111202e-03 2.639089189154062931e-06 2.246276273996707270e-06 1.364152346153845465e-06 5.513457628718257102e-07 1.595708068523478451e-07 1.566724876939636461e-07 1.015559461082174557e-06 4.340482914636800060e-06 1.181167882341204497e-05 2.171532166193940863e-05 2.825298436603611811e-05 2.552934426696419195e-05 1.464538608182467404e-05 4.016176374082889656e-04 4.457719005866728201e-02 5.119170623094667342e-05 4.357212162611457756e-05 2.646113153187853827e-05 1.069472393756375821e-05 3.095273134758636154e-06 3.244912031319924099e-06 2.103369367711452535e-05 8.989762937163203694e-05 2.446368171484215263e-04 4.497554711868167023e-04 5.851598467570420055e-04 5.287493521223519087e-04 3.033269605897068741e-04 8.318077556552710278e-03 9.232575704443702902e-01 1.060253691618595877e-03 9.024411610218000890e-04 5.480480034111305174e-04 2.215030787309245136e-04 6.410754806433453118e-05 5.035584084065872623e-08 3.264092588251501465e-07 1.395067315507177824e-06 3.796371830480816844e-06 6.979485023230790468e-06 9.080744200531058714e-06 8.205343615815722749e-06 4.707148915812969400e-06 1.290832495596632963e-04 1.432747970468672104e-02 1.645344022597419419e-05 1.400444234970161550e-05 8.504827793925110536e-06 3.437373238667817737e-06 9.948465338517628996e-07 4.556291861837983537e-09 2.953412801346332671e-08 1.262283332031908698e-07 3.435029141994650967e-07 6.315170252402947116e-07 8.216429357466943739e-07 7.424350326832188937e-07 4.259117500478929655e-07 1.167969692591080174e-05 1.296377502377120839e-03 1.488738437276053143e-06 1.267148470610067403e-06 7.695329283928119690e-07 3.110200416074905259e-07 9.001559879239655713e-08
1.999169469718161937e-09 1.592427861221595912e-08 8.395767763433661754e-08 2.783692928255592292e-07 6.109842318210789357e-07 9.245532822853364398e-07 9.385669226415269496e-07 5.409065342048699179e-07 1.413477465896309292e-06 2.868849698200877623e-05 2.291169689363311678e-03 2.926026619554336604e-06 2.179449371184985106e-06 1.101631576689021437e-06 4.219243969830963169e-07 3.877886985414618498e-08 3.088910355915667028e-07 1.628568214728335319e-06 5.399665581825287627e-06 1.185156054432210056e-05 1.793401307394976792e-05 1.820584252302200382e-05 1.049222910359122000e-05 2.741791505023770864e-05 5.564848341412609398e-04 4.444294120303374229e-02 5.675757217594033419e-05 4.227584744518843627e-05 2.136888752390960945e-05 8.184274283261859100e-06 8.031660389315224050e-07 6.397576578447114717e-06 3.372998457852910713e-05 1.118348222426549719e-04 2.454628248152147742e-04 3.714391444858034137e-04 3.770691224273328701e-04 2.173091201571567693e-04 5.678643629761665488e-04 1.152559942163746375e-02 9.204770840089525619e-01 1.175530761865305369e-03 8.755934626958950841e-04 4.425803230858387166e-04 1.695080641168747503e-04 1.246385135704486706e-08 9.928014838022178128e-08 5.234353716218896021e-07 1.735497435658916521e-06 3.809190147341408311e-06 5.764140987855787169e-06 5.851509234028167279e-06 3.372289714555436824e-06 8.812345975825504663e-06 1.788588548679651816e-04 1.428433100572351622e-02 1.824235584090983444e-05 1.358780904476503416e-05 6.868138209420854618e-06 2.630493836347688533e-06 1.127752879451649116e-09 8.983055879023915345e-09 4.736142390046838028e-08 1.570310953073933377e-07 3.446627397890958938e-07 5.215503948500946089e-07 5.294556392541728695e-07 3.051311610664761080e-07 7.973577559831926962e-07 1.618348797771579879e-05 1.292473326363914338e-03 1.650602910627572314e-06 1.229450700004666873e-06 6.214421546168620305e-07 2.380120649179723748e-07
3.563338017089778625e-10 3.342151835833925949e-09 2.213166360867608359e-08 9.195660298218789965e-08 2.478020605121656088e-07 4.469594439815110391e-07 5.194838068474075269e-07 3.253555230010242832e-07 8.566925551963489944e-07 1.850193606985083202e-06 3.682446727096277961e-05 2.283802086064852868e-03 3.127180673226782465e-06 2.059686985038260542e-06 1.118262422290576989e-06 6.911981365468554525e-09 6.482935690933243098e-08 4.292987241634826954e-07 1.783727289402022547e-06 4.806737997827292580e-06 8.669891357776720404e-06 1.007668196329149826e-05 6.311080513130829696e-06 1.661768529691415286e-05 3.588911204229362339e-05 7.143022366934450012e-04 4.430002819151791088e-02 6.065945592624460324e-05 3.995275775411759062e-05 2.169148418563136342e-05 1.431570521614445255e-07 1.342709005991811446e-06 8.891392583166662201e-06 3.694355165458513288e-05 9.955444117935819889e-05 1.795658905476754988e-04 2.087025426081164873e-04 1.307115332698963292e-04 3.441761074093324245e-04 7.433150081009038800e-04 1.479422428252280368e-02 9.175171504729145999e-01 1.256344373192559705e-03 8.274789417653544837e-04 4.492617628478046262e-04 2.221568308872545309e-09 2.083669460017376599e-08 1.379801811106819178e-07 5.733047889283532811e-07 1.544925577834323377e-06 2.786575203751155248e-06 3.238729406892498453e-06 2.028433776277130174e-06 5.341062290311768044e-06 1.153505915757496413e-05 2.295826808681451607e-04 1.423839757498609332e-02 1.949645373646935061e-05 1.284114869320003032e-05 6.971823460050944665e-06 2.010117086171316568e-10 1.885343595687106689e-09 1.248470814495701339e-08 5.187370323956302615e-08 1.397877926357309111e-07 2.521346026854432937e-07 2.930463714430671702e-07 1.835365302780609055e-07 4.832694329128971339e-07 1.043714001952330076e-06 2.077307583381409449e-05 1.288317182545018359e-03 1.764076063693706925e-06 1.161891457092654262e-06 6.308237924914712513e-07
5.250213939069525243e-11 4.934321465861891994e-10 3.980861265270185718e-09 2.091423921998222325e-08 7.044129971989923237e-08 1.541652268917490378e-07 2.080785610770385621e-07 1.429317985444273373e-07 4.154906090002998587e-07 9.425703086923391691e-07 2.142083261749134519e-06 4.495687673897140186e-05 2.276266061327458616e-03 3.263859743701869684e-06 2.707957254544705185e-06 1.018409725306099134e-09 9.571345143148562396e-09 7.721871669793328476e-08 4.056837467233369143e-07 1.366384408911554556e-06 2.990418451374643843e-06 4.036201813637161168e-06 2.772518137021565213e-06 8.059474945020061700e-06 1.828349816402288520e-05 4.155103871000256563e-05 8.720505682568476923e-04 4.415384822681975990e-02 6.331068683289020605e-05 5.252757384264396929e-05 2.109272673906934795e-08 1.982362919492655351e-07 1.599310424850440556e-06 8.402292514974982098e-06 2.829978174946598104e-05 6.193585711424522903e-05 8.359553115343259936e-05 5.742282893629322343e-05 1.669232907458626349e-04 3.786774821814451147e-04 8.605816337536970019e-04 1.806141858411971016e-02 9.144895536486813414e-01 1.311255169551306908e-03 1.087921426708846583e-03 3.273253574569286481e-10 3.076309949203484713e-09 2.481873789836337312e-08 1.303901309178582821e-07 4.391673154300642324e-07 9.611453663679365265e-07 1.297268838453005174e-06 8.911103927092148991e-07 2.590382290880949557e-06 5.876468403032096860e-06 1.335484948788206037e-05 2.802843068779568045e-04 1.419141411831939537e-02 2.034858140439572974e-05 1.688279918892255141e-05 2.961701835291413429e-11 2.783503512611328829e-10 2.245646415978379147e-09 1.179794602665709811e-08 3.973669055812077637e-08 8.696625332268464315e-08 1.173793417522867944e-07 8.062935624782494724e-08 2.343826963060142078e-07 5.317139921425833489e-07 1.208372078032650454e-06 2.536065499273329032e-05 1.284066030391112527e-03 1.841178189163232376e-06 1.527587649522932073e-06
7.722624800438082617e-12 5.842358939743033871e-11 4.966287939955715175e-10 3.172349277824072249e-09 1.333706790845282043e-08 3.572216564974836294e-08 5.649793488762952866e-08 4.282414179765405198e-08 1.388525651072287228e-07 3.753064335335273872e-07 9.170037430206634657e-07 2.388689871934376754e-06 5.303829819390617508e-05 2.268685852073648937e-03 5.599837849442398235e-06 1.497995375603696544e-10 1.133270992766023541e-09 9.633352079396695193e-09 6.153561348352194360e-08 2.587056417636843580e-07 6.929203519875353741e-07 1.095918128613820075e-06 8.306808634992039279e-07 2.693391247099567905e-06 7.280002802099717344e-06 1.778757096134348263e-05 4.633458797203378663e-05 1.028809860345077185e-03 4.400681119340501407e-02 1.086227988457940302e-04 3.102563371976971182e-09 2.347166840393527224e-08 1.995205445734396284e-07 1.274490853412460361e-06 5.358165060665372858e-06 1.435137476914793578e-05 2.269803698928317965e-05 1.720459263671756604e-05 5.578399750591242181e-05 1.507793041923230514e-04 3.684061182022336958e-04 9.596558029409314218e-04 2.130812845900151992e-02 9.114442057015097465e-01 2.249734028215990504e-03 4.814681749439588809e-11 3.642427243035337410e-10 3.096239494324559442e-09 1.977805806378289659e-08 8.315014533170322074e-08 2.227103652563111252e-07 3.522372030414648581e-07 2.669877396308075524e-07 8.656783520633067767e-07 2.339853460029071000e-06 5.717073274670710445e-06 1.489232201313370143e-05 3.306680473730236889e-04 1.414415519263757109e-02 3.491227113869613784e-05 4.356415245200082764e-12 3.295737163300195045e-11 2.801536142536548206e-10 1.789556156635796507e-09 7.523582650209381131e-09 2.015125569991417508e-08 3.187108932869932085e-08 2.415755640223867288e-08 7.832821703754841934e-08 2.117143731460813292e-07 5.172916190068098191e-07 1.347485504353343765e-06 2.991947126814883636e-05 1.279789953278933148e-03 3.158928422441996110e-06
9.226649813249534245e-13 5.842337447757776363e-12 4.035041055310824206e-11 2.627414872603780530e-10 1.305742564793639770e-09 4.268955265598063588e-09 8.002676896925505487e-09 6.762293035810654990e-09 2.488073253605487592e-08 8.271160355004523183e-08 2.641240495485379367e-07 7.701406667831549833e-07 2.432179163576789302e-06 5.642356389801850828e-05 2.271277707526446650e-03 1.789738477489992503e-11 1.133266823860326245e-10 7.826966863499296160e-10 5.096525379207298419e-09 2.532812838037689503e-08 8.280701719656490467e-08 1.552318453094458487e-07 1.311715117319541820e-07 4.826237612699810061e-07 1.604397505103516951e-06 5.123343617405664270e-06 1.493879590447109811e-05 4.717817107301415438e-05 1.094475518084430310e-03 4.405708668370597603e-02 3.706805198541080836e-10 2.347158205991627174e-09 1.621077147490125274e-08 1.055563536670279034e-07 5.245818823841090605e-07 1.715052146894594851e-06 3.215074260342018508e-06 2.716750227499195851e-06 9.995830618359259680e-06 3.322937449936626784e-05 1.061117978619184886e-04 3.094038990338872450e-04 9.771276194294547211e-04 2.266815845520086387e-02 9.124854832465294496e-01 5.752368347844984388e-12 3.642413843825632120e-11 2.515652259338355940e-10 1.638065652835284147e-09 8.140671156032011263e-09 2.661486416546234091e-08 4.989280639414639351e-08 4.215961503404004527e-08 1.551192916263854679e-07 5.156667044819981887e-07 1.646685257682445800e-06 4.801453273570598569e-06 1.516345663921951166e-05 3.517735360168184906e-04 1.416031415344201454e-02 5.204851840825233782e-13 3.295725039441449540e-12 2.276209815005791098e-11 1.482152830450501470e-10 7.365833460212885369e-10 2.408163322795844816e-09 4.514395628051110174e-09 3.814681825801603016e-09 1.403548732882458192e-08 4.665850018246671969e-08 1.489952012186271509e-07 4.344445869663861667e-07 1.372018278896943490e-06 3.182913585804466591e-05 1.281252046660354485e-03
1.492639734595294565e-03 3.708047376266433687e-05 1.598381056257170336e-06 5.061215353186265753e-07 1.735772115897356955e-07 5.435646445248880164e-08 1.635113570044271754e-08 4.444048056641855385e-09 5.259204314776937188e-09 2.805474748211702203e-09 8.581087327652226797e-10 1.726686184225676719e-10 2.651750858033088476e-11 3.839471055308508924e-12 6.063575620607698813e-13 2.784137333713725473e-02 6.916413181404228606e-04 2.981370701238194931e-05 9.440401653645890816e-06 3.237638553149858886e-06 1.013880700769964194e-06 3.049885802789844003e-07 8.289234046599474040e-08 9.809699379581918720e-08 5.232894987486779842e-08 1.600582179279312336e-08 3.220691073465114160e-09 4.946162421141136844e-10 7.161550412361207080e-11 1.131004814481071433e-11 9.287054064844298962e-01 2.307109723816069824e-02 9.944965916178064892e-04 3.149037207669217906e-04 1.079979924891834244e-04 3.382004461250137428e-05 1.017351191664410726e-05 2.765041932907502480e-06 3.272223945092731604e-06 1.745538126871707100e-06 5.339066092104536229e-07 1.074326749734517959e-07 1.649892670968440810e-08 2.388880212995458017e-09 3.772695668598412716e-10 1.488749851772840256e-02 3.698384046623332021e-04 1.594215607039676009e-05 5.048025610070899341e-06 1.731248619717513471e-06 5.421480918734847582e-07 1.630852394328886030e-07 4.432466677828849533e-08 5.245498603981709090e-08 2.798163561339903718e-08 8.558724648018171025e-09 1.722186366371363986e-09 2.644840282176759123e-10 3.829465229951457899e-11 6.047773683876027120e-12 1.328495763973375947e-03 3.300277433200040218e-05 1.422608827326092105e-06 4.504638997224618569e-07 1.544891141342936504e-07 4.837894308721453333e-08 1.455301906463161236e-08 3.955340918043808506e-09 4.680855327723155984e-09 2.496959736867820339e-09 7.637434473203616973e-10 1.536804379709961917e-10 2.360140695949572077e-11 3.417248592982633270e-12 5.396770794590742143e-13
3.680105014754571580e-06 1.490936417373294994e-03 3.485574268492089094e-05 1.569800735797117515e-06 6.026371055681798365e-07 2.466441217139776870e-07 9.125121742829329675e-08 2.814319686020978111e-08 3.712934893712157777e-08 2.347591563899054202e-08 8.764862807037300612e-09 2.084806524717245770e-09 3.263748280556977428e-10 3.839485179819471583e-11 5.075159498937814537e-12 6.864293858787914144e-05 2.780960231457224249e-02 6.501446548300488697e-04 2.928061429511009093e-05 1.124065255269694765e-05 4.600514722268884762e-06 1.702057873046124699e-06 5.249392954811666720e-07 6.925529594075306105e-07 4.378831117700939369e-07 1.634860790609182201e-07 3.888672895746687488e-08 6.087686951604822159e-09 7.161576758020767350e-10 9.466410888073886960e-11 2.289724267965904600e-03 9.276456196675809673e-01 2.168689197282621869e-02 9.767142041366737651e-04 3.749547363088541539e-04 1.534594879155355522e-04 5.677558824797036526e-05 1.751041358075531602e-05 2.310150687935494057e-05 1.460647822162808459e-05 5.453409344081853210e-06 1.297145617997287937e-06 2.030671302194263694e-07 2.388889001123893380e-08 3.157713114686915206e-09 3.670514504097555601e-05 1.487050973468182630e-02 3.476490713258265433e-04 1.565709768113941817e-05 6.010666075633422009e-06 2.460013566112687604e-06 9.101341286301511174e-07 2.806985448863934877e-07 3.703258826990097565e-07 2.341473640138284307e-07 8.742021200664341113e-08 2.079373429978656800e-08 3.255242813310525214e-09 3.829479317653342643e-10 5.061933416783778855e-11 3.275407862838518095e-06 1.326979758696494567e-03 3.102269451484114743e-05 1.397171453669094658e-06 5.363657575265965108e-07 2.195209355020918025e-07 8.121642014559518868e-08 2.504832006471722457e-08 3.304627475660052506e-08 2.089429469077566694e-08 7.801000362699009893e-09 1.855542615272709817e-09 2.904837426541467488e-10 3.417261164236464824e-11 4.517049720411069206e-12
1.779617078230824087e-06 2.144945431134030413e-06 1.495917984132520738e-03 2.954478897121394309e-05 1.407735646197292833e-06 6.194389575267536120e-07 2.730523838145942209e-07 9.393201066413368561e-08 1.367452016773625194e-07 1.013144022806998421e-07 4.629265834382079783e-08 1.374443308941478603e-08 2.616144949058538131e-09 3.242740532701401166e-10 3.450338949988514365e-11 3.319420106795136573e-05 4.000846631098227348e-05 2.790252069047564204e-02 5.510824084671233454e-04 2.625770490854689083e-05 1.155404809101202099e-05 5.093093250956912884e-06 1.752061208471830195e-06 2.550631692110107467e-06 1.889760826372929847e-06 8.634710398275095251e-07 2.563672157993657126e-07 4.879748712475036052e-08 6.048502375617493514e-09 6.435724081292937850e-10 1.107259818775429379e-03 1.334563439749482036e-03 9.307451003224426200e-01 1.838247007302631561e-02 8.758789379801359097e-04 3.854086793409343165e-04 1.698904425660562186e-04 5.844355079384678001e-05 8.508148695572763387e-05 6.303680048979516117e-05 2.880282568392137095e-05 8.551647811160478335e-06 1.627739033087145002e-06 2.017600493103933910e-07 2.146766137059155737e-08 1.774979320208769712e-05 2.139355611839870676e-05 1.492019558051926528e-02 2.946779399081210851e-04 1.404067027051103449e-05 6.178246731789664032e-06 2.723407976543084673e-06 9.368721983732369454e-07 1.363888378484161874e-06 1.010503726264137132e-06 4.617201770139129808e-07 1.370861451046386228e-07 2.609327163719899177e-08 3.234289812542023823e-09 3.441347219497804210e-10 1.583914520783774129e-06 1.909068111461079537e-06 1.331413507969139015e-03 2.629578061338899369e-05 1.252928485971528573e-06 5.513199280719256899e-07 2.430251096986068534e-07 8.360240946060432519e-08 1.217074803527971238e-07 9.017296748829868726e-08 4.120190497910557666e-08 1.223297270888597680e-08 2.328450330117298947e-09 2.886139877903368572e-10 3.070908922691181788e-11
7.349004129633757369e-07 1.353586408438383258e-06 2.055122592296394008e-06 1.500870513683025221e-03 2.420032692250740177e-05 1.215911416436942358e-06 5.630017606304325183e-07 2.138173504244247449e-07 3.413947000006990316e-07 2.937330928880496873e-07 1.628507164092530566e-07 6.043209908448361860e-08 1.454450082679883228e-08 2.196397478249798246e-09 2.341756754127677046e-10 1.370768597988399506e-05 2.524768949127946052e-05 3.833305118413105099e-05 2.799489745158081216e-02 4.513951498905960260e-04 2.267971494078367263e-05 1.050135665283452379e-05 3.988215334987022217e-06 6.367844214341872579e-06 5.478838939515115324e-06 3.037563243617922931e-06 1.127206112206416342e-06 2.712904313987062080e-07 4.096817254116545419e-08 4.367947773687581293e-09 4.572476337914036719e-04 8.421878277288431412e-04 1.278676574271584137e-03 9.338265143185495720e-01 1.505719962474204136e-02 7.565278345998877919e-04 3.502940239625212211e-04 1.330350015056909604e-04 2.124123432381649803e-04 1.827577714206355666e-04 1.013240752432082104e-04 3.760024327650618464e-05 9.049441897731400205e-06 1.366576385153257656e-06 1.457017462301086713e-07 7.329852311372829412e-06 1.350058904515730411e-05 2.049766855151972101e-05 1.496959181099153692e-02 2.413725983819240133e-04 1.212742699416484152e-05 5.615345540252956087e-06 2.132601332880444042e-06 3.405050108490366519e-06 2.929676119177059496e-06 1.624263204952875845e-06 6.027461045631351606e-07 1.450659723719442252e-07 2.190673572725976589e-08 2.335654036130076967e-09 6.540842126441452866e-07 1.204733981083446302e-06 1.829122992663731164e-06 1.335821413223370942e-03 2.153904325214744359e-05 1.082198958438766899e-06 5.010890684280728787e-07 1.903040886017122570e-07 3.038518955927839408e-07 2.614315836542934629e-07 1.449421999799443371e-07 5.378644677680611982e-08 1.294505786605530158e-08 1.954862032831924952e-09 2.084236307000204159e-10
2.772805447106681271e-07 7.239709432281095956e-07 1.432291929863695441e-06 1.922928042818158989e-06 1.505712359924712843e-03 1.885352477121726836e-05 9.289100238867772702e-07 3.554733016490962792e-07 6.168080097247456422e-07 6.075985166043467099e-07 4.015270077301653416e-07 1.829389096655777991e-07 5.517536021512509850e-08 1.046512758989952986e-08 1.313815469064918228e-09 5.171958769078065553e-06 1.350382469961398296e-05 2.671573952030424753e-05 3.586730025987597758e-05 2.808520969889103866e-02 3.516642426906487319e-04 1.732643863902829759e-05 6.630444489192614443e-06 1.150497449455836325e-05 1.133319497518201410e-05 7.489458486236904532e-06 3.412257066350399565e-06 1.029155104983743654e-06 1.952001661875675789e-07 2.450586442431813492e-08 1.725211616824373466e-04 4.504474278221436297e-04 8.911576103051337475e-04 1.196426457272322221e-03 9.368390622748994367e-01 1.173047318820370777e-02 5.779584593164631716e-04 2.211719073604159291e-04 3.837717301218612808e-04 3.780416762758710453e-04 2.498260593535827343e-04 1.138227467251858445e-04 3.432955330671667686e-05 6.511296964048878272e-06 8.174427498905423421e-07 2.765579397827192844e-06 7.220842440663840230e-06 1.428559315994731691e-05 1.917916810308927655e-05 1.501788409282988485e-02 1.880439168139626000e-04 9.264892447384166113e-06 3.545469230609630533e-06 6.152005817391633263e-06 6.060150889507014501e-06 4.004806112193927674e-06 1.824621630630497629e-06 5.503157087269430136e-07 1.043785502097131485e-07 1.310391609906850113e-08 2.467883043326791155e-07 6.443566448263737969e-07 1.274784341791010514e-06 1.711465734229685526e-06 1.340130806892055916e-03 1.678022312686208823e-05 8.267587973467589865e-07 3.163822887071247231e-07 5.489783027425221223e-07 5.407815675791579528e-07 3.573715187443136628e-07 1.628213164394440356e-07 4.910778577214616851e-08 9.314288873860091093e-09 1.169336608722046911e-09
1.048668447719842252e-07 3.623337606124323727e-07 8.964945101883444505e-07 1.476209276538724948e-06 1.734358319028392720e-06 1.510260667389552074e-03 1.360667463133929226e-05 4.961809061765587150e-07 8.649258614080464466e-07 9.572019000802824496e-07 7.357080188898729869e-07 4.001758280268475374e-07 1.470541461860887062e-07 3.440682347741505096e-08 5.308012809126235121e-09 1.956022547380494124e-06 6.758408789509286997e-06 1.672181020935711905e-05 2.753490520135688560e-05 3.235001476999506208e-05 2.817004673173005222e-02 2.537976844029178527e-04 9.254984663373032742e-06 1.613297787689911547e-05 1.785415116687749667e-05 1.372274980110472085e-05 7.464255687668880453e-06 2.742918662721335551e-06 6.417712161732179459e-07 9.900739131620331188e-08 6.524709442168982103e-05 2.254404158173091161e-04 5.577898532369344976e-04 9.184825409968719540e-04 1.079100274722107631e-03 9.396689733613110551e-01 8.465935886281058045e-03 3.087187614534822253e-04 5.381481579784199625e-04 5.955613796806462834e-04 4.577501180633034776e-04 2.489853689535354909e-04 9.149560838000943318e-05 2.140757896418624492e-05 3.302592098595524588e-06 1.045935573010231724e-06 3.613895033755823079e-06 8.941582072514861617e-06 1.472362212190868428e-05 1.729838507263500567e-05 1.506324863664549457e-02 1.357121505680671197e-04 4.948878375686207830e-06 8.626718277165877898e-06 9.547073910956661933e-06 7.337907324082842755e-06 3.991329527480213760e-06 1.466709168079862590e-06 3.431715782768189187e-07 5.294179901312625516e-08 9.333475173673283800e-08 3.224883104486512054e-07 7.979079824868254776e-07 1.313872145545977636e-06 1.543632818180283516e-06 1.344178941924402317e-03 1.211036339884076461e-05 4.416164307717253391e-07 7.698109037296663440e-07 8.519394466399531839e-07 6.548030070239574428e-07 3.561689268056023034e-07 1.308827614293072687e-07 3.062314246506304389e-08 4.724296404954389182e-09
4.525472430744972794e-08 1.922270330616660949e-07 5.645236888367330395e-07 1.087295574750368476e-06 1.468700004965643636e-06 1.469779614688764258e-06 1.514585922983480810e-03 8.332747185277495855e-06 1.012037905141228317e-06 1.226110217577942549e-06 1.059738466798602971e-06 6.615961975547768453e-07 2.836923032519539843e-07 7.842751072085427585e-08 1.451281867135075245e-08 8.441110373190918257e-07 3.585503232239187800e-06 1.052974432763766051e-05 2.028071564947984414e-05 2.739483896265877008e-05 2.741497631842061195e-05 2.825072330289326097e-02 1.554260682817693842e-04 1.887697647015329459e-05 2.286994746881884286e-05 1.976670834229468781e-05 1.234038348814771309e-05 5.291553711620526795e-06 1.462864450994712302e-06 2.706994818899191042e-07 2.815703358231061291e-05 1.196017235366134850e-04 3.512409523610579131e-04 6.765043535378264822e-04 9.138103478701283542e-04 9.144820701642070084e-04 9.423601038205960956e-01 5.184551357219055467e-03 6.296797896289891075e-04 7.628734259303199434e-04 6.593585985718308524e-04 4.116384894076631365e-04 1.765104932567970633e-04 4.879680711656874797e-05 9.029729579767621875e-06 4.513678856539594651e-07 1.917260812133483907e-06 5.630525160217670871e-06 1.084462036099932572e-05 1.464872510099842233e-05 1.465949306313969768e-05 1.510638847457890406e-02 8.311031690648341822e-05 1.009400491188189594e-05 1.222914922046643201e-05 1.056976743147040242e-05 6.598720496411028504e-06 2.829529890077291734e-06 7.822312528229858665e-07 1.447499764679495868e-07 4.027811142152845163e-08 1.710880349924717542e-07 5.024436318423250660e-07 9.677268611869734101e-07 1.307188660412795476e-06 1.308149546627109913e-06 1.348028553857850021e-03 7.416404026590973872e-06 9.007451957756890059e-07 1.091276208494085459e-06 9.432001784699255536e-07 5.888411821963999117e-07 2.524949687502841312e-07 6.980292253835857842e-08 1.291685976283534825e-08
2.598844646732753633e-08 1.247680877344245431e-07 4.068208997274963933e-07 8.623952290759500009e-07 1.268737961374538679e-06 1.365379582228055502e-06 1.065735013215737678e-06 1.521842915789438453e-03 1.065735013215739161e-06 1.365379582228052537e-06 1.268737961374539949e-06 8.623952290759514832e-07 4.068208997274960757e-07 1.247680877344243048e-07 2.598844646732749001e-08 4.847479427078576473e-07 2.327229290942500423e-06 7.588202489956020322e-06 1.608577540874558715e-05 2.366505890934514955e-05 2.546766095974437643e-05 1.987855856553572131e-05 2.838608392698274696e-02 1.987855856553574842e-05 2.546766095974431883e-05 2.366505890934517326e-05 1.608577540874561425e-05 7.588202489956013546e-06 2.327229290942495764e-06 4.847479427078568003e-07 1.616974959257817777e-05 7.762944731409070057e-05 2.531198656253278736e-04 5.365736240341796234e-04 7.893959787021485397e-04 8.495254216600731318e-04 6.630895893452595042e-04 9.468753316398118569e-01 6.630895893452602632e-04 8.495254216600712886e-04 7.893959787021492987e-04 5.365736240341804908e-04 2.531198656253276567e-04 7.762944731409055150e-05 1.616974959257815066e-05 2.592071946719984478e-07 1.244429367753418456e-06 4.057607071083480859e-06 8.601477903203023350e-06 1.265431576124460280e-05 1.361821344791425314e-05 1.062957662308406999e-05 1.517876928231021681e-02 1.062957662308408354e-05 1.361821344791422265e-05 1.265431576124461635e-05 8.601477903203038597e-06 4.057607071083477471e-06 1.244429367753415915e-06 2.592071946719979713e-07 2.313052523250329255e-08 1.110474766231404551e-07 3.620832471878109178e-07 7.675585622868896328e-07 1.129216225598664690e-06 1.215230272358734908e-06 9.485372911897563067e-07 1.354487503045956592e-03 9.485372911897574714e-07 1.215230272358732155e-06 1.129216225598665960e-06 7.675585622868910093e-07 3.620832471878106002e-07 1.110474766231402302e-07 2.313052523250324954e-08
1.451281867135022305e-08 7.842751072085442143e-08 2.836923032519555195e-07 6.615961975547766336e-07 1.059738466798602547e-06 1.226110217577943185e-06 1.012037905141227470e-06 8.332747185277499243e-06 1.514585922983480810e-03 1.469779614688762775e-06 1.468700004965643848e-06 1.087295574750369746e-06 5.645236888367317689e-07 1.922270330616654597e-07 4.525472430745017792e-08 2.706994818899092045e-07 1.462864450994715054e-06 5.291553711620555594e-06 1.234038348814770801e-05 1.976670834229467765e-05 2.286994746881885641e-05 1.887697647015328104e-05 1.554260682817694384e-04 2.825072330289326097e-02 2.741497631842058485e-05 2.739483896265877685e-05 2.028071564947987125e-05 1.052974432763763849e-05 3.585503232239175942e-06 8.441110373191002961e-07 9.029729579767293226e-06 4.879680711656883606e-05 1.765104932567980120e-04 4.116384894076629739e-04 6.593585985718306355e-04 7.628734259303203771e-04 6.296797896289886738e-04 5.184551357219057202e-03 9.423601038205960956e-01 9.144820701642061411e-04 9.138103478701285710e-04 6.765043535378273496e-04 3.512409523610571000e-04 1.196017235366130920e-04 2.815703358231089074e-05 1.447499764679443193e-07 7.822312528229873488e-07 2.829529890077306981e-06 6.598720496411025963e-06 1.056976743147039903e-05 1.222914922046643878e-05 1.009400491188188917e-05 8.311031690648344533e-05 1.510638847457890406e-02 1.465949306313968244e-05 1.464872510099842571e-05 1.084462036099933758e-05 5.630525160217658165e-06 1.917260812133477978e-06 4.513678856539639650e-07 1.291685976283487676e-08 6.980292253835869753e-08 2.524949687502855076e-07 5.888411821963997000e-07 9.432001784699251301e-07 1.091276208494086095e-06 9.007451957756883706e-07 7.416404026590976413e-06 1.348028553857850021e-03 1.308149546627108431e-06 1.307188660412795899e-06 9.677268611869746807e-07 5.024436318423240072e-07 1.710880349924711983e-07 4.027811142152885529e-08
5.308012809126376569e-09 3.440682347741488552e-08 1.470541461860887856e-07 4.001758280268470080e-07 7.357080188898721399e-07 9.572019000802843554e-07 8.649258614080457054e-07 4.961809061765580797e-07 1.360667463133927871e-05 1.510260667389552074e-03 1.734358319028393779e-06 1.476209276538726430e-06 8.964945101883430741e-07 3.623337606124325845e-07 1.048668447719848605e-07 9.900739131620594562e-08 6.417712161732148754e-07 2.742918662721336822e-06 7.464255687668871136e-06 1.372274980110470391e-05 1.785415116687753056e-05 1.613297787689910531e-05 9.254984663373019190e-06 2.537976844029176358e-04 2.817004673173005222e-02 3.235001476999507564e-05 2.753490520135690932e-05 1.672181020935709195e-05 6.758408789509290385e-06 1.956022547380506406e-06 3.302592098595612679e-06 2.140757896418613989e-05 9.149560838000947384e-05 2.489853689535351656e-04 4.577501180633029897e-04 5.955613796806474760e-04 5.381481579784195288e-04 3.087187614534817916e-04 8.465935886281049372e-03 9.396689733613110551e-01 1.079100274722108064e-03 9.184825409968728213e-04 5.577898532369337387e-04 2.254404158173092245e-04 6.524709442169021405e-05 5.294179901312766467e-08 3.431715782768172247e-07 1.466709168079863225e-06 3.991329527480208678e-06 7.337907324082834285e-06 9.547073910956682262e-06 8.626718277165871122e-06 4.948878375686201054e-06 1.357121505680669842e-04 1.506324863664549457e-02 1.729838507263501584e-05 1.472362212190869614e-05 8.941582072514848065e-06 3.613895033755824773e-06 1.045935573010238076e-06 4.724296404954514914e-09 3.062314246506289169e-08 1.308827614293073216e-07 3.561689268056018799e-07 6.548030070239568076e-07 8.519394466399549839e-07 7.698109037296657088e-07 4.416164307717247568e-07 1.211036339884075275e-05 1.344178941924402317e-03 1.543632818180284363e-06 1.313872145545978695e-06 7.979079824868243129e-07 3.224883104486513642e-07 9.333475173673340710e-08
1.313815469065174654e-09 1.046512758989987397e-08 5.517536021512434411e-08 1.829389096655783815e-07 4.015270077301660298e-07 6.075985166043479804e-07 6.168080097247459598e-07 3.554733016490968616e-07 9.289100238867774820e-07 1.885352477121729546e-05 1.505712359924712843e-03 1.922928042818162377e-06 1.432291929863692688e-06 7.239709432281082191e-07 2.772805447106672272e-07 2.450586442432291933e-08 1.952001661875739846e-07 1.029155104983729467e-06 3.412257066350410153e-06 7.489458486236917238e-06 1.133319497518203782e-05 1.150497449455837002e-05 6.630444489192625454e-06 1.732643863902829759e-05 3.516642426906492198e-04 2.808520969889103866e-02 3.586730025987603857e-05 2.671573952030419332e-05 1.350382469961395755e-05 5.171958769078048613e-06 8.174427498907019019e-07 6.511296964049092571e-06 3.432955330671620252e-05 1.138227467251861968e-04 2.498260593535831138e-04 3.780416762758718584e-04 3.837717301218614976e-04 2.211719073604163086e-04 5.779584593164632800e-04 1.173047318820372338e-02 9.368390622748994367e-01 1.196426457272324172e-03 8.911576103051320127e-04 4.504474278221428166e-04 1.725211616824367774e-04 1.310391609907105877e-08 1.043785502097165764e-07 5.503157087269353903e-07 1.824621630630503347e-06 4.004806112193933603e-06 6.060150889507026360e-06 6.152005817391636651e-06 3.545469230609636462e-06 9.264892447384167807e-06 1.880439168139628710e-04 1.501788409282988485e-02 1.917916810308931044e-05 1.428559315994728812e-05 7.220842440663827525e-06 2.765579397827183950e-06 1.169336608722275213e-09 9.314288873860397150e-09 4.910778577214549354e-08 1.628213164394445385e-07 3.573715187443142451e-07 5.407815675791590116e-07 5.489783027425224400e-07 3.163822887071252525e-07 8.267587973467590923e-07 1.678022312686211194e-05 1.340130806892055916e-03 1.711465734229688490e-06 1.274784341791007973e-06 6.443566448263726322e-07 2.467883043326782685e-07
2.341756754128790121e-10 2.196397478249911983e-09 1.454450082679815068e-08 6.043209908448397595e-08 1.628507164092522889e-07 2.937330928880500579e-07 3.413947000006994551e-07 2.138173504244229185e-07 5.630017606304330477e-07 1.215911416436939181e-06 2.420032692250733401e-05 1.500870513683025221e-03 2.055122592296392738e-06 1.353586408438385164e-06 7.349004129633772192e-07 4.367947773689656689e-09 4.096817254116757177e-08 2.712904313986934496e-07 1.127206112206422907e-06 3.037563243617908531e-06 5.478838939515122101e-06 6.367844214341880203e-06 3.988215334986987489e-06 1.050135665283453396e-05 2.267971494078361503e-05 4.513951498905947250e-04 2.799489745158081563e-02 3.833305118413103067e-05 2.524768949127949779e-05 1.370768597988402216e-05 1.457017462301778898e-07 1.366576385153328383e-06 9.049441897730976689e-06 3.760024327650640825e-05 1.013240752432077361e-04 1.827577714206357834e-04 2.124123432381652514e-04 1.330350015056898220e-04 3.502940239625216006e-04 7.565278345998857320e-04 1.505719962474199800e-02 9.338265143185496830e-01 1.278676574271583486e-03 8.421878277288444422e-04 4.572476337914045934e-04 2.335654036131187043e-09 2.190673572726089747e-08 1.450659723719373960e-07 6.027461045631387605e-07 1.624263204952868221e-06 2.929676119177063307e-06 3.405050108490370331e-06 2.132601332880425831e-06 5.615345540252962016e-06 1.212742699416480933e-05 2.413725983819233357e-04 1.496959181099153866e-02 2.049766855151971084e-05 1.350058904515732444e-05 7.329852311372843811e-06 2.084236307001194708e-10 1.954862032832025868e-09 1.294505786605469278e-08 5.378644677680643084e-08 1.449421999799436488e-07 2.614315836542938335e-07 3.038518955927843114e-07 1.903040886017106159e-07 5.010890684280734080e-07 1.082198958438764147e-06 2.153904325214738260e-05 1.335821413223371159e-03 1.829122992663730317e-06 1.204733981083448207e-06 6.540842126441466631e-07
3.450338950015870132e-11 3.242740532699126420e-10 2.616144949058102207e-09 1.374443308941483897e-08 4.629265834382064563e-08 1.013144022807013906e-07 1.367452016773625724e-07 9.393201066413318269e-08 2.730523838145950680e-07 6.194389575267541414e-07 1.407735646197294315e-06 2.954478897121403118e-05 1.495917984132520522e-03 2.144945431134029990e-06 1.779617078230820698e-06 6.435724081343964554e-10 6.048502375613250904e-09 4.879748712474223430e-08 2.563672157993667184e-07 8.634710398275067723e-07 1.889760826372958858e-06 2.550631692110108314e-06 1.752061208471820878e-06 5.093093250956928131e-06 1.155404809101203285e-05 2.625770490854691455e-05 5.510824084671249717e-04 2.790252069047563857e-02 4.000846631098226670e-05 3.319420106795130474e-05 2.146766137076176467e-08 2.017600493102518571e-07 1.627739033086873951e-06 8.551647811160510522e-06 2.880282568392127608e-05 6.303680048979613695e-05 8.508148695572766097e-05 5.844355079384646831e-05 1.698904425660567336e-04 3.854086793409346417e-04 8.758789379801366686e-04 1.838247007302637112e-02 9.307451003224425090e-01 1.334563439749481819e-03 1.107259818775427210e-03 3.441347219525089280e-10 3.234289812539755280e-09 2.609327163719464411e-08 1.370861451046391522e-07 4.617201770139114984e-07 1.010503726264152590e-06 1.363888378484162297e-06 9.368721983732319691e-07 2.723407976543093143e-06 6.178246731789669962e-06 1.404067027051104635e-05 2.946779399081219525e-04 1.492019558051926355e-02 2.139355611839870337e-05 1.774979320208766324e-05 3.070908922715529332e-11 2.886139877901344047e-10 2.328450330116911413e-09 1.223297270888602312e-08 4.120190497910544431e-08 9.017296748830007692e-08 1.217074803527971502e-07 8.360240946060387521e-08 2.430251096986075945e-07 5.513199280719262193e-07 1.252928485971529843e-06 2.629578061338907501e-05 1.331413507969138798e-03 1.909068111461079114e-06 1.583914520783771165e-06
5.075159499125546570e-12 3.839485179787046103e-11 3.263748280562470941e-10 2.084806524716776345e-09 8.764862807037715857e-09 2.347591563899003579e-08 3.712934893712094911e-08 2.814319686020927157e-08 9.125121742829259530e-08 2.466441217139749871e-07 6.026371055681738014e-07 1.569800735797113280e-06 3.485574268492061989e-05 1.490936417373295211e-03 3.680105014754590639e-06 9.466410888424054486e-11 7.161576757960285972e-10 6.087686951615068445e-09 3.888672895745812000e-08 1.634860790609259493e-07 4.378831117700845666e-07 6.925529594075188580e-07 5.249392954811571429e-07 1.702057873046111781e-06 4.600514722268834787e-06 1.124065255269683415e-05 2.928061429511000962e-05 6.501446548300436655e-04 2.780960231457224596e-02 6.864293858787950736e-05 3.157713114803720553e-09 2.388889001103718776e-08 2.030671302197681472e-07 1.297145617996995923e-06 5.453409344082111556e-06 1.460647822162777119e-05 2.310150687935455093e-05 1.751041358075499754e-05 5.677558824796993158e-05 1.534594879155338717e-04 3.749547363088504134e-04 9.767142041366711630e-04 2.168689197282604522e-02 9.276456196675810784e-01 2.289724267965916743e-03 5.061933416971022819e-11 3.829479317621001949e-10 3.255242813316004459e-09 2.079373429978188616e-08 8.742021200664755365e-08 2.341473640138234014e-07 3.703258826990035096e-07 2.806985448863884055e-07 9.101341286301442352e-07 2.460013566112660499e-06 6.010666075633361870e-06 1.565709768113937413e-05 3.476490713258237786e-04 1.487050973468182803e-02 3.670514504097574575e-05 4.517049720578157266e-12 3.417261164207605268e-11 2.904837426546356642e-10 1.855542615272292091e-09 7.801000362699380470e-09 2.089429469077522026e-08 3.304627475659996920e-08 2.504832006471677127e-08 8.121642014559456664e-08 2.195209355020893938e-07 5.363657575265911110e-07 1.397171453669090846e-06 3.102269451484090349e-05 1.326979758696494784e-03 3.275407862838535459e-06
6.063575617730641050e-13 3.839471055670447294e-12 2.651750858083978501e-11 1.726686184220989707e-10 8.581087327651956929e-10 2.805474748211644714e-09 5.259204314776507054e-09 4.444048056642362446e-09 1.635113570044187712e-08 5.435646445248845092e-08 1.735772115897340544e-07 5.061215353186248812e-07 1.598381056257160806e-06 3.708047376266442497e-05 1.492639734595294565e-03 1.131004813944429933e-11 7.161550413036310537e-11 4.946162421236058921e-10 3.220691073456371688e-09 1.600582179279262044e-08 5.232894987486672640e-08 9.809699379581118009e-08 8.289234046600420335e-08 3.049885802789687302e-07 1.013880700769957629e-06 3.237638553149828393e-06 9.440401653645858629e-06 2.981370701238176974e-05 6.916413181404243785e-04 2.784137333713725473e-02 3.772695666808336485e-10 2.388880213220652562e-09 1.649892671000103960e-08 1.074326749731601784e-07 5.339066092104367881e-07 1.745538126871671313e-06 3.272223945092464365e-06 2.765041932907818423e-06 1.017351191664358380e-05 3.382004461250115744e-05 1.079979924891824079e-04 3.149037207669207064e-04 9.944965916178006345e-04 2.307109723816075375e-02 9.287054064844298962e-01 6.047773681006467297e-12 3.829465230312453090e-11 2.644840282227516993e-10 1.722186366366689175e-09 8.558724648017903018e-09 2.798163561339846477e-08 5.245498603981280279e-08 4.432466677829355106e-08 1.630852394328802120e-07 5.421480918734811583e-07 1.731248619717496954e-06 5.048025610070881553e-06 1.594215607039666183e-05 3.698384046623340695e-04 1.488749851772840256e-02 5.396770792030071876e-13 3.417248593304769632e-12 2.360140695994865709e-11 1.536804379705790341e-10 7.637434473203377091e-10 2.496959736867769467e-09 4.680855327722773826e-09 3.955340918044260147e-09 1.455301906463086293e-08 4.837894308721422231e-08 1.544891141342921945e-07 4.504638997224603217e-07 1.422608827326083423e-06 3.300277433200047672e-05 1.328495763973375947e-03
1.367501688371080973e-03 3.397176780222296155e-05 1.464378002562469627e-06 4.636899568112083149e-07 1.590250643944342096e-07 4.979939578843864072e-08 1.498030982218404299e-08 4.071473564455059888e-09 4.818289781020685214e-09 2.570272897031070680e-09 7.861676958375874285e-10 1.581926447144894290e-10 2.429436716343959113e-11 3.517582326729273750e-12 5.555225220501706222e-13 1.555200903784181334e-02 3.863463163405390813e-04 1.665374172795052826e-05 5.273346614784985118e-06 1.808523718644585917e-06 5.663471277343671293e-07 1.703646260369790733e-07 4.630311919187693357e-08 5.479633908944810395e-08 2.923060912046212063e-08 8.940747360604129697e-09 1.799056967344849635e-09 2.762893975981213931e-10 4.000395217194173419e-11 6.317718915535660802e-12 9.404163923854383933e-01 2.336202404077259570e-02 1.007037205123142553e-03 3.188746603224872512e-04 1.093598484216967833e-04 3.424651576563891457e-05 1.030180001940272812e-05 2.799909143613807399e-06 3.313486726829930123e-06 1.767549382810067162e-06 5.406391777184669859e-07 1.087874022455631587e-07 1.670697836603290187e-08 2.419004020069533775e-09 3.820269404548761725e-10 1.555200903784156007e-02 3.863463163405327929e-04 1.665374172795025721e-05 5.273346614784899567e-06 1.808523718644556482e-06 5.663471277343578120e-07 1.703646260369762940e-07 4.630311919187617918e-08 5.479633908944721060e-08 2.923060912046164417e-08 8.940747360603982459e-09 1.799056967344820270e-09 2.762893975981168954e-10 4.000395217194108150e-11 6.317718915535558212e-12 1.367501688371079889e-03 3.397176780222293445e-05 1.464378002562468568e-06 4.636899568112079444e-07 1.590250643944341037e-07 4.979939578843860102e-08 1.498030982218403306e-08 4.071473564455056579e-09 4.818289781020681078e-09 2.570272897031068612e-09 7.861676958375868081e-10 1.581926447144893256e-10 2.429436716343957175e-11 3.517582326729270923e-12 5.555225220501702183e-13
3.371577015149106800e-06 1.365941171708600970e-03 3.193355092076586281e-05 1.438193762938227139e-06 5.521139764934576340e-07 2.259662831246527244e-07 8.360101302873427204e-08 2.578376304107394616e-08 3.401654544148889482e-08 2.150777145235313084e-08 8.030045301061346498e-09 1.910023146510216976e-09 2.990126271353750166e-10 3.517595267087313019e-11 4.649674682170871736e-12 3.834349650700401058e-05 1.553426195244881312e-02 3.631665516418493863e-04 1.635595962300095412e-05 6.278954991692144753e-06 2.569817432246205023e-06 9.507583948538411027e-07 2.932276568681957542e-07 3.868555531893700176e-07 2.445986420749969362e-07 9.132225441355161771e-08 2.172187244053579062e-08 3.400542112074014368e-09 4.000409933707278688e-10 5.287875203012060523e-11 2.318597717428046157e-03 9.393432416445899324e-01 2.196036393105662426e-02 9.890305815305111461e-04 3.796829198639080816e-04 1.553946138303914876e-04 5.749152907145537692e-05 1.773122009822926092e-05 2.339281714789348459e-05 1.479066608068707193e-05 5.522176898889925098e-06 1.313502639220439418e-06 2.056278090766327801e-07 2.419012919016370256e-08 3.197531913530257806e-09 3.834349650700338716e-05 1.553426195244855985e-02 3.631665516418434774e-04 1.635595962300068985e-05 6.278954991692043109e-06 2.569817432246163094e-06 9.507583948538255385e-07 2.932276568681909897e-07 3.868555531893637178e-07 2.445986420749929128e-07 9.132225441355013540e-08 2.172187244053543658e-08 3.400542112073958947e-09 4.000409933707213030e-10 5.287875203011973927e-11 3.371577015149104259e-06 1.365941171708599886e-03 3.193355092076583570e-05 1.438193762938226080e-06 5.521139764934572104e-07 2.259662831246525655e-07 8.360101302873420586e-08 2.578376304107392631e-08 3.401654544148886835e-08 2.150777145235311430e-08 8.030045301061339880e-09 1.910023146510215322e-09 2.990126271353747581e-10 3.517595267087310435e-11 4.649674682170867697e-12
1.630419787661958345e-06 1.965120203191507114e-06 1.370505100161049320e-03 2.706785024161028542e-05 1.289715681779641034e-06 5.675072159929677109e-07 2.501605626768654958e-07 8.605705730466899879e-08 1.252809300438053208e-07 9.282053329012369470e-08 4.241163287906493218e-08 1.259214465476773850e-08 2.396815890628176771e-09 2.970879744549233698e-10 3.161073787735591524e-11 1.854206359583981630e-05 2.234846758901168275e-05 1.558616554945649671e-02 3.078310287820585516e-04 1.466738221228470367e-05 6.454015689498817713e-06 2.844968576453041726e-06 9.786899309546664248e-07 1.424766179726854141e-06 1.055608036831603855e-06 4.823292749499433396e-07 1.432050498672720153e-07 2.725795712727293510e-08 3.378653864230792612e-09 3.594953376233681587e-10 1.121222377877479368e-03 1.351392300137051802e-03 9.424818067863041104e-01 1.861427323293882510e-02 8.869237815032339446e-04 3.902686872383510637e-04 1.720327630088096130e-04 5.918052464429790775e-05 8.615436548881074080e-05 6.383169527195777003e-05 2.916602964842770327e-05 8.659484188818702746e-06 1.648264841092468047e-06 2.043042458622419429e-07 2.173836882839597978e-08 1.854206359583951137e-05 2.234846758901132022e-05 1.558616554945624344e-02 3.078310287820535101e-04 1.466738221228446481e-05 6.454015689498712681e-06 2.844968576452995139e-06 9.786899309546505429e-07 1.424766179726831059e-06 1.055608036831586703e-06 4.823292749499355045e-07 1.432050498672696860e-07 2.725795712727249173e-08 3.378653864230737191e-09 3.594953376233622651e-10 1.630419787661957075e-06 1.965120203191505843e-06 1.370505100161048236e-03 2.706785024161026510e-05 1.289715681779639975e-06 5.675072159929672874e-07 2.501605626768652840e-07 8.605705730466893262e-08 1.252809300438052150e-07 9.282053329012361529e-08 4.241163287906489909e-08 1.259214465476772858e-08 2.396815890628174703e-09 2.970879744549231113e-10 3.161073787735588940e-11
6.732887596513732736e-07 1.240106139474783700e-06 1.882827818151887730e-06 1.375042425789633517e-03 2.217145045695430807e-05 1.113973369694611599e-06 5.158015295812523660e-07 1.958916012561532717e-07 3.127732820126724680e-07 2.691074685639242871e-07 1.491978435790970203e-07 5.536566903215034448e-08 1.332513732294199091e-08 2.012258678518266561e-09 2.145431506881497099e-10 7.657023727442804166e-06 1.410319420663232817e-05 2.141259165791416062e-05 1.563776660398055046e-02 2.521463781879065770e-04 1.266874041964953675e-05 5.865989137706652608e-06 2.227790999513786194e-06 3.557036126551808471e-06 3.060443594948753890e-06 1.696762959417267906e-06 6.296499613099633898e-07 1.515410604894574057e-07 2.288455321182732217e-08 2.439907055971224104e-09 4.630135317340796394e-04 8.528078259625875186e-04 1.294800700640062708e-03 9.456020774484880098e-01 1.524707108589949331e-02 7.660676593310236388e-04 3.547112356500914127e-04 1.347125744110446832e-04 2.150908653394617369e-04 1.850623490288447236e-04 1.026017730021754824e-04 3.807438277845279592e-05 9.163555464570105732e-06 1.383808929152073418e-06 1.475390469327203519e-07 7.657023727442678805e-06 1.410319420663209778e-05 2.141259165791381164e-05 1.563776660398029719e-02 2.521463781879024570e-04 1.266874041964933007e-05 5.865989137706556893e-06 2.227790999513749772e-06 3.557036126551750449e-06 3.060443594948703915e-06 1.696762959417240378e-06 6.296499613099531196e-07 1.515410604894549175e-07 2.288455321182694829e-08 2.439907055971184399e-09 6.732887596513727442e-07 1.240106139474782853e-06 1.882827818151886247e-06 1.375042425789632433e-03 2.217145045695428774e-05 1.113973369694610752e-06 5.158015295812520483e-07 1.958916012561531394e-07 3.127732820126722033e-07 2.691074685639240754e-07 1.491978435790969144e-07 5.536566903215029816e-08 1.332513732294198098e-08 2.012258678518265321e-09 2.145431506881495548e-10
2.540342483560513679e-07 6.632755810058045100e-07 1.312213246728244932e-06 1.761716028471469464e-06 1.379478347436953294e-03 1.727290675628171700e-05 8.510332376716521888e-07 3.256715796245252677e-07 5.650968382722932090e-07 5.566594390129186681e-07 3.678642932190639176e-07 1.676019082422937792e-07 5.054963800164670130e-08 9.587765430944132765e-09 1.203669465922030349e-09 2.889022339022225330e-06 7.543148149724939818e-06 1.492323735044317259e-05 2.003523931991254761e-05 1.568821443460257509e-02 1.964373457582145295e-04 9.678435292857810664e-06 3.703722922435219226e-06 6.426603499506427131e-06 6.330648583579431258e-06 4.183562522439630698e-06 1.906064477952134540e-06 5.748793100194802839e-07 1.090375360430916607e-07 1.368881557644847734e-08 1.746966555236293924e-04 4.561275750890144602e-04 9.023951180626971604e-04 1.211513408715567250e-03 9.486526136693580469e-01 1.187839459057740514e-02 5.852465221630503067e-04 2.239608876664549251e-04 3.886110960707211178e-04 3.828087861795588976e-04 2.529763688471706596e-04 1.152580528758828985e-04 3.476244937037237812e-05 6.593404493961846932e-06 8.277507124069748458e-07 2.889022339022178319e-06 7.543148149724816998e-06 1.492323735044292864e-05 2.003523931991222235e-05 1.568821443460231835e-02 1.964373457582113311e-04 9.678435292857653116e-06 3.703722922435159086e-06 6.426603499506322099e-06 6.330648583579327920e-06 4.183562522439562088e-06 1.906064477952103623e-06 5.748793100194709665e-07 1.090375360430898872e-07 1.368881557644825400e-08 2.540342483560512091e-07 6.632755810058039806e-07 1.312213246728244085e-06 1.761716028471468193e-06 1.379478347436952209e-03 1.727290675628170345e-05 8.510332376716515536e-07 3.256715796245250030e-07 5.650968382722927855e-07 5.566594390129182446e-07 3.678642932190636529e-07 1.676019082422936469e-07 5.054963800164666159e-08 9.587765430944124493e-09 1.203669465922029522e-09
9.607515059132377872e-08 3.319568800878057389e-07 8.213353348993923249e-07 1.352448706320351072e-06 1.588955375192940302e-06 1.383645339640926031e-03 1.246593541643688698e-05 4.545827175891904476e-07 7.924132986530798580e-07 8.769532152557232075e-07 6.740286585314758092e-07 3.666263920144032487e-07 1.347256062736185203e-07 3.152226763520271764e-08 4.863006330421409779e-09 1.092621400773605192e-06 3.775202943587459765e-06 9.340693806871577389e-06 1.538081794177941679e-05 1.807050665155911091e-05 1.573560384623393787e-02 1.417697264363236152e-04 5.169773896816848294e-06 9.011775917467564350e-06 9.973212059187290299e-06 7.665438279445403765e-06 4.169484404009100758e-06 1.532176423775991070e-06 3.584892035781622931e-07 5.530488118949446849e-08 6.606986103585939978e-05 2.282832220642847898e-04 5.648235897279397632e-04 9.300646164460226774e-04 1.092707741648442149e-03 9.515182099672507832e-01 8.572691435576701782e-03 3.126117086006776659e-04 5.449342124653813995e-04 6.030714155563145652e-04 4.635223523384511242e-04 2.521250773314700198e-04 9.264936905832681362e-05 2.167752878215202969e-05 3.344237823099103045e-06 1.092621400773587404e-06 3.775202943587397932e-06 9.340693806871424923e-06 1.538081794177916607e-05 1.807050665155881953e-05 1.573560384623368114e-02 1.417697264363213113e-04 5.169773896816763590e-06 9.011775917467418660e-06 9.973212059187127668e-06 7.665438279445278404e-06 4.169484404009032149e-06 1.532176423775966083e-06 3.584892035781564697e-07 5.530488118949356190e-08 9.607515059132371254e-08 3.319568800878054742e-07 8.213353348993916896e-07 1.352448706320350225e-06 1.588955375192939031e-06 1.383645339640924947e-03 1.246593541643687681e-05 4.545827175891901300e-07 7.924132986530793286e-07 8.769532152557225722e-07 6.740286585314752798e-07 3.666263920144029840e-07 1.347256062736184145e-07 3.152226763520269117e-08 4.863006330421406471e-09
4.146071584646959255e-08 1.761113456715429030e-07 5.171958642914026578e-07 9.961402606186663151e-07 1.345568987580041733e-06 1.346558086345759432e-06 1.387607979915230026e-03 7.634156843430094471e-06 9.271919485323102375e-07 1.123317136617351510e-06 9.708934507038272591e-07 6.061301305377273625e-07 2.599084659769654122e-07 7.185240405956923002e-08 1.329611129605665415e-08 4.715149041810295422e-07 2.002838653027756890e-06 5.881846307170086447e-06 1.132867510719719188e-05 1.530257785700515278e-05 1.531382645221682313e-05 1.578066925118645422e-02 8.681998511223008115e-05 1.054455558337545936e-05 1.277500306551364002e-05 1.104155398748585253e-05 6.893257498979421142e-06 2.955827291665117096e-06 8.171465138417108656e-07 1.512109599592042235e-07 2.851209410095764140e-05 1.211099026516416870e-04 3.556701048266693054e-04 6.850350812486113170e-04 9.253335069099935528e-04 9.260136996299580788e-04 9.542432756127062765e-01 5.249928609707856311e-03 6.376200590481256392e-04 7.724932686414152840e-04 6.676731181144851274e-04 4.168292555129387319e-04 1.787362926152129348e-04 4.941213541784309762e-05 9.143594574049155032e-06 4.715149041810218660e-07 2.002838653027723855e-06 5.881846307169990732e-06 1.132867510719700723e-05 1.530257785700490545e-05 1.531382645221657240e-05 1.578066925118619748e-02 8.681998511222867169e-05 1.054455558337528657e-05 1.277500306551343165e-05 1.104155398748567296e-05 6.893257498979309334e-06 2.955827291665069239e-06 8.171465138416975249e-07 1.512109599592017618e-07 4.146071584646955947e-08 1.761113456715427706e-07 5.171958642914022343e-07 9.961402606186654681e-07 1.345568987580040674e-06 1.346558086345758373e-06 1.387607979915228941e-03 7.634156843430089389e-06 9.271919485323094964e-07 1.123317136617350663e-06 9.708934507038264121e-07 6.061301305377269390e-07 2.599084659769652004e-07 7.185240405956917708e-08 1.329611129605664422e-08
2.380965989214253384e-08 1.143079382634268168e-07 3.727143625804877205e-07 7.900948262805575740e-07 1.162371109429552217e-06 1.250910612044317100e-06 9.763872662306198130e-07 1.394256570117295571e-03 9.763872662306210836e-07 1.250910612044314559e-06 1.162371109429553487e-06 7.900948262805589505e-07 3.727143625804874029e-07 1.143079382634265918e-07 2.380965989214249083e-08 2.707770300975746680e-07 1.299975059692563884e-06 4.238720277040189529e-06 8.985408927504720108e-06 1.321914711542881563e-05 1.422606883010036224e-05 1.110403279058458111e-05 1.585628081041940557e-02 1.110403279058459466e-05 1.422606883010033175e-05 1.321914711542882918e-05 8.985408927504735354e-06 4.238720277040186141e-06 1.299975059692561343e-06 2.707770300975741916e-07 1.637365032167842948e-05 7.860835554123220118e-05 2.563117100540413407e-04 5.433398236299204469e-04 7.993502711099946924e-04 8.602379470380291850e-04 6.714511567246542970e-04 9.588154405068668451e-01 6.714511567246551644e-04 8.602379470380273419e-04 7.993502711099955598e-04 5.433398236299214227e-04 2.563117100540411239e-04 7.860835554123205211e-05 1.637365032167840238e-05 2.707770300975702740e-07 1.299975059692542708e-06 4.238720277040120072e-06 8.985408927504572724e-06 1.321914711542860048e-05 1.422606883010013015e-05 1.110403279058439985e-05 1.585628081041914536e-02 1.110403279058441340e-05 1.422606883010009966e-05 1.321914711542861403e-05 8.985408927504587970e-06 4.238720277040116684e-06 1.299975059692540167e-06 2.707770300975697976e-07 2.380965989214251399e-08 1.143079382634267242e-07 3.727143625804874029e-07 7.900948262805569388e-07 1.162371109429551370e-06 1.250910612044316253e-06 9.763872662306191778e-07 1.394256570117294487e-03 9.763872662306202366e-07 1.250910612044313501e-06 1.162371109429552428e-06 7.900948262805583152e-07 3.727143625804871382e-07 1.143079382634264992e-07 2.380965989214247098e-08
1.329611129605616942e-08 7.185240405956936237e-08 2.599084659769668416e-07 6.061301305377271507e-07 9.708934507038266238e-07 1.123317136617352145e-06 9.271919485323096023e-07 7.634156843430097859e-06 1.387607979915230026e-03 1.346558086345757950e-06 1.345568987580041944e-06 9.961402606186675857e-07 5.171958642914014932e-07 1.761113456715423471e-07 4.146071584647000945e-08 1.512109599591987178e-07 8.171465138417123479e-07 2.955827291665133190e-06 6.893257498979418601e-06 1.104155398748584744e-05 1.277500306551364679e-05 1.054455558337545258e-05 8.681998511223010825e-05 1.578066925118645422e-02 1.531382645221680618e-05 1.530257785700515617e-05 1.132867510719720544e-05 5.881846307170073742e-06 2.002838653027750113e-06 4.715149041810342538e-07 9.143594574048821301e-06 4.941213541784318571e-05 1.787362926152139106e-04 4.168292555129385693e-04 6.676731181144848022e-04 7.724932686414156093e-04 6.376200590481253139e-04 5.249928609707858046e-03 9.542432756127062765e-01 9.260136996299571030e-04 9.253335069099937697e-04 6.850350812486120759e-04 3.556701048266684923e-04 1.211099026516412939e-04 2.851209410095792600e-05 1.512109599591962561e-07 8.171465138416990072e-07 2.955827291665084909e-06 6.893257498979306793e-06 1.104155398748566787e-05 1.277500306551343842e-05 1.054455558337527979e-05 8.681998511222869879e-05 1.578066925118619748e-02 1.531382645221655885e-05 1.530257785700490884e-05 1.132867510719702078e-05 5.881846307169977180e-06 2.002838653027717503e-06 4.715149041810265776e-07 1.329611129605615949e-08 7.185240405956930943e-08 2.599084659769666298e-07 6.061301305377267272e-07 9.708934507038259886e-07 1.123317136617351298e-06 9.271919485323088611e-07 7.634156843430091083e-06 1.387607979915228941e-03 1.346558086345756891e-06 1.345568987580040886e-06 9.961402606186667387e-07 5.171958642914010696e-07 1.761113456715421883e-07 4.146071584646997637e-08
4.863006330421539647e-09 3.152226763520256544e-08 1.347256062736185733e-07 3.666263920144028252e-07 6.740286585314749621e-07 8.769532152557250074e-07 7.924132986530793286e-07 4.545827175891898653e-07 1.246593541643687512e-05 1.383645339640926031e-03 1.588955375192941149e-06 1.352448706320352342e-06 8.213353348993910543e-07 3.319568800878058977e-07 9.607515059132437429e-08 5.530488118949593756e-08 3.584892035781605990e-07 1.532176423775991706e-06 4.169484404009094829e-06 7.665438279445395295e-06 9.973212059187310628e-06 9.011775917467557573e-06 5.169773896816841517e-06 1.417697264363234797e-04 1.573560384623393787e-02 1.807050665155912446e-05 1.538081794177943034e-05 9.340693806871562142e-06 3.775202943587461459e-06 1.092621400773611968e-06 3.344237823099191983e-06 2.167752878215192466e-05 9.264936905832685428e-05 2.521250773314696945e-04 4.635223523384505821e-04 6.030714155563158662e-04 5.449342124653809658e-04 3.126117086006772322e-04 8.572691435576693109e-03 9.515182099672507832e-01 1.092707741648442799e-03 9.300646164460235447e-04 5.648235897279388958e-04 2.282832220642848711e-04 6.606986103585980635e-05 5.530488118949503759e-08 3.584892035781547227e-07 1.532176423775966718e-06 4.169484404009027067e-06 7.665438279445269934e-06 9.973212059187147997e-06 9.011775917467410190e-06 5.169773896816756814e-06 1.417697264363211487e-04 1.573560384623368114e-02 1.807050665155882969e-05 1.538081794177917962e-05 9.340693806871411370e-06 3.775202943587399626e-06 1.092621400773594180e-06 4.863006330421536338e-09 3.152226763520253897e-08 1.347256062736184674e-07 3.666263920144025076e-07 6.740286585314744327e-07 8.769532152557243722e-07 7.924132986530786933e-07 4.545827175891894947e-07 1.246593541643686495e-05 1.383645339640924947e-03 1.588955375192939878e-06 1.352448706320351284e-06 8.213353348993904191e-07 3.319568800878056330e-07 9.607515059132429488e-08
1.203669465922265475e-09 9.587765430944447093e-09 5.054963800164600646e-08 1.676019082422943086e-07 3.678642932190645529e-07 5.566594390129198328e-07 5.650968382722935266e-07 3.256715796245257971e-07 8.510332376716522947e-07 1.727290675628174072e-05 1.379478347436953294e-03 1.761716028471472640e-06 1.312213246728242391e-06 6.632755810058032395e-07 2.540342483560505738e-07 1.368881557645114913e-08 1.090375360430952474e-07 5.748793100194724488e-07 1.906064477952140681e-06 4.183562522439637474e-06 6.330648583579443964e-06 6.426603499506430519e-06 3.703722922435225155e-06 9.678435292857812358e-06 1.964373457582148006e-04 1.568821443460257509e-02 2.003523931991258488e-05 1.492323735044314209e-05 7.543148149724926265e-06 2.889022339022216012e-06 8.277507124071364173e-07 6.593404493962063773e-06 3.476244937037190378e-05 1.152580528758832644e-04 2.529763688471710391e-04 3.828087861795596565e-04 3.886110960707213346e-04 2.239608876664552775e-04 5.852465221630504151e-04 1.187839459057742249e-02 9.486526136693580469e-01 1.211513408715569418e-03 9.023951180626954257e-04 4.561275750890135929e-04 1.746966555236288232e-04 1.368881557645092579e-08 1.090375360430934739e-07 5.748793100194630256e-07 1.906064477952109552e-06 4.183562522439568864e-06 6.330648583579340626e-06 6.426603499506325487e-06 3.703722922435165016e-06 9.678435292857654810e-06 1.964373457582116022e-04 1.568821443460231835e-02 2.003523931991225623e-05 1.492323735044289984e-05 7.543148149724803446e-06 2.889022339022169002e-06 1.203669465922264441e-09 9.587765430944440476e-09 5.054963800164596676e-08 1.676019082422941762e-07 3.678642932190642353e-07 5.566594390129194092e-07 5.650968382722929972e-07 3.256715796245255324e-07 8.510332376716516594e-07 1.727290675628172716e-05 1.379478347436952209e-03 1.761716028471471158e-06 1.312213246728241332e-06 6.632755810058028160e-07 2.540342483560503621e-07
2.145431506882516599e-10 2.012258678518370786e-09 1.332513732294136556e-08 5.536566903215066874e-08 1.491978435790963056e-07 2.691074685639246048e-07 3.127732820126728386e-07 1.958916012561516041e-07 5.158015295812530012e-07 1.113973369694608846e-06 2.217145045695424369e-05 1.375042425789633517e-03 1.882827818151886883e-06 1.240106139474785606e-06 6.732887596513746501e-07 2.439907055972383397e-09 2.288455321182850670e-08 1.515410604894502853e-07 6.296499613099669897e-07 1.696762959417259860e-06 3.060443594948757701e-06 3.557036126551812706e-06 2.227790999513767136e-06 5.865989137706658537e-06 1.266874041964950456e-05 2.521463781879058723e-04 1.563776660398055393e-02 2.141259165791415046e-05 1.410319420663234850e-05 7.657023727442819412e-06 1.475390469327904704e-07 1.383808929152144992e-06 9.163555464569675440e-06 3.807438277845301953e-05 1.026017730021749945e-04 1.850623490288449675e-04 2.150908653394620080e-04 1.347125744110435177e-04 3.547112356500917922e-04 7.660676593310216873e-04 1.524707108589944994e-02 9.456020774484881208e-01 1.294800700640062275e-03 8.528078259625888197e-04 4.630135317340805610e-04 2.439907055972343693e-09 2.288455321182813281e-08 1.515410604894478236e-07 6.296499613099567195e-07 1.696762959417232331e-06 3.060443594948708150e-06 3.557036126551754684e-06 2.227790999513730713e-06 5.865989137706562822e-06 1.266874041964929789e-05 2.521463781879017523e-04 1.563776660398029719e-02 2.141259165791380148e-05 1.410319420663211980e-05 7.657023727442694051e-06 2.145431506882515048e-10 2.012258678518369132e-09 1.332513732294135563e-08 5.536566903215062242e-08 1.491978435790961997e-07 2.691074685639243930e-07 3.127732820126725739e-07 1.958916012561514453e-07 5.158015295812525777e-07 1.113973369694607999e-06 2.217145045695422675e-05 1.375042425789632650e-03 1.882827818151885400e-06 1.240106139474784548e-06 6.732887596513741207e-07
3.161073787760654451e-11 2.970879744547149720e-10 2.396815890627777656e-09 1.259214465476778482e-08 4.241163287906479983e-08 9.282053329012511083e-08 1.252809300438053473e-07 8.605705730466854881e-08 2.501605626768662369e-07 5.675072159929682403e-07 1.289715681779642305e-06 2.706785024161037013e-05 1.370505100161049103e-03 1.965120203191506690e-06 1.630419787661955169e-06 3.594953376262184163e-10 3.378653864228422326e-09 2.725795712726839554e-08 1.432050498672725712e-07 4.823292749499417514e-07 1.055608036831620160e-06 1.424766179726854776e-06 9.786899309546613426e-07 2.844968576453050196e-06 6.454015689498823642e-06 1.466738221228471722e-05 3.078310287820594732e-04 1.558616554945649497e-02 2.234846758901167936e-05 1.854206359583977903e-05 2.173836882856833444e-08 2.043042458620986355e-07 1.648264841092193397e-06 8.659484188818736627e-06 2.916602964842760840e-05 6.383169527195875937e-05 8.615436548881076791e-05 5.918052464429759605e-05 1.720327630088101280e-04 3.902686872383514432e-04 8.869237815032347035e-04 1.861427323293888061e-02 9.424818067863039994e-01 1.351392300137051585e-03 1.121222377877477416e-03 3.594953376262125744e-10 3.378653864228367319e-09 2.725795712726795217e-08 1.432050498672702154e-07 4.823292749499339163e-07 1.055608036831602796e-06 1.424766179726831483e-06 9.786899309546452490e-07 2.844968576453004033e-06 6.454015689498718610e-06 1.466738221228447836e-05 3.078310287820544859e-04 1.558616554945624171e-02 2.234846758901131683e-05 1.854206359583947749e-05 3.161073787760651866e-11 2.970879744547147135e-10 2.396815890627775588e-09 1.259214465476777655e-08 4.241163287906476674e-08 9.282053329012504466e-08 1.252809300438052679e-07 8.605705730466848263e-08 2.501605626768660252e-07 5.675072159929678168e-07 1.289715681779641246e-06 2.706785024161034980e-05 1.370505100161048019e-03 1.965120203191505420e-06 1.630419787661953898e-06
4.649674682342865526e-12 3.517595267057605603e-11 2.990126271358783043e-10 1.910023146509786842e-09 8.030045301061727001e-09 2.150777145235266762e-08 3.401654544148831910e-08 2.578376304107347963e-08 8.360101302873363676e-08 2.259662831246502627e-07 5.521139764934521283e-07 1.438193762938223327e-06 3.193355092076560531e-05 1.365941171708600970e-03 3.371577015149124588e-06 5.287875203207661596e-11 4.000409933673494047e-10 3.400542112079738044e-09 2.172187244053090032e-08 9.132225441355594552e-08 2.445986420749916422e-07 3.868555531893634531e-07 2.932276568681904603e-07 9.507583948538337971e-07 2.569817432246176647e-06 6.278954991692082073e-06 1.635595962300091008e-05 3.631665516418465132e-04 1.553426195244881486e-02 3.834349650700421386e-05 3.197531913648535948e-09 2.419012918995941211e-08 2.056278090769788724e-07 1.313502639220143592e-06 5.522176898890186831e-06 1.479066608068675514e-05 2.339281714789308818e-05 1.773122009822894243e-05 5.749152907145494324e-05 1.553946138303897800e-04 3.796829198639042869e-04 9.890305815305083272e-04 2.196036393105645079e-02 9.393432416445900435e-01 2.318597717428058300e-03 5.287875203207575646e-11 4.000409933673428906e-10 3.400542112079682623e-09 2.172187244053054629e-08 9.132225441355446321e-08 2.445986420749876718e-07 3.868555531893571533e-07 2.932276568681856957e-07 9.507583948538183387e-07 2.569817432246134719e-06 6.278954991691979582e-06 1.635595962300064241e-05 3.631665516418405501e-04 1.553426195244856159e-02 3.834349650700359045e-05 4.649674682342861487e-12 3.517595267057603018e-11 2.990126271358780458e-10 1.910023146509785188e-09 8.030045301061720383e-09 2.150777145235265108e-08 3.401654544148829263e-08 2.578376304107345978e-08 8.360101302873357059e-08 2.259662831246500774e-07 5.521139764934517047e-07 1.438193762938222057e-06 3.193355092076558498e-05 1.365941171708599886e-03 3.371577015149122047e-06
5.555225217865851579e-13 3.517582327060868163e-12 2.429436716390582696e-11 1.581926447140600188e-10 7.861676958375627164e-10 2.570272897031018154e-09 4.818289781020291476e-09 4.071473564455524763e-09 1.498030982218327205e-08 4.979939578843831647e-08 1.590250643944327008e-07 4.636899568112067268e-07 1.464378002562460945e-06 3.397176780222303609e-05 1.367501688371080973e-03 6.317718912538017231e-12 4.000395217571281829e-11 2.762893976034236726e-10 1.799056967339966168e-09 8.940747360603848455e-09 2.923060912046152506e-08 5.479633908944362394e-08 4.630311919188222091e-08 1.703646260369703118e-07 5.663471277343634236e-07 1.808523718644568976e-06 5.273346614784967330e-06 1.665374172795042662e-05 3.863463163405399486e-04 1.555200903784181334e-02 3.820269402736112769e-10 2.419004020297568031e-09 1.670697836635352700e-08 1.087874022452678618e-07 5.406391777184500453e-07 1.767549382810030952e-06 3.313486726829659496e-06 2.799909143614127154e-06 1.030180001940219787e-05 3.424651576563869095e-05 1.093598484216957534e-04 3.188746603224861670e-04 1.007037205123136481e-03 2.336202404077264774e-02 9.404163923854383933e-01 6.317718912537913833e-12 4.000395217571216560e-11 2.762893976034191748e-10 1.799056967339936803e-09 8.940747360603702872e-09 2.923060912046104860e-08 5.479633908944273059e-08 4.630311919188146652e-08 1.703646260369675325e-07 5.663471277343542121e-07 1.808523718644539330e-06 5.273346614784880933e-06 1.665374172795015557e-05 3.863463163405336603e-04 1.555200903784156007e-02 5.555225217865847540e-13 3.517582327060865335e-12 2.429436716390580757e-11 1.581926447140599154e-10 7.861676958375620960e-10 2.570272897031016086e-09 4.818289781020287340e-09 4.071473564455521454e-09 1.498030982218326213e-08 4.979939578843827676e-08 1.590250643944325950e-07 4.636899568112063562e-07 1.464378002562459675e-06 3.397176780222300899e-05 1.367501688371079889e-03
1.328495763973377248e-03 3.300277433200043606e-05 1.422608827326093376e-06 4.504638997224622804e-07 1.544891141342938092e-07 4.837894308721457965e-08 1.455301906463162559e-08 3.955340918043811815e-09 4.680855327723160120e-09 2.496959736867822820e-09 7.637434473203624211e-10 1.536804379709963468e-10 2.360140695949574339e-11 3.417248592982636502e-12 5.396770794590747191e-13 1.488749851772864542e-02 3.698384046623392736e-04 1.594215607039702097e-05 5.048025610070981503e-06 1.731248619717541635e-06 5.421480918734935462e-07 1.630852394328912764e-07 4.432466677828921663e-08 5.245498603981794455e-08 2.798163561339949378e-08 8.558724648018311646e-09 1.722186366371392110e-09 2.644840282176802550e-10 3.829465229951520584e-11 6.047773683876125670e-12 9.287054064844303403e-01 2.307109723816070865e-02 9.944965916178069229e-04 3.149037207669218991e-04 1.079979924891834786e-04 3.382004461250139461e-05 1.017351191664411234e-05 2.765041932907503750e-06 3.272223945092732874e-06 1.745538126871707947e-06 5.339066092104538346e-07 1.074326749734518489e-07 1.649892670968441472e-08 2.388880212995459258e-09 3.772695668598414784e-10 2.784137333713703963e-02 6.916413181404174396e-04 2.981370701238171892e-05 9.440401653645817971e-06 3.237638553149833899e-06 1.013880700769956359e-06 3.049885802789820180e-07 8.289234046599409189e-08 9.809699379581843281e-08 5.232894987486738814e-08 1.600582179279299763e-08 3.220691073465089344e-09 4.946162421141098586e-10 7.161550412361151504e-11 1.131004814481062548e-11 1.492639734595294998e-03 3.708047376266435043e-05 1.598381056257170971e-06 5.061215353186267870e-07 1.735772115897357220e-07 5.435646445248881488e-08 1.635113570044272084e-08 4.444048056641856212e-09 5.259204314776938015e-09 2.805474748211703030e-09 8.581087327652228865e-10 1.726686184225677236e-10 2.651750858033089122e-11 3.839471055308509732e-12 6.063575620607700833e-13
3.275407862838521059e-06 1.326979758696495868e-03 3.102269451484118132e-05 1.397171453669096140e-06 5.363657575265970402e-07 2.195209355020920143e-07 8.121642014559526809e-08 2.504832006471724773e-08 3.304627475660055815e-08 2.089429469077568679e-08 7.801000362699018165e-09 1.855542615272711678e-09 2.904837426541470073e-10 3.417261164236468055e-11 4.517049720411073245e-12 3.670514504097615232e-05 1.487050973468206916e-02 3.476490713258322354e-04 1.565709768113967228e-05 6.010666075633520265e-06 2.460013566112727838e-06 9.101341286301660463e-07 2.806985448863980405e-07 3.703258826990158445e-07 2.341473640138322423e-07 8.742021200664484050e-08 2.079373429978690880e-08 3.255242813310578568e-09 3.829479317653405198e-10 5.061933416783862219e-11 2.289724267965905901e-03 9.276456196675814114e-01 2.168689197282622910e-02 9.767142041366741988e-04 3.749547363088543165e-04 1.534594879155356335e-04 5.677558824797039236e-05 1.751041358075532280e-05 2.310150687935495073e-05 1.460647822162809136e-05 5.453409344081855752e-06 1.297145617997288573e-06 2.030671302194264488e-07 2.388889001123894703e-08 3.157713114686916861e-09 6.864293858787861289e-05 2.780960231457202392e-02 6.501446548300437740e-04 2.928061429510986393e-05 1.124065255269685956e-05 4.600514722268849187e-06 1.702057873046111570e-06 5.249392954811625427e-07 6.925529594075252107e-07 4.378831117700905488e-07 1.634860790609169496e-07 3.888672895746657047e-08 6.087686951604775010e-09 7.161576758020711515e-10 9.466410888073813289e-11 3.680105014754572428e-06 1.490936417373295427e-03 3.485574268492090449e-05 1.569800735797117938e-06 6.026371055681800482e-07 2.466441217139777400e-07 9.125121742829332322e-08 2.814319686020978773e-08 3.712934893712159100e-08 2.347591563899054864e-08 8.764862807037303921e-09 2.084806524717246597e-09 3.263748280556978462e-10 3.839485179819472875e-11 5.075159498937815345e-12
1.583914520783775612e-06 1.909068111461081231e-06 1.331413507969140316e-03 2.629578061338901741e-05 1.252928485971529843e-06 5.513199280719262193e-07 2.430251096986070651e-07 8.360240946060440460e-08 1.217074803527972296e-07 9.017296748829877990e-08 4.120190497910561636e-08 1.223297270888598838e-08 2.328450330117301428e-09 2.886139877903371674e-10 3.070908922691184373e-11 1.774979320208798511e-05 2.139355611839905574e-05 1.492019558051950814e-02 2.946779399081259098e-04 1.404067027051126319e-05 6.178246731789764829e-06 2.723407976543129566e-06 9.368721983732522979e-07 1.363888378484184108e-06 1.010503726264153649e-06 4.617201770139204982e-07 1.370861451046408727e-07 2.609327163719941859e-08 3.234289812542076762e-09 3.441347219497860562e-10 1.107259818775429812e-03 1.334563439749482687e-03 9.307451003224430641e-01 1.838247007302632255e-02 8.758789379801362350e-04 3.854086793409344791e-04 1.698904425660562999e-04 5.844355079384680712e-05 8.508148695572767452e-05 6.303680048979520183e-05 2.880282568392138450e-05 8.551647811160481723e-06 1.627739033087145849e-06 2.017600493103934704e-07 2.146766137059156730e-08 3.319420106795110823e-05 4.000846631098196177e-05 2.790252069047542346e-02 5.510824084671190086e-04 2.625770490854668755e-05 1.155404809101193120e-05 5.093093250956873074e-06 1.752061208471816643e-06 2.550631692110087562e-06 1.889760826372915024e-06 8.634710398275028548e-07 2.563672157993637538e-07 4.879748712474998332e-08 6.048502375617447191e-09 6.435724081292888219e-10 1.779617078230824510e-06 2.144945431134030837e-06 1.495917984132521172e-03 2.954478897121394986e-05 1.407735646197293256e-06 6.194389575267537178e-07 2.730523838145943268e-07 9.393201066413371208e-08 1.367452016773625724e-07 1.013144022806998686e-07 4.629265834382081107e-08 1.374443308941479099e-08 2.616144949058538545e-09 3.242740532701402200e-10 3.450338949988515011e-11
6.540842126441459219e-07 1.204733981083447572e-06 1.829122992663732858e-06 1.335821413223372243e-03 2.153904325214746392e-05 1.082198958438767958e-06 5.010890684280734080e-07 1.903040886017124423e-07 3.038518955927842585e-07 2.614315836542937276e-07 1.449421999799444694e-07 5.378644677680617276e-08 1.294505786605531316e-08 1.954862032831926606e-09 2.084236307000206227e-10 7.329852311372948844e-06 1.350058904515752603e-05 2.049766855152005643e-05 1.496959181099178152e-02 2.413725983819279706e-04 1.212742699416503972e-05 5.615345540253048414e-06 2.132601332880479194e-06 3.405050108490422000e-06 2.929676119177107353e-06 1.624263204952902314e-06 6.027461045631450073e-07 1.450659723719465811e-07 2.190673572726012323e-08 2.335654036130115017e-09 4.572476337914038887e-04 8.421878277288435749e-04 1.278676574271584571e-03 9.338265143185500161e-01 1.505719962474204830e-02 7.565278345998881172e-04 3.502940239625213837e-04 1.330350015056910146e-04 2.124123432381650888e-04 1.827577714206356479e-04 1.013240752432082646e-04 3.760024327650620497e-05 9.049441897731405287e-06 1.366576385153258291e-06 1.457017462301087243e-07 1.370768597988388833e-05 2.524768949127926401e-05 3.833305118413075284e-05 2.799489745158059359e-02 4.513951498905925024e-04 2.267971494078349645e-05 1.050135665283444078e-05 3.988215334986990877e-06 6.367844214341822604e-06 5.478838939515072973e-06 3.037563243617899214e-06 1.127206112206407448e-06 2.712904313987040904e-07 4.096817254116513655e-08 4.367947773687547379e-09 7.349004129633759486e-07 1.353586408438383469e-06 2.055122592296394432e-06 1.500870513683025655e-03 2.420032692250740855e-05 1.215911416436942569e-06 5.630017606304326242e-07 2.138173504244247979e-07 3.413947000006991374e-07 2.937330928880497402e-07 1.628507164092530830e-07 6.043209908448363184e-08 1.454450082679883724e-08 2.196397478249799073e-09 2.341756754127677563e-10
2.467883043326793273e-07 6.443566448263744321e-07 1.274784341791011784e-06 1.711465734229687220e-06 1.340130806892057000e-03 1.678022312686210517e-05 8.267587973467597276e-07 3.163822887071250407e-07 5.489783027425226517e-07 5.407815675791583763e-07 3.573715187443139804e-07 1.628213164394441680e-07 4.910778577214621484e-08 9.314288873860101020e-09 1.169336608722047945e-09 2.765579397827238160e-06 7.220842440663958815e-06 1.428559315994755070e-05 1.917916810308959165e-05 1.501788409283012944e-02 1.880439168139656629e-04 9.264892447384318579e-06 3.545469230609688554e-06 6.152005817391734059e-06 6.060150889507113604e-06 4.004806112193992896e-06 1.824621630630527487e-06 5.503157087269520134e-07 1.043785502097148558e-07 1.310391609906871619e-08 1.725211616824374279e-04 4.504474278221438466e-04 8.911576103051341811e-04 1.196426457272322654e-03 9.368390622748998808e-01 1.173047318820371297e-02 5.779584593164634968e-04 2.211719073604160376e-04 3.837717301218614976e-04 3.780416762758712621e-04 2.498260593535828428e-04 1.138227467251858987e-04 3.432955330671669041e-05 6.511296964048881660e-06 8.174427498905426597e-07 5.171958769078025743e-06 1.350382469961387793e-05 2.671573952030404086e-05 3.586730025987569975e-05 2.808520969889082008e-02 3.516642426906460214e-04 1.732643863902816206e-05 6.630444489192563621e-06 1.150497449455827516e-05 1.133319497518192601e-05 7.489458486236846087e-06 3.412257066350372884e-06 1.029155104983735608e-06 1.952001661875660437e-07 2.450586442431794301e-08 2.772805447106682330e-07 7.239709432281098073e-07 1.432291929863695864e-06 1.922928042818159413e-06 1.505712359924713277e-03 1.885352477121727174e-05 9.289100238867775878e-07 3.554733016490963851e-07 6.168080097247457481e-07 6.075985166043469216e-07 4.015270077301654475e-07 1.829389096655778521e-07 5.517536021512511835e-08 1.046512758989953317e-08 1.313815469064918641e-09
9.333475173673293065e-08 3.224883104486515230e-07 7.979079824868262188e-07 1.313872145545978906e-06 1.543632818180284998e-06 1.344178941924403618e-03 1.211036339884077477e-05 4.416164307717257626e-07 7.698109037296669793e-07 8.519394466399540310e-07 6.548030070239580781e-07 3.561689268056026211e-07 1.308827614293074010e-07 3.062314246506307036e-08 4.724296404954393318e-09 1.045935573010248664e-06 3.613895033755882371e-06 8.941582072515009001e-06 1.472362212190892483e-05 1.729838507263529028e-05 1.506324863664574090e-02 1.357121505680693424e-04 4.948878375686288298e-06 8.626718277166018506e-06 9.547073910956819481e-06 7.337907324082963034e-06 3.991329527480278982e-06 1.466709168079886730e-06 3.431715782768245303e-07 5.294179901312711542e-08 6.524709442168984813e-05 2.254404158173092245e-04 5.577898532369348229e-04 9.184825409968723877e-04 1.079100274722108064e-03 9.396689733613114992e-01 8.465935886281061515e-03 3.087187614534823337e-04 5.381481579784201793e-04 5.955613796806465002e-04 4.577501180633036944e-04 2.489853689535355993e-04 9.149560838000947384e-05 2.140757896418625508e-05 3.302592098595526282e-06 1.956022547380478878e-06 6.758408789509234481e-06 1.672181020935698692e-05 2.753490520135666876e-05 3.235001476999480459e-05 2.817004673172983364e-02 2.537976844029159011e-04 9.254984663372959897e-06 1.613297787689899011e-05 1.785415116687735776e-05 1.372274980110461412e-05 7.464255687668822855e-06 2.742918662721314375e-06 6.417712161732129695e-07 9.900739131620254426e-08 1.048668447719842517e-07 3.623337606124324786e-07 8.964945101883446623e-07 1.476209276538725371e-06 1.734358319028393356e-06 1.510260667389552508e-03 1.360667463133929565e-05 4.961809061765589268e-07 8.649258614080466583e-07 9.572019000802826614e-07 7.357080188898731987e-07 4.001758280268476432e-07 1.470541461860887591e-07 3.440682347741505758e-08 5.308012809126236775e-09
4.027811142152849133e-08 1.710880349924719130e-07 5.024436318423255954e-07 9.677268611869744689e-07 1.307188660412796746e-06 1.308149546627111184e-06 1.348028553857851322e-03 7.416404026590981495e-06 9.007451957756898529e-07 1.091276208494086518e-06 9.432001784699265065e-07 5.888411821964005470e-07 2.524949687502843429e-07 6.980292253835864459e-08 1.291685976283536148e-08 4.513678856539668237e-07 1.917260812133515247e-06 5.630525160217763197e-06 1.084462036099950190e-05 1.464872510099866119e-05 1.465949306313993655e-05 1.510638847457915213e-02 8.311031690648477347e-05 1.009400491188206027e-05 1.222914922046663191e-05 1.056976743147057521e-05 6.598720496411136077e-06 2.829529890077337897e-06 7.822312528229986778e-07 1.447499764679519690e-07 2.815703358231062307e-05 1.196017235366135393e-04 3.512409523610580757e-04 6.765043535378268075e-04 9.138103478701287878e-04 9.144820701642074421e-04 9.423601038205965397e-01 5.184551357219058070e-03 6.296797896289894328e-04 7.628734259303202687e-04 6.593585985718311776e-04 4.116384894076632992e-04 1.765104932567971446e-04 4.879680711656876830e-05 9.029729579767626957e-06 8.441110373190852612e-07 3.585503232239159848e-06 1.052974432763757920e-05 2.028071564947968829e-05 2.739483896265855662e-05 2.741497631842040189e-05 2.825072330289304240e-02 1.554260682817681645e-04 1.887697647015314890e-05 2.286994746881866668e-05 1.976670834229453535e-05 1.234038348814761653e-05 5.291553711620485291e-06 1.462864450994700867e-06 2.706994818899169866e-07 4.525472430744974117e-08 1.922270330616661479e-07 5.645236888367331454e-07 1.087295574750368688e-06 1.468700004965643848e-06 1.469779614688764681e-06 1.514585922983481027e-03 8.332747185277497549e-06 1.012037905141228529e-06 1.226110217577942973e-06 1.059738466798603183e-06 6.615961975547770571e-07 2.836923032519540901e-07 7.842751072085430232e-08 1.451281867135075741e-08
2.313052523250331571e-08 1.110474766231405610e-07 3.620832471878112884e-07 7.675585622868903740e-07 1.129216225598665960e-06 1.215230272358735967e-06 9.485372911897571538e-07 1.354487503045957893e-03 9.485372911897584243e-07 1.215230272358733426e-06 1.129216225598667019e-06 7.675585622868917504e-07 3.620832471878109707e-07 1.110474766231403360e-07 2.313052523250327270e-08 2.592071946720026830e-07 1.244429367753438785e-06 4.057607071083546927e-06 8.601477903203163958e-06 1.265431576124481117e-05 1.361821344791447507e-05 1.062957662308424447e-05 1.517876928231046488e-02 1.062957662308425803e-05 1.361821344791444457e-05 1.265431576124482303e-05 8.601477903203179204e-06 4.057607071083544386e-06 1.244429367753436243e-06 2.592071946720022065e-07 1.616974959257818455e-05 7.762944731409074123e-05 2.531198656253279820e-04 5.365736240341798403e-04 7.893959787021488650e-04 8.495254216600735655e-04 6.630895893452597211e-04 9.468753316398123010e-01 6.630895893452605884e-04 8.495254216600717223e-04 7.893959787021497324e-04 5.365736240341807076e-04 2.531198656253278194e-04 7.762944731409059215e-05 1.616974959257815744e-05 4.847479427078539416e-07 2.327229290942482212e-06 7.588202489955961030e-06 1.608577540874546179e-05 2.366505890934496659e-05 2.546766095974417653e-05 1.987855856553556884e-05 2.838608392698252839e-02 1.987855856553559256e-05 2.546766095974412232e-05 2.366505890934499030e-05 1.608577540874548889e-05 7.588202489955955101e-06 2.327229290942477553e-06 4.847479427078529886e-07 2.598844646732754294e-08 1.247680877344245695e-07 4.068208997274964992e-07 8.623952290759502127e-07 1.268737961374538890e-06 1.365379582228055925e-06 1.065735013215738102e-06 1.521842915789438887e-03 1.065735013215739372e-06 1.365379582228052961e-06 1.268737961374540373e-06 8.623952290759518009e-07 4.068208997274961816e-07 1.247680877344243313e-07 2.598844646732749662e-08
1.291685976283488999e-08 6.980292253835876371e-08 2.524949687502857193e-07 5.888411821964003353e-07 9.432001784699260830e-07 1.091276208494087153e-06 9.007451957756892176e-07 7.416404026590983189e-06 1.348028553857851322e-03 1.308149546627109702e-06 1.307188660412796958e-06 9.677268611869755277e-07 5.024436318423244307e-07 1.710880349924713571e-07 4.027811142152889500e-08 1.447499764679466751e-07 7.822312528230001602e-07 2.829529890077353144e-06 6.598720496411133536e-06 1.056976743147057182e-05 1.222914922046663868e-05 1.009400491188205349e-05 8.311031690648480058e-05 1.510638847457915213e-02 1.465949306313992299e-05 1.464872510099866458e-05 1.084462036099951546e-05 5.630525160217750492e-06 1.917260812133509318e-06 4.513678856539713236e-07 9.029729579767296614e-06 4.879680711656886316e-05 1.765104932567980933e-04 4.116384894076631365e-04 6.593585985718308524e-04 7.628734259303207024e-04 6.296797896289889991e-04 5.184551357219059804e-03 9.423601038205965397e-01 9.144820701642065747e-04 9.138103478701290047e-04 6.765043535378276749e-04 3.512409523610572626e-04 1.196017235366131462e-04 2.815703358231090429e-05 2.706994818899070869e-07 1.462864450994703619e-06 5.291553711620514090e-06 1.234038348814761145e-05 1.976670834229452518e-05 2.286994746881867684e-05 1.887697647015313535e-05 1.554260682817682187e-04 2.825072330289304240e-02 2.741497631842037139e-05 2.739483896265856340e-05 2.028071564947971200e-05 1.052974432763755548e-05 3.585503232239147990e-06 8.441110373190937316e-07 1.451281867135022801e-08 7.842751072085444790e-08 2.836923032519556254e-07 6.615961975547768453e-07 1.059738466798602759e-06 1.226110217577943608e-06 1.012037905141227893e-06 8.332747185277500937e-06 1.514585922983481027e-03 1.469779614688763199e-06 1.468700004965644272e-06 1.087295574750369958e-06 5.645236888367319807e-07 1.922270330616655126e-07 4.525472430745019116e-08
4.724296404954519049e-09 3.062314246506292477e-08 1.308827614293074539e-07 3.561689268056021976e-07 6.548030070239573370e-07 8.519394466399558309e-07 7.698109037296664499e-07 4.416164307717251803e-07 1.211036339884076291e-05 1.344178941924403618e-03 1.543632818180285845e-06 1.313872145545979965e-06 7.979079824868250541e-07 3.224883104486516818e-07 9.333475173673349975e-08 5.294179901312853156e-08 3.431715782768228363e-07 1.466709168079887365e-06 3.991329527480273900e-06 7.337907324082954563e-06 9.547073910956838116e-06 8.626718277166011729e-06 4.948878375686282369e-06 1.357121505680692068e-04 1.506324863664574090e-02 1.729838507263530044e-05 1.472362212190893839e-05 8.941582072514995448e-06 3.613895033755884065e-06 1.045935573010255229e-06 3.302592098595613950e-06 2.140757896418615005e-05 9.149560838000951450e-05 2.489853689535353283e-04 4.577501180633032065e-04 5.955613796806478013e-04 5.381481579784197456e-04 3.087187614534819542e-04 8.465935886281052841e-03 9.396689733613114992e-01 1.079100274722108715e-03 9.184825409968732550e-04 5.577898532369339555e-04 2.254404158173093330e-04 6.524709442169025471e-05 9.900739131620517800e-08 6.417712161732098990e-07 2.742918662721315222e-06 7.464255687668813538e-06 1.372274980110459888e-05 1.785415116687739503e-05 1.613297787689897995e-05 9.254984663372948039e-06 2.537976844029156301e-04 2.817004673172983364e-02 3.235001476999482492e-05 2.753490520135669587e-05 1.672181020935696320e-05 6.758408789509237869e-06 1.956022547380491160e-06 5.308012809126378223e-09 3.440682347741489214e-08 1.470541461860888120e-07 4.001758280268471138e-07 7.357080188898723517e-07 9.572019000802845672e-07 8.649258614080460231e-07 4.961809061765581856e-07 1.360667463133928209e-05 1.510260667389552508e-03 1.734358319028394203e-06 1.476209276538726854e-06 8.964945101883433917e-07 3.623337606124326903e-07 1.048668447719849002e-07
1.169336608722276247e-09 9.314288873860407076e-09 4.910778577214553986e-08 1.628213164394446974e-07 3.573715187443145628e-07 5.407815675791595410e-07 5.489783027425229694e-07 3.163822887071255701e-07 8.267587973467598335e-07 1.678022312686212888e-05 1.340130806892057000e-03 1.711465734229690184e-06 1.274784341791009243e-06 6.443566448263731616e-07 2.467883043326785332e-07 1.310391609907127384e-08 1.043785502097182837e-07 5.503157087269443901e-07 1.824621630630533205e-06 4.004806112193999672e-06 6.060150889507125463e-06 6.152005817391737448e-06 3.545469230609694484e-06 9.264892447384320273e-06 1.880439168139659339e-04 1.501788409283012944e-02 1.917916810308962553e-05 1.428559315994752190e-05 7.220842440663945262e-06 2.765579397827229266e-06 8.174427498907022196e-07 6.511296964049095959e-06 3.432955330671622285e-05 1.138227467251862510e-04 2.498260593535832764e-04 3.780416762758720211e-04 3.837717301218616602e-04 2.211719073604163899e-04 5.779584593164636052e-04 1.173047318820372859e-02 9.368390622748998808e-01 1.196426457272324823e-03 8.911576103051324464e-04 4.504474278221430334e-04 1.725211616824368587e-04 2.450586442432272743e-08 1.952001661875724758e-07 1.029155104983721632e-06 3.412257066350383895e-06 7.489458486236858792e-06 1.133319497518194973e-05 1.150497449455828024e-05 6.630444489192573785e-06 1.732643863902816545e-05 3.516642426906465093e-04 2.808520969889082008e-02 3.586730025987576074e-05 2.671573952030398665e-05 1.350382469961385252e-05 5.171958769078008802e-06 1.313815469065175067e-09 1.046512758989987728e-08 5.517536021512435734e-08 1.829389096655784344e-07 4.015270077301661357e-07 6.075985166043481922e-07 6.168080097247461716e-07 3.554733016490969674e-07 9.289100238867776937e-07 1.885352477121729885e-05 1.505712359924713277e-03 1.922928042818162801e-06 1.432291929863693112e-06 7.239709432281084309e-07 2.772805447106673330e-07
2.084236307001196517e-10 1.954862032832027936e-09 1.294505786605470601e-08 5.378644677680648378e-08 1.449421999799437812e-07 2.614315836542940452e-07 3.038518955927846291e-07 1.903040886017108011e-07 5.010890684280739374e-07 1.082198958438765205e-06 2.153904325214740293e-05 1.335821413223372460e-03 1.829122992663732011e-06 1.204733981083449266e-06 6.540842126441472983e-07 2.335654036131225093e-09 2.190673572726125481e-08 1.450659723719397783e-07 6.027461045631486072e-07 1.624263204952894691e-06 2.929676119177111165e-06 3.405050108490426235e-06 2.132601332880460983e-06 5.615345540253054343e-06 1.212742699416500753e-05 2.413725983819272659e-04 1.496959181099178325e-02 2.049766855152004627e-05 1.350058904515754467e-05 7.329852311372964090e-06 1.457017462301779692e-07 1.366576385153329018e-06 9.049441897730980077e-06 3.760024327650642181e-05 1.013240752432077767e-04 1.827577714206358919e-04 2.124123432381653327e-04 1.330350015056898762e-04 3.502940239625217632e-04 7.565278345998861656e-04 1.505719962474200493e-02 9.338265143185501271e-01 1.278676574271583920e-03 8.421878277288447675e-04 4.572476337914048103e-04 4.367947773689622775e-09 4.096817254116725414e-08 2.712904313986913849e-07 1.127206112206414013e-06 3.037563243617884815e-06 5.478838939515079749e-06 6.367844214341830228e-06 3.988215334986956996e-06 1.050135665283445264e-05 2.267971494078343885e-05 4.513951498905912556e-04 2.799489745158059706e-02 3.833305118413073929e-05 2.524768949127930128e-05 1.370768597988391543e-05 2.341756754128790638e-10 2.196397478249912396e-09 1.454450082679815399e-08 6.043209908448398918e-08 1.628507164092523154e-07 2.937330928880501638e-07 3.413947000006995609e-07 2.138173504244229715e-07 5.630017606304332595e-07 1.215911416436939393e-06 2.420032692250734078e-05 1.500870513683025655e-03 2.055122592296393585e-06 1.353586408438385587e-06 7.349004129633774309e-07
3.070908922715532563e-11 2.886139877901347149e-10 2.328450330116913481e-09 1.223297270888603470e-08 4.120190497910548401e-08 9.017296748830015633e-08 1.217074803527972561e-07 8.360240946060395462e-08 2.430251096986078063e-07 5.513199280719267487e-07 1.252928485971531114e-06 2.629578061338909873e-05 1.331413507969140099e-03 1.909068111461081231e-06 1.583914520783772647e-06 3.441347219525145631e-10 3.234289812539808219e-09 2.609327163719507093e-08 1.370861451046413757e-07 4.617201770139190159e-07 1.010503726264169319e-06 1.363888378484184532e-06 9.368721983732473216e-07 2.723407976543137612e-06 6.178246731789770759e-06 1.404067027051127674e-05 2.946779399081267772e-04 1.492019558051950641e-02 2.139355611839905235e-05 1.774979320208795123e-05 2.146766137076177460e-08 2.017600493102519629e-07 1.627739033086874586e-06 8.551647811160513910e-06 2.880282568392128964e-05 6.303680048979616406e-05 8.508148695572770163e-05 5.844355079384649541e-05 1.698904425660568149e-04 3.854086793409348586e-04 8.758789379801371023e-04 1.838247007302638153e-02 9.307451003224429531e-01 1.334563439749482470e-03 1.107259818775427861e-03 6.435724081343913889e-10 6.048502375613203755e-09 4.879748712474185048e-08 2.563672157993647067e-07 8.634710398274999960e-07 1.889760826372944035e-06 2.550631692110088409e-06 1.752061208471807326e-06 5.093093250956888320e-06 1.155404809101194306e-05 2.625770490854671126e-05 5.510824084671207433e-04 2.790252069047542000e-02 4.000846631098195499e-05 3.319420106795104724e-05 3.450338950015871425e-11 3.242740532699127454e-10 2.616144949058103034e-09 1.374443308941484228e-08 4.629265834382065886e-08 1.013144022807014303e-07 1.367452016773625988e-07 9.393201066413320916e-08 2.730523838145951209e-07 6.194389575267543531e-07 1.407735646197294739e-06 2.954478897121404134e-05 1.495917984132520955e-03 2.144945431134030413e-06 1.779617078230821122e-06
4.517049720578161305e-12 3.417261164207608499e-11 2.904837426546359227e-10 1.855542615272293952e-09 7.801000362699387087e-09 2.089429469077524011e-08 3.304627475659999567e-08 2.504832006471679443e-08 8.121642014559464605e-08 2.195209355020896055e-07 5.363657575265916404e-07 1.397171453669092117e-06 3.102269451484093059e-05 1.326979758696496085e-03 3.275407862838538424e-06 5.061933416971105537e-11 3.829479317621064504e-10 3.255242813316057398e-09 2.079373429978222696e-08 8.742021200664898302e-08 2.341473640138272395e-07 3.703258826990095447e-07 2.806985448863930112e-07 9.101341286301590583e-07 2.460013566112700733e-06 6.010666075633460126e-06 1.565709768113963162e-05 3.476490713258294707e-04 1.487050973468207089e-02 3.670514504097634884e-05 3.157713114803722208e-09 2.388889001103719768e-08 2.030671302197682531e-07 1.297145617996996558e-06 5.453409344082114097e-06 1.460647822162777796e-05 2.310150687935456110e-05 1.751041358075500770e-05 5.677558824796995868e-05 1.534594879155339530e-04 3.749547363088505760e-04 9.767142041366715967e-04 2.168689197282605563e-02 9.276456196675815224e-01 2.289724267965917610e-03 9.466410888423980815e-11 7.161576757960230137e-10 6.087686951615021296e-09 3.888672895745781559e-08 1.634860790609246787e-07 4.378831117700811785e-07 6.925529594075134581e-07 5.249392954811531195e-07 1.702057873046098652e-06 4.600514722268798365e-06 1.124065255269674606e-05 2.928061429510978261e-05 6.501446548300385698e-04 2.780960231457202739e-02 6.864293858787896526e-05 5.075159499125548186e-12 3.839485179787047395e-11 3.263748280562471975e-10 2.084806524716777172e-09 8.764862807037719166e-09 2.347591563899004240e-08 3.712934893712096235e-08 2.814319686020928149e-08 9.125121742829262177e-08 2.466441217139750400e-07 6.026371055681739073e-07 1.569800735797113703e-06 3.485574268492062667e-05 1.490936417373295644e-03 3.680105014754591909e-06
5.396770792030076925e-13 3.417248593304772863e-12 2.360140695994867971e-11 1.536804379705791892e-10 7.637434473203384328e-10 2.496959736867771949e-09 4.680855327722777962e-09 3.955340918044263455e-09 1.455301906463087782e-08 4.837894308721426863e-08 1.544891141342923269e-07 4.504638997224607452e-07 1.422608827326084906e-06 3.300277433200051060e-05 1.328495763973377248e-03 6.047773681006565847e-12 3.829465230312515774e-11 2.644840282227559903e-10 1.722186366366717299e-09 8.558724648018043639e-09 2.798163561339892137e-08 5.245498603981366306e-08 4.432466677829427898e-08 1.630852394328828855e-07 5.421480918734900522e-07 1.731248619717525330e-06 5.048025610070964562e-06 1.594215607039692272e-05 3.698384046623401410e-04 1.488749851772864542e-02 3.772695666808338553e-10 2.388880213220653803e-09 1.649892671000104622e-08 1.074326749731602181e-07 5.339066092104371057e-07 1.745538126871672160e-06 3.272223945092465636e-06 2.765041932907819694e-06 1.017351191664358888e-05 3.382004461250117099e-05 1.079979924891824621e-04 3.149037207669208149e-04 9.944965916178010682e-04 2.307109723816076416e-02 9.287054064844303403e-01 1.131004813944421209e-11 7.161550413036254961e-11 4.946162421236020664e-10 3.220691073456346872e-09 1.600582179279249471e-08 5.232894987486632273e-08 9.809699379581041247e-08 8.289234046600355484e-08 3.049885802789663479e-07 1.013880700769949794e-06 3.237638553149802982e-06 9.440401653645785784e-06 2.981370701238153934e-05 6.916413181404190659e-04 2.784137333713703963e-02 6.063575617730643070e-13 3.839471055670448102e-12 2.651750858083979148e-11 1.726686184220990224e-10 8.581087327651960031e-10 2.805474748211645541e-09 5.259204314776508709e-09 4.444048056642364101e-09 1.635113570044188043e-08 5.435646445248846415e-08 1.735772115897340809e-07 5.061215353186249871e-07 1.598381056257161230e-06 3.708047376266443174e-05 1.492639734595294998e-03
1.281252046660356220e-03 3.182913585804463880e-05 1.372018278896953443e-06 4.344445869663882314e-07 1.489952012186287655e-07 4.665850018246709027e-08 1.403548732882532308e-08 3.814681825801172055e-09 4.514395628051484887e-09 2.408163322795897342e-09 7.365833460213126286e-10 1.482152830454526738e-10 2.276209814962111115e-11 3.295725039130773346e-12 5.204851843294849558e-13 1.416031415344224352e-02 3.517735360168234237e-04 1.516345663921984878e-05 4.801453273570692589e-06 1.646685257682488152e-06 5.156667044820098354e-07 1.551192916263959764e-07 4.215961503403591598e-08 4.989280639415127719e-08 2.661486416546331699e-08 8.140671156032400037e-09 1.638065652839757333e-09 2.515652259290118386e-10 3.642413843482328901e-11 5.752368350574472807e-12 9.124854832465300047e-01 2.266815845520082570e-02 9.771276194294612263e-04 3.094038990338884919e-04 1.061117978619195457e-04 3.322937449936650501e-05 9.995830618359779758e-06 2.716750227498887531e-06 3.215074260342283206e-06 1.715052146894630849e-06 5.245818823841257894e-07 1.055563536673144917e-07 1.621077147459016003e-08 2.347158205770367114e-09 3.706805200299895327e-10 4.405708668370579562e-02 1.094475518084423371e-03 4.717817107301424247e-05 1.493879590447108794e-05 5.123343617405691375e-06 1.604397505103520551e-06 4.826237612700037701e-07 1.311715117319386708e-07 1.552318453094578924e-07 8.280701719656626786e-08 2.532812838037758325e-08 5.096525379221112336e-09 7.826966863349055345e-10 1.133266823753491087e-10 1.789738478339183875e-11 2.271277707526448385e-03 5.642356389801842019e-05 2.432179163576805819e-06 7.701406667831582655e-07 2.641240495485406366e-07 8.271160355004582740e-08 2.488073253605617624e-08 6.762293035809888193e-09 8.002676896926163923e-09 4.268955265598154578e-09 1.305742564793681749e-09 2.627414872610914963e-10 4.035041055233389761e-11 5.842337447207036441e-12 9.226649817627419949e-13
3.158928422441983828e-06 1.279789953278934666e-03 2.991947126814911419e-05 1.347485504353349271e-06 5.172916190068156424e-07 2.117143731460839233e-07 7.832821703754912079e-08 2.415755640223914272e-08 3.187108932869990319e-08 2.015125569991463168e-08 7.523582650209033715e-09 1.789556156636201825e-09 2.801536142531836379e-10 3.295737163328032903e-11 4.356415245038942488e-12 3.491227113869651731e-05 1.414415519263780008e-02 3.306680473730316577e-04 1.489232201313398265e-05 5.717073274670860369e-06 2.339853460029134528e-06 8.656783520633274232e-07 2.669877396308167110e-07 3.522372030414765578e-07 2.227103652563195162e-07 8.315014533170062670e-08 1.977805806378767107e-08 3.096239494319398248e-09 3.642427243066157643e-10 4.814681749261569202e-11 2.249734028215980095e-03 9.114442057015101906e-01 2.130812845900170033e-02 9.596558029409346744e-04 3.684061182022375989e-04 1.507793041923247862e-04 5.578399750591288259e-05 1.720459263671788791e-05 2.269803698928357606e-05 1.435137476914825088e-05 5.358165060665122136e-06 1.274490853412747929e-06 1.995205445731039121e-07 2.347166840413351104e-08 3.102563371862207730e-09 1.086227988457930138e-04 4.400681119340482672e-02 1.028809860345081088e-03 4.633458797203372564e-05 1.778757096134358766e-05 7.280002802099766472e-06 2.693391247099577223e-06 8.306808634992154688e-07 1.095918128613834051e-06 6.929203519875473384e-07 2.587056417636710172e-07 6.153561348353554907e-08 9.633352079380441094e-09 1.133270992775589471e-09 1.497995375548278803e-10 5.599837849442372824e-06 2.268685852073650238e-03 5.303829819390663586e-05 2.388689871934385224e-06 9.170037430206734184e-07 3.753064335335317812e-07 1.388525651072298874e-07 4.282414179765485269e-08 5.649793488763052790e-08 3.572216564974915703e-08 1.333706790845219839e-08 3.172349277824789001e-09 4.966287939947359617e-10 5.842358939792377779e-11 7.722624800152425809e-12
1.527587649522936943e-06 1.841178189163235129e-06 1.284066030391114478e-03 2.536065499273324627e-05 1.208372078032650878e-06 5.317139921425835606e-07 2.343826963060138108e-07 8.062935624782547664e-08 1.173793417522869135e-07 8.696625332268341230e-08 3.973669055812096166e-08 1.179794602665706999e-08 2.245646415978756341e-09 2.783503512613285111e-10 2.961701835267935716e-11 1.688279918892285973e-05 2.034858140439606177e-05 1.419141411831962608e-02 2.802843068779605450e-04 1.335484948788226535e-05 5.876468403032186645e-06 2.590382290880983862e-06 8.911103927092341691e-07 1.297268838453025926e-06 9.611453663679373736e-07 4.391673154300727557e-07 1.303901309178598968e-07 2.481873789836790938e-08 3.076309949205692458e-09 3.273253574543387456e-10 1.087921426708849401e-03 1.311255169551307775e-03 9.144895536486820076e-01 1.806141858411966852e-02 8.605816337536967850e-04 3.786774821814450063e-04 1.669232907458622283e-04 5.742282893629356225e-05 8.359553115343261291e-05 6.193585711424432101e-05 2.829978174946609285e-05 8.402292514974954993e-06 1.599310424850707795e-06 1.982362919494047132e-07 2.109272673890212512e-08 5.252757384264384731e-05 6.331068683288994855e-05 4.415384822681957949e-02 8.720505682568414040e-04 4.155103871000235557e-05 1.828349816402279033e-05 8.059474945020002408e-06 2.772518137021568601e-06 4.036201813637143381e-06 2.990418451374585397e-06 1.366384408911553286e-06 4.056837467233336850e-07 7.721871669794581820e-08 9.571345143155236090e-09 1.018409725298020474e-09 2.707957254544711961e-06 3.263859743701872648e-06 2.276266061327460784e-03 4.495687673897130022e-05 2.142083261749134095e-06 9.425703086923389574e-07 4.154906090002989058e-07 1.429317985444282108e-07 2.080785610770386679e-07 1.541652268917467878e-07 7.044129971989951030e-08 2.091423921998216038e-08 3.980861265270851599e-09 4.934321465865356847e-10 5.250213939027902548e-11
6.308237924914707219e-07 1.161891457092654050e-06 1.764076063693710101e-06 1.288317182545019876e-03 2.077307583381418258e-05 1.043714001952334311e-06 4.832694329128973457e-07 1.835365302780627319e-07 2.930463714430672231e-07 2.521346026854433467e-07 1.397877926357317581e-07 5.187370323956278792e-08 1.248470814495761558e-08 1.885343595687011563e-09 2.010117086170364018e-10 6.971823460051043768e-06 1.284114869320022005e-05 1.949645373646967926e-05 1.423839757498632404e-02 2.295826808681495517e-04 1.153505915757518097e-05 5.341062290311849360e-06 2.028433776277180572e-06 3.238729406892547158e-06 2.786575203751196753e-06 1.544925577834355776e-06 5.733047889283592104e-07 1.379801811106906264e-07 2.083669460017302484e-08 2.221568308871525808e-09 4.492617628478039757e-04 8.274789417653538332e-04 1.256344373192561223e-03 9.175171504729150440e-01 1.479422428252285399e-02 7.433150081009062653e-04 3.441761074093322619e-04 1.307115332698975218e-04 2.087025426081163789e-04 1.795658905476753633e-04 9.955444117935872744e-05 3.694355165458493637e-05 8.891392583167084023e-06 1.342709005991742836e-06 1.431570521613765775e-07 2.169148418563123128e-05 3.995275775411736701e-05 6.065945592624438640e-05 4.430002819151772353e-02 7.143022366934441338e-04 3.588911204229356918e-05 1.661768529691406816e-05 6.311080513130857648e-06 1.007668196329144405e-05 8.669891357776672971e-06 4.806737997827295122e-06 1.783727289402004760e-06 4.292987241635010655e-07 6.482935690932880462e-08 6.911981365465240839e-09 1.118262422290575507e-06 2.059686985038258848e-06 3.127180673226786276e-06 2.283802086064854169e-03 3.682446727096291513e-05 1.850193606985089343e-06 8.566925551963487826e-07 3.253555230010273008e-07 5.194838068474072093e-07 4.469594439815108274e-07 2.478020605121669323e-07 9.195660298218743643e-08 2.213166360867713907e-08 3.342151835833755963e-09 3.563338017088088074e-10
2.380120649179734865e-07 6.214421546168640422e-07 1.229450700004670896e-06 1.650602910627571678e-06 1.292473326363916073e-03 1.618348797771579879e-05 7.973577559831936491e-07 3.051311610664760021e-07 5.294556392541732930e-07 5.215503948500941853e-07 3.446627397890957879e-07 1.570310953073930465e-07 4.736142390046909497e-08 8.983055879023632449e-09 1.127752879451430533e-09 2.630493836347740202e-06 6.868138209420978285e-06 1.358780904476528150e-05 1.824235584091009872e-05 1.428433100572374694e-02 1.788588548679678379e-04 8.812345975825646964e-06 3.372289714555485952e-06 5.851509234028259605e-06 5.764140987855869332e-06 3.809190147341463792e-06 1.735497435658939179e-06 5.234353716219052722e-07 9.928014838022012692e-08 1.246385135704263698e-08 1.695080641168754008e-04 4.425803230858398008e-04 8.755934626958972525e-04 1.175530761865304068e-03 9.204770840089531170e-01 1.152559942163745507e-02 5.678643629761667656e-04 2.173091201571565525e-04 3.770691224273329243e-04 3.714391444858028716e-04 2.454628248152145031e-04 1.118348222426546873e-04 3.372998457852959502e-05 6.397576578446908888e-06 8.031660389313661274e-07 8.184274283261852324e-06 2.136888752390956201e-05 4.227584744518834140e-05 5.675757217594000215e-05 4.444294120303355494e-02 5.564848341412579041e-04 2.741791505023759005e-05 1.049222910359115902e-05 1.820584252302191912e-05 1.793401307394965611e-05 1.185156054432203110e-05 5.399665581825247817e-06 1.628568214728350989e-06 3.088910355915552679e-07 3.877886985413845581e-08 4.219243969830980110e-07 1.101631576689024190e-06 2.179449371184991035e-06 2.926026619554334063e-06 2.291169689363313413e-03 2.868849698200875590e-05 1.413477465896310139e-06 5.409065342048694944e-07 9.385669226415270555e-07 9.245532822853351692e-07 6.109842318210784063e-07 2.783692928255585410e-07 8.395767763433783515e-08 1.592427861221544626e-08 1.999169469717773162e-09
9.001559879239612038e-08 3.110200416074908435e-07 7.695329283928140866e-07 1.267148470610067827e-06 1.488738437276054202e-06 1.296377502377122574e-03 1.167969692591082715e-05 4.259117500478940773e-07 7.424350326832204819e-07 8.216429357466937386e-07 6.315170252402961939e-07 3.435029141994659437e-07 1.262283332031909757e-07 2.953412801346350869e-08 4.556291861837867732e-09 9.948465338517728522e-07 3.437373238667871948e-06 8.504827793925261308e-06 1.400444234970183065e-05 1.645344022597445169e-05 1.432747970468695349e-02 1.290832495596655190e-04 4.707148915813052409e-06 8.205343615815863356e-06 9.080744200531187463e-06 6.979485023230911594e-06 3.796371830480883336e-06 1.395067315507199847e-06 3.264092588251570286e-07 5.035584084065820345e-08 6.410754806433417881e-05 2.215030787309245407e-04 5.480480034111316016e-04 9.024411610217998722e-04 1.060253691618595877e-03 9.232575704443708453e-01 8.318077556552724156e-03 3.033269605897074704e-04 5.287493521223526676e-04 5.851598467570411381e-04 4.497554711868174612e-04 2.446368171484220142e-04 8.989762937163205049e-05 2.103369367711464054e-05 3.244912031319839396e-06 3.095273134758604390e-06 1.069472393756370908e-05 2.646113153187847051e-05 4.357212162611435395e-05 5.119170623094643625e-05 4.457719005866710160e-02 4.016176374082877187e-04 1.464538608182463338e-05 2.552934426696410386e-05 2.825298436603594193e-05 2.171532166193934426e-05 1.181167882341200940e-05 4.340482914636780578e-06 1.015559461082175192e-06 1.566724876939588286e-07 1.595708068523469980e-07 5.513457628718258161e-07 1.364152346153848642e-06 2.246276273996706846e-06 2.639089189154063354e-06 2.298090628899112937e-03 2.070461883564010764e-05 7.550144920968812180e-07 1.316115859807152541e-06 1.456527845846049805e-06 1.119491317177134905e-06 6.089282070028458667e-07 2.237651834468668635e-07 5.235519954333713416e-08 8.076946422642326813e-09
3.884574877386016808e-08 1.650038343649518147e-07 4.845758255969439927e-07 9.333127399635884598e-07 1.260702662322277800e-06 1.261629377681170415e-06 1.300090215132657405e-03 7.152663256907626136e-06 8.687130639809953322e-07 1.052468448542844975e-06 9.096582705394491107e-07 5.679009224617753165e-07 2.435157900053549696e-07 6.732060409259879714e-08 1.245751281739823705e-08 4.293206848701877330e-07 1.823611628344696284e-06 5.355500457151917135e-06 1.031491160208679596e-05 1.393320369641274446e-05 1.394344569418901724e-05 1.436851236419910832e-02 7.905076836021200052e-05 9.600960191426858201e-06 1.163181273099134489e-05 1.005348394696469807e-05 6.276403999548205184e-06 2.691320647477246320e-06 7.440229308788073258e-07 1.376796201221245195e-07 2.766526846484361772e-05 1.175128687056419354e-04 3.451064976184400781e-04 6.646891443144562102e-04 8.978505681671546590e-04 8.985105587711074426e-04 9.259017000687647103e-01 5.094002702661984405e-03 6.186823756148924439e-04 7.495497731094929441e-04 6.478428414970780012e-04 4.044491862622966324e-04 1.734277216574081799e-04 4.794456650274324161e-05 8.872024542604924901e-06 1.335748516838931074e-06 5.673815899618688925e-06 1.666260686864854884e-05 3.209285822782604941e-05 4.335047629472001021e-05 4.338234229564018866e-05 4.470485526562513467e-02 2.459512208783011674e-04 2.987153609848948983e-05 3.619014212713232622e-05 3.127947649501806730e-05 1.952782064533741205e-05 8.373525175691708187e-06 2.314883865230070961e-06 4.283635866105126458e-07 6.886192568606291586e-08 2.925025810700993325e-07 8.590083997550247640e-07 1.654485099910761427e-06 2.234849778554840587e-06 2.236492568465975941e-06 2.304672161188622576e-03 1.267953846177491230e-05 1.539969143151794504e-06 1.865712629518232495e-06 1.612552781264752165e-06 1.006718942329277631e-06 4.316808599147332772e-07 1.193393507009681306e-07 2.208345440472269428e-08
2.230796183033052074e-08 1.070984270768951839e-07 3.492069106289658528e-07 7.402627885845984643e-07 1.089059249871546254e-06 1.172014481225289667e-06 9.148055858572547781e-07 1.306319472380558511e-03 9.148055858572559428e-07 1.172014481225287126e-06 1.089059249871547525e-06 7.402627885845997348e-07 3.492069106289655352e-07 1.070984270768949721e-07 2.230796183033048104e-08 2.465461409125978712e-07 1.183644839203428416e-06 3.859412027436949101e-06 8.181336115547180484e-06 1.203621188359457570e-05 1.295302769645694378e-05 1.011037174053891136e-05 1.443735770950240263e-02 1.011037174053892491e-05 1.295302769645691498e-05 1.203621188359458755e-05 8.181336115547194036e-06 3.859412027436945713e-06 1.183644839203426087e-06 2.465461409125974477e-07 1.588734346536448922e-05 7.627364205265524334e-05 2.486991044649381226e-04 5.272023175546989519e-04 7.756091071178379493e-04 8.346883839603233763e-04 6.515086701819434393e-04 9.303380690290592447e-01 6.515086701819443066e-04 8.346883839603215331e-04 7.756091071178388167e-04 5.272023175546999276e-04 2.486991044649379057e-04 7.627364205265509426e-05 1.588734346536446211e-05 7.670807712326770404e-07 3.682682652265151889e-06 1.200781623899160228e-05 2.545464955970442572e-05 3.744835210241926070e-05 4.030084769697854735e-05 3.145647189396086980e-05 4.491905428076913009e-02 3.145647189396091046e-05 4.030084769697845926e-05 3.744835210241929458e-05 2.545464955970446977e-05 1.200781623899159211e-05 3.682682652265144689e-06 7.670807712326756640e-07 3.954536231777973351e-08 1.898535659435177134e-07 6.190396912872240091e-07 1.312265118956149647e-06 1.930577205988594591e-06 2.077632087334983164e-06 1.621677435984652574e-06 2.315714776229498614e-03 1.621677435984654691e-06 2.077632087334978929e-06 1.930577205988596709e-06 1.312265118956151976e-06 6.190396912872234797e-07 1.898535659435173164e-07 3.954536231777966072e-08
1.245751281739778210e-08 6.732060409259892948e-08 2.435157900053562401e-07 5.679009224617751048e-07 9.096582705394486871e-07 1.052468448542845610e-06 8.687130639809948028e-07 7.152663256907627830e-06 1.300090215132657405e-03 1.261629377681169144e-06 1.260702662322278223e-06 9.333127399635895186e-07 4.845758255969429339e-07 1.650038343649512853e-07 3.884574877386055851e-08 1.376796201221194902e-07 7.440229308788087022e-07 2.691320647477261143e-06 6.276403999548202643e-06 1.005348394696469299e-05 1.163181273099134997e-05 9.600960191426851425e-06 7.905076836021202762e-05 1.436851236419910832e-02 1.394344569418900199e-05 1.393320369641274785e-05 1.031491160208680951e-05 5.355500457151905277e-06 1.823611628344690355e-06 4.293206848701920211e-07 8.872024542604601334e-06 4.794456650274332970e-05 1.734277216574091286e-04 4.044491862622964697e-04 6.478428414970776759e-04 7.495497731094933778e-04 6.186823756148921187e-04 5.094002702661986140e-03 9.259017000687647103e-01 8.985105587711065753e-04 8.978505681671548758e-04 6.646891443144570776e-04 3.451064976184393192e-04 1.175128687056415424e-04 2.766526846484389216e-05 4.283635866104970286e-07 2.314883865230075197e-06 8.373525175691753927e-06 1.952782064533740527e-05 3.127947649501805374e-05 3.619014212713234655e-05 2.987153609848947289e-05 2.459512208783012216e-04 4.470485526562513467e-02 4.338234229564014123e-05 4.335047629472002376e-05 3.209285822782609007e-05 1.666260686864851496e-05 5.673815899618671137e-06 1.335748516838944415e-06 2.208345440472189026e-08 1.193393507009683424e-07 4.316808599147356066e-07 1.006718942329277419e-06 1.612552781264751530e-06 1.865712629518233554e-06 1.539969143151793657e-06 1.267953846177491569e-05 2.304672161188622576e-03 2.236492568465973400e-06 2.234849778554841010e-06 1.654485099910763544e-06 8.590083997550228582e-07 2.925025810700983796e-07 6.886192568606360408e-08
4.556291861837989328e-09 2.953412801346336642e-08 1.262283332031910287e-07 3.435029141994655202e-07 6.315170252402955586e-07 8.216429357466954327e-07 7.424350326832199525e-07 4.259117500478934949e-07 1.167969692591081699e-05 1.296377502377122574e-03 1.488738437276055261e-06 1.267148470610069097e-06 7.695329283928129219e-07 3.110200416074909494e-07 9.001559879239667625e-08 5.035584084065954017e-08 3.264092588251554404e-07 1.395067315507200482e-06 3.796371830480878677e-06 6.979485023230903970e-06 9.080744200531206097e-06 8.205343615815856580e-06 4.707148915813045633e-06 1.290832495596653834e-04 1.432747970468695349e-02 1.645344022597446186e-05 1.400444234970184251e-05 8.504827793925247756e-06 3.437373238667873218e-06 9.948465338517789932e-07 3.244912031319926216e-06 2.103369367711453890e-05 8.989762937163209115e-05 2.446368171484216889e-04 4.497554711868169733e-04 5.851598467570423307e-04 5.287493521223522340e-04 3.033269605897070367e-04 8.318077556552715482e-03 9.232575704443708453e-01 1.060253691618596528e-03 9.024411610218006311e-04 5.480480034111308426e-04 2.215030787309246491e-04 6.410754806433457183e-05 1.566724876939629843e-07 1.015559461082170322e-06 4.340482914636782273e-06 1.181167882341199584e-05 2.171532166193932054e-05 2.825298436603599953e-05 2.552934426696408353e-05 1.464538608182461305e-05 4.016176374082872850e-04 4.457719005866710160e-02 5.119170623094646336e-05 4.357212162611439460e-05 2.646113153187842985e-05 1.069472393756371417e-05 3.095273134758623448e-06 8.076946422642541880e-09 5.235519954333688270e-08 2.237651834468669694e-07 6.089282070028450196e-07 1.119491317177133635e-06 1.456527845846052981e-06 1.316115859807151482e-06 7.550144920968802651e-07 2.070461883564008731e-05 2.298090628899112937e-03 2.639089189154064625e-06 2.246276273996708964e-06 1.364152346153846524e-06 5.513457628718260279e-07 1.595708068523479774e-07
1.127752879451650564e-09 8.983055879023926925e-09 4.736142390046843984e-08 1.570310953073935494e-07 3.446627397890963703e-07 5.215503948500952441e-07 5.294556392541736106e-07 3.051311610664764786e-07 7.973577559831937550e-07 1.618348797771581912e-05 1.292473326363916073e-03 1.650602910627574431e-06 1.229450700004668567e-06 6.214421546168628775e-07 2.380120649179726924e-07 1.246385135704506889e-08 9.928014838022339594e-08 5.234353716218980724e-07 1.735497435658944685e-06 3.809190147341470145e-06 5.764140987855881190e-06 5.851509234028262994e-06 3.372289714555491458e-06 8.812345975825648658e-06 1.788588548679680818e-04 1.428433100572374694e-02 1.824235584091012921e-05 1.358780904476525439e-05 6.868138209420965579e-06 2.630493836347731308e-06 8.031660389315229344e-07 6.397576578447118952e-06 3.372998457852912745e-05 1.118348222426550397e-04 2.454628248152149368e-04 3.714391444858036306e-04 3.770691224273331412e-04 2.173091201571569048e-04 5.678643629761668740e-04 1.152559942163747068e-02 9.204770840089531170e-01 1.175530761865306020e-03 8.755934626958955178e-04 4.425803230858389877e-04 1.695080641168748316e-04 3.877886985414602616e-08 3.088910355915654323e-07 1.628568214728328755e-06 5.399665581825264757e-06 1.185156054432205143e-05 1.793401307394969338e-05 1.820584252302192928e-05 1.049222910359117596e-05 2.741791505023759344e-05 5.564848341412586630e-04 4.444294120303355494e-02 5.675757217594009702e-05 4.227584744518826009e-05 2.136888752390952135e-05 8.184274283261825218e-06 1.999169469718163591e-09 1.592427861221596904e-08 8.395767763433668372e-08 2.783692928255594410e-07 6.109842318210793592e-07 9.245532822853370750e-07 9.385669226415275849e-07 5.409065342048703414e-07 1.413477465896310351e-06 2.868849698200879656e-05 2.291169689363313413e-03 2.926026619554339145e-06 2.179449371184986800e-06 1.101631576689022284e-06 4.219243969830966346e-07
2.010117086171319153e-10 1.885343595687109171e-09 1.248470814495702994e-08 5.187370323956309232e-08 1.397877926357310964e-07 2.521346026854436643e-07 2.930463714430675937e-07 1.835365302780611437e-07 4.832694329128977692e-07 1.043714001952331559e-06 2.077307583381412159e-05 1.288317182545020093e-03 1.764076063693709254e-06 1.161891457092655744e-06 6.308237924914719925e-07 2.221568308872581291e-09 2.083669460017410348e-08 1.379801811106841413e-07 5.733047889283625985e-07 1.544925577834348576e-06 2.786575203751200141e-06 3.238729406892550969e-06 2.028433776277163208e-06 5.341062290311855289e-06 1.153505915757515048e-05 2.295826808681488741e-04 1.423839757498632577e-02 1.949645373646966909e-05 1.284114869320024038e-05 6.971823460051058167e-06 1.431570521614446049e-07 1.342709005991812293e-06 8.891392583166667283e-06 3.694355165458515321e-05 9.955444117935825310e-05 1.795658905476756073e-04 2.087025426081166228e-04 1.307115332698963834e-04 3.441761074093326414e-04 7.433150081009043137e-04 1.479422428252281235e-02 9.175171504729151550e-01 1.256344373192560572e-03 8.274789417653550258e-04 4.492617628478048431e-04 6.911981365468525574e-09 6.482935690933216628e-08 4.292987241634808955e-07 1.783727289402015136e-06 4.806737997827272252e-06 8.669891357776683135e-06 1.007668196329145590e-05 6.311080513130803438e-06 1.661768529691408510e-05 3.588911204229347431e-05 7.143022366934420738e-04 4.430002819151773047e-02 6.065945592624435252e-05 3.995275775411742799e-05 2.169148418563127532e-05 3.563338017089781210e-10 3.342151835833928430e-09 2.213166360867610013e-08 9.195660298218796583e-08 2.478020605121657676e-07 4.469594439815113568e-07 5.194838068474078446e-07 3.253555230010245479e-07 8.566925551963496296e-07 1.850193606985084684e-06 3.682446727096280671e-05 2.283802086064854603e-03 3.127180673226784582e-06 2.059686985038262236e-06 1.118262422290577836e-06
2.961701835291417306e-11 2.783503512611332448e-10 2.245646415978382042e-09 1.179794602665711466e-08 3.973669055812082931e-08 8.696625332268474902e-08 1.173793417522869532e-07 8.062935624782505312e-08 2.343826963060145254e-07 5.317139921425840900e-07 1.208372078032652148e-06 2.536065499273332081e-05 1.284066030391114261e-03 1.841178189163234917e-06 1.527587649522934191e-06 3.273253574569339214e-10 3.076309949203534758e-09 2.481873789836377348e-08 1.303901309178603997e-07 4.391673154300713263e-07 9.611453663679519849e-07 1.297268838453026349e-06 8.911103927092294046e-07 2.590382290880991485e-06 5.876468403032191727e-06 1.335484948788227721e-05 2.802843068779613581e-04 1.419141411831962435e-02 2.034858140439605839e-05 1.688279918892282585e-05 2.109272673906935788e-08 1.982362919492656675e-07 1.599310424850441615e-06 8.402292514974987181e-06 2.829978174946599798e-05 6.193585711424526969e-05 8.359553115343264001e-05 5.742282893629325731e-05 1.669232907458627433e-04 3.786774821814453316e-04 8.605816337536975440e-04 1.806141858411972403e-02 9.144895536486818965e-01 1.311255169551307559e-03 1.087921426708847233e-03 1.018409725306094998e-09 9.571345143148522692e-09 7.721871669793295389e-08 4.056837467233352203e-07 1.366384408911548839e-06 2.990418451374631561e-06 4.036201813637144228e-06 2.772518137021553778e-06 8.059474945020027819e-06 1.828349816402280727e-05 4.155103871000239622e-05 8.720505682568441145e-04 4.415384822681957949e-02 6.331068683288994855e-05 5.252757384264375245e-05 5.250213939069529120e-11 4.934321465861896130e-10 3.980861265270189027e-09 2.091423921998223979e-08 7.044129971989928531e-08 1.541652268917491436e-07 2.080785610770387209e-07 1.429317985444274432e-07 4.154906090003001234e-07 9.425703086923398044e-07 2.142083261749136213e-06 4.495687673897143575e-05 2.276266061327460351e-03 3.263859743701872225e-06 2.707957254544706879e-06
4.356415245200088419e-12 3.295737163300199568e-11 2.801536142536551825e-10 1.789556156635798781e-09 7.523582650209391057e-09 2.015125569991420155e-08 3.187108932869936056e-08 2.415755640223870597e-08 7.832821703754852522e-08 2.117143731460816204e-07 5.172916190068104544e-07 1.347485504353345671e-06 2.991947126814887702e-05 1.279789953278934666e-03 3.158928422442000345e-06 4.814681749439667004e-11 3.642427243035396864e-10 3.096239494324609900e-09 1.977805806378321753e-08 8.315014533170457070e-08 2.227103652563147251e-07 3.522372030414705756e-07 2.669877396308118935e-07 8.656783520633208587e-07 2.339853460029109117e-06 5.717073274670802771e-06 1.489232201313394199e-05 3.306680473730290557e-04 1.414415519263780181e-02 3.491227113869670027e-05 3.102563371976973250e-09 2.347166840393528548e-08 1.995205445734397342e-07 1.274490853412460996e-06 5.358165060665375399e-06 1.435137476914794425e-05 2.269803698928319320e-05 1.720459263671757620e-05 5.578399750591245569e-05 1.507793041923231327e-04 3.684061182022339126e-04 9.596558029409320723e-04 2.130812845900153032e-02 9.114442057015103016e-01 2.249734028215991805e-03 1.497995375603690340e-10 1.133270992766018785e-09 9.633352079396655488e-09 6.153561348352169214e-08 2.587056417636832462e-07 6.929203519875325154e-07 1.095918128613815416e-06 8.306808634992004339e-07 2.693391247099556894e-06 7.280002802099686851e-06 1.778757096134340809e-05 4.633458797203359689e-05 1.028809860345073065e-03 4.400681119340483366e-02 1.086227988457935830e-04 7.722624800438089079e-12 5.842358939743037748e-11 4.966287939955718277e-10 3.172349277824074731e-09 1.333706790845283035e-08 3.572216564974838941e-08 5.649793488762957499e-08 4.282414179765407845e-08 1.388525651072288287e-07 3.753064335335276519e-07 9.170037430206642069e-07 2.388689871934378448e-06 5.303829819390621573e-05 2.268685852073650672e-03 5.599837849442402471e-06
5.204851840825240851e-13 3.295725039441453983e-12 2.276209815005794006e-11 1.482152830450503280e-10 7.365833460212895709e-10 2.408163322795848125e-09 4.514395628051115964e-09 3.814681825801607979e-09 1.403548732882460012e-08 4.665850018246678586e-08 1.489952012186273626e-07 4.344445869663867490e-07 1.372018278896945184e-06 3.182913585804471334e-05 1.281252046660356220e-03 5.752368347845078092e-12 3.642413843825690927e-11 2.515652259338396782e-10 1.638065652835310824e-09 8.140671156032143611e-09 2.661486416546277436e-08 4.989280639414720084e-08 4.215961503404073348e-08 1.551192916263879825e-07 5.156667044820065531e-07 1.646685257682472482e-06 4.801453273570676496e-06 1.516345663921975730e-05 3.517735360168242368e-04 1.416031415344224352e-02 3.706805198541083421e-10 2.347158205991628415e-09 1.621077147490126266e-08 1.055563536670279564e-07 5.245818823841093781e-07 1.715052146894595909e-06 3.215074260342020625e-06 2.716750227499197545e-06 9.995830618359266456e-06 3.322937449936628817e-05 1.061117978619185428e-04 3.094038990338874619e-04 9.771276194294553716e-04 2.266815845520087774e-02 9.124854832465300047e-01 1.789738477489985071e-11 1.133266823860321592e-10 7.826966863499263073e-10 5.096525379207277740e-09 2.532812838037678915e-08 8.280701719656456056e-08 1.552318453094452134e-07 1.311715117319536526e-07 4.826237612699789944e-07 1.604397505103510175e-06 5.123343617405643094e-06 1.493879590447103543e-05 4.717817107301395786e-05 1.094475518084425756e-03 4.405708668370579562e-02 9.226649813249540303e-13 5.842337447757781210e-12 4.035041055310826791e-11 2.627414872603782598e-10 1.305742564793640804e-09 4.268955265598066897e-09 8.002676896925510451e-09 6.762293035810659953e-09 2.488073253605489577e-08 8.271160355004529800e-08 2.641240495485380955e-07 7.701406667831556186e-07 2.432179163576790996e-06 5.642356389801855571e-05 2.271277707526448385e-03
