9.241420720796251001e-03 5.913190041285924141e-04 2.869855193228274350e-05 5.411638022291004160e-06 1.812055920248065203e-06 5.780008761077771229e-07 1.770013591734245860e-07 4.901835580548985895e-08 5.790128241641488391e-08 3.185616806400348185e-08 1.028258787060217919e-08 2.248249368477914315e-09 3.825393034828990683e-10 5.965562297329140181e-11 9.752621941544963689e-12 1.166157543156512572e-01 7.461743577203363946e-03 3.621416427691528592e-04 6.828844493927010062e-05 2.286599370228246212e-05 7.293684618289742910e-06 2.233546944622380663e-06 6.185534356970233691e-07 7.306454200964025705e-07 4.019870083427868363e-07 1.297540472482593186e-07 2.837023699232132013e-08 4.827191703398441643e-09 7.527831144561360680e-10 1.230665066150830319e-10 7.909032304071653696e-01 5.060651654069010102e-02 2.456091776037499976e-03 4.631411254757182247e-04 1.550801466897333168e-04 4.946671879823525835e-05 1.514820621051204449e-05 4.195109943276059089e-06 4.955332377067067053e-06 2.726328233657463881e-06 8.800088438246203910e-07 1.924106413950651494e-07 3.273864268526276141e-08 5.105473102783144613e-09 8.346530724599583524e-10 1.785733220144673783e-02 1.142614346081099455e-03 5.545463095322516767e-05 1.045698717087563878e-05 3.501462114223486950e-06 1.116879532835998996e-06 3.420223108936760373e-07 9.471888468593905188e-08 1.118834934841728719e-07 6.155613871186404802e-08 1.986919468807487622e-08 4.344325083507699540e-09 7.391862819351874729e-10 1.152734313589973581e-10 1.884513378482799565e-11 1.737332377713620866e-03 1.111644716183274344e-04 5.395157841180366655e-06 1.017355906266130470e-06 3.406557839521634839e-07 1.086607424061047716e-07 3.327520751212081332e-08 9.215160657226996829e-09 1.088509826490300398e-08 5.988770977922896555e-09 1.933065637200349977e-09 4.226575695489318951e-10 7.191512406672412195e-11 1.121490390226988663e-11 1.833435180428239436e-12
3.460206054160502566e-05 9.241242038815076359e-03 5.574050505918989092e-04 2.567046536874650184e-05 6.193047906286380746e-06 2.495431886286528493e-06 9.298893555311742687e-07 2.902315484570583722e-07 3.787139174349497266e-07 2.421612387152847909e-07 9.238385621983402995e-08 2.284085887873533931e-08 3.836028830263513270e-09 5.051221865380948096e-10 7.458986540803199250e-11 4.366369103675467669e-04 1.166134995612529007e-01 7.033789760036743104e-03 3.239307865157171895e-04 7.814890966703276519e-05 3.148938681124762682e-05 1.173409932320659578e-05 3.662377460356894209e-06 4.778919874530581425e-06 3.055787240077330206e-06 1.165774549731393071e-06 2.882245130737390177e-07 4.840612814121739707e-08 6.374042107200557489e-09 9.412355179638542325e-10 2.961328380983153062e-03 7.908879383692422049e-01 4.770407802842871470e-02 2.196940773457996526e-03 5.300160811990610541e-04 2.135651216142240953e-04 7.958218951722776898e-05 2.483872081748306914e-05 3.241125685636426080e-05 2.072474695890886662e-05 7.906434792792588440e-06 1.954776177629695927e-06 3.282966640576262093e-07 4.322958354058015262e-08 6.383581841923246542e-09 6.686206684168513874e-05 1.785698693164541190e-02 1.077081918452700744e-03 4.960341507057190643e-05 1.196691689981856431e-05 4.821959472013078299e-06 1.796838779879578977e-06 5.608186590266421719e-07 7.317944326166851432e-07 4.679316975929319538e-07 1.785146743569235004e-07 4.413572513218488527e-08 7.412414522173227553e-09 9.760549768103971524e-10 1.441310860845283113e-10 6.504982505477547793e-06 1.737298786559123356e-03 1.047888491555405206e-04 4.825895496321143650e-06 1.164256337784807708e-06 4.691264193468099634e-07 1.748136930309959971e-07 5.456181266953100131e-08 7.119597413954888590e-08 4.552487905896922626e-08 1.736761797107410384e-08 4.293946230098209502e-09 7.211507072351417668e-10 9.495998027655205902e-11 1.402245305541178840e-11
1.675081521583216712e-05 2.057987583142172096e-05 9.324323871391104052e-03 4.741811264404682900e-04 2.085250543141148240e-05 6.216694247007485346e-06 2.716420077264532872e-06 9.443179376432067064e-07 1.356434192315896481e-06 1.009139464768305480e-06 4.652718528568925477e-07 1.404949871212568370e-07 2.764392218999635652e-08 3.672444121339597430e-09 4.481904919488086662e-10 2.113753946295877440e-04 2.596935921771239826e-04 1.176618936197527526e-01 5.983602674604339595e-03 2.631338539520300499e-04 7.844729840436090288e-05 3.427799533415131194e-05 1.191617089396774162e-05 1.711658859557152021e-05 1.273414158375303806e-05 5.871178222699971713e-06 1.772879884566213871e-06 3.488334679077175748e-07 4.634188338902900911e-08 5.655631733992718816e-09 1.433575449751158491e-03 1.761275757072920060e-03 7.979982833862869773e-01 4.058157246925576250e-02 1.784608060389799742e-03 5.320397924690765728e-04 2.324778277236890184e-04 8.081702261782685063e-05 1.160869326209988331e-04 8.636460634462303162e-05 3.981909519755503856e-05 1.202390222535405650e-05 2.365834001258265704e-06 3.142966873611866556e-07 3.835723084464738267e-08 3.236784483591727192e-05 3.976679457512656584e-05 1.801752716988783837e-02 9.162671145843129727e-04 4.029360073210728988e-05 1.201260906927635525e-05 5.248978180295732340e-06 1.824719339779920232e-06 2.621057596379947330e-06 1.949974923163666831e-06 8.990515951461093280e-07 2.714805151134919942e-07 5.341675450256710273e-08 7.096317400465771914e-09 8.660450320424463585e-10 3.149054080188632042e-06 3.868894804323373171e-06 1.752917679161783773e-03 8.914324417801871658e-05 3.920147554900940118e-06 1.168701709832070410e-06 5.106708907952830511e-07 1.775261810374476367e-07 2.550015968048239848e-07 1.897122443333055159e-07 8.746835349548293011e-08 2.641222571795074839e-08 5.196893694018366000e-09 6.903977505308948782e-10 8.425715878228855385e-11
6.933968579389668685e-06 1.292018573744942786e-05 1.973374565356751203e-05 9.407716235692044002e-03 3.896381275337827276e-04 1.634626274027363869e-05 5.568635673140163254e-06 2.122965187896366974e-06 3.342308377240117282e-06 2.877572577029415478e-06 1.600015815839696387e-06 5.975300856129849011e-07 1.457954058728859839e-07 2.272743410813529488e-08 2.655132772483768034e-09 8.749844863862883248e-05 1.630373998967948141e-04 2.490164342031709385e-04 1.187142062198311560e-01 4.916770432303726665e-03 2.062704228376037051e-04 7.026956884139480596e-05 2.678929942181792023e-05 4.217596237018780793e-05 3.631154849526260797e-05 2.019029940507262197e-05 7.540120049209281739e-06 1.839764874394574208e-06 2.867932271728776730e-07 3.350462233308245824e-08 5.934258719159965067e-04 1.105740875341176951e-03 1.688861881411578758e-03 8.051352044625542659e-01 3.334617728882231097e-02 1.398952866335122095e-03 4.765773657437879043e-04 1.816885169366601164e-04 2.860428685632199599e-04 2.462696500530650026e-04 1.369332395615832155e-04 5.113807597930257226e-05 1.247752493552247692e-05 1.945069010281076708e-06 2.272327113288714385e-07 1.339860873533375804e-05 2.496586356022426390e-05 3.813180487731850592e-05 1.817866745311667517e-02 7.529034433052984735e-04 3.158612218014537399e-05 1.076035602408142873e-05 4.102236631978141663e-06 6.458391281520688833e-06 5.560375508730221005e-06 3.091733924278743936e-06 1.154616109527217677e-06 2.817225916636508298e-07 4.391655279173295694e-08 5.130551826354438349e-09 1.303545037389515399e-06 2.428918419137896279e-06 3.709827340763502058e-06 1.768594949890090915e-03 7.324966095665696260e-05 3.073000610110118456e-06 1.046870535053826441e-06 3.991048853983407543e-07 6.283341853504982130e-07 5.409666065785695367e-07 3.007934997977964266e-07 1.123321181620206417e-07 2.740867305985385518e-08 4.272623044805415992e-09 4.991492403742804126e-10
2.626007484240378183e-06 6.900704808829068572e-06 1.372153738014039773e-05 1.853377121334587064e-05 9.490010074999053954e-03 3.044411630731261504e-04 1.156125619575804555e-05 3.521736185022814369e-06 6.003867292229361022e-06 5.907906419682998559e-06 3.903535948263863831e-06 1.780523567771264772e-06 5.393938321892366285e-07 1.036231534557189590e-07 1.363007290903895034e-08 3.313709578486238698e-05 8.707869935845830652e-05 1.731495059363131269e-04 2.338741818662498336e-04 1.197526567391027363e-01 3.841685921366412484e-03 1.458893229556003444e-04 4.444012821459057764e-05 7.576167498995417060e-05 7.455076274227349854e-05 4.925798779842043836e-05 2.246809286208435074e-05 6.806509574053669036e-06 1.307601132974278326e-06 1.719953329349070958e-07 2.247400984228926045e-04 5.905790776419625595e-04 1.174322495207279909e-03 1.586165154376782249e-03 8.121781111017960519e-01 2.605481414795970257e-02 9.894403846600386982e-04 3.013987361389560836e-04 5.138255447752180811e-04 5.056129802375147579e-04 3.340740871741613494e-04 1.523815313804965336e-04 4.616263421274155107e-05 8.868321147708134813e-06 1.166494743625877580e-06 5.074272606596083983e-06 1.333433266576399638e-05 2.651432704068300441e-05 3.581307674452588604e-05 1.833768504045914932e-02 5.882761048371812438e-04 2.233998416380913058e-05 6.805102254492914088e-06 1.160136043687259180e-05 1.141593384163654662e-05 7.542859512020055950e-06 3.440531689099110475e-06 1.042278578134542465e-06 2.002325325213450337e-07 2.633758890761514414e-08 4.936738586332873247e-07 1.297291645476546801e-06 2.579567783217607384e-06 3.484239250965312101e-06 1.784065704423828122e-03 5.723313608323229437e-05 2.173447711425267481e-06 6.620655508343323792e-07 1.128691502467074481e-06 1.110651426605872708e-06 7.338416457143540740e-07 3.347278883873456740e-07 1.014028467389856317e-07 1.948053930433937089e-08 2.562373004205175549e-09
9.982653494584926026e-07 3.456257090214904791e-06 8.585457998362774578e-06 1.420719584565001326e-05 1.676862847131108756e-05 9.568268227226983322e-03 2.208011794737923161e-04 6.007435410614494224e-06 8.401590615321421582e-06 9.280151067178139658e-06 7.120200610495687407e-06 3.866969649264978913e-06 1.420796673671038684e-06 3.337399385566391986e-07 5.263620514400898627e-08 1.259692316272437961e-05 4.361385980158053637e-05 1.083382837848066130e-04 1.792779389993958555e-04 2.116001767585754347e-04 1.207401816802486511e-01 2.786248659816802607e-03 7.580670040645029841e-05 1.060180957731125855e-04 1.171044852905398588e-04 8.984847570062510179e-05 4.879656453146639228e-05 1.792876667290617575e-05 4.211401672522085018e-06 6.642063977640329790e-07 8.543397314587716112e-05 2.957948761727959854e-04 7.347643474503667100e-04 1.215886326229686501e-03 1.435099951419028857e-03 8.188756338391259826e-01 1.889670121072987291e-02 5.141309130126933474e-04 7.190285302413663591e-04 7.942178675169436460e-04 6.093640614495153323e-04 3.309446544953555981e-04 1.215952300958936770e-04 2.856227451330579613e-05 4.504734276526268000e-06 1.928962711367358212e-06 6.678576043473909340e-06 1.658980585456155089e-05 2.745277198514202487e-05 3.240226564958724031e-05 1.848890441072986029e-02 4.266573432223358516e-04 1.160825516412962726e-05 1.623451622549061847e-05 1.793217141529858185e-05 1.375846760838848561e-05 7.472201918525680271e-06 2.745426158919448997e-06 6.448905565228757725e-07 1.017097077903712058e-07 1.876679750399255584e-07 6.497558687075176303e-07 1.614015269804842594e-06 2.670868699184115931e-06 3.152402866747647294e-06 1.798777773681714716e-03 4.150931439296313204e-05 1.129362287596903728e-06 1.579449290458791098e-06 1.744613453513784545e-06 1.338555556570810755e-06 7.269673980090243834e-07 2.671013622139074971e-07 6.274113239816291952e-08 9.895294911839477435e-09
4.334652160284791403e-07 1.837202827018745420e-06 5.410321228102455442e-06 1.046269119617964006e-05 1.418910962952744859e-05 1.424489747014630473e-05 9.644015056852301218e-03 1.370329702436962971e-04 9.827421891659244923e-06 1.187878379381298017e-05 1.024059467665653736e-05 6.374613382967197670e-06 2.726875323759434545e-06 7.537756553384024525e-07 1.409522388245334959e-07 5.469816239726663486e-06 2.318331780107271451e-05 6.827182856044530833e-05 1.320267373249819800e-04 1.790497124312554823e-04 1.797536887258060665e-04 1.216960167126152487e-01 1.729193343088698256e-03 1.240103931525415827e-04 1.498961441448884923e-04 1.292241430120984690e-04 8.044005035421813229e-05 3.440992812818755448e-05 9.511753580729567152e-06 1.778649858026001393e-06 3.709700596733847441e-05 1.572322800467746849e-04 4.630284310308953690e-04 8.954225238538978619e-04 1.214338463926979217e-03 1.219112922821984687e-03 8.253582314887439875e-01 1.172761441259112525e-02 8.410546338612859838e-04 1.016615167697449904e-03 8.764149642956878435e-04 5.455548956709663916e-04 2.333726131119262200e-04 6.450995131818373549e-05 1.206303493667157860e-05 8.375911663640280452e-07 3.550053849370045283e-06 1.045444271023735932e-05 2.021721097394579196e-05 2.741782372563458933e-05 2.752562338467299188e-05 1.863527111566536804e-02 2.647908093488260677e-04 1.898967082065805236e-05 2.295354737804896977e-05 1.978805062623169967e-05 1.231775852161673552e-05 5.269181005764692779e-06 1.456531705395759705e-06 2.723640692564945218e-07 8.148889409658004192e-08 3.453832535320014701e-07 1.017108356755328289e-06 1.966923996029907016e-06 2.667468597640275370e-06 2.677956381360775983e-06 1.813017729159673280e-03 2.576138704332554363e-05 1.847497128164529219e-06 2.233141019801227193e-06 1.925171165377289774e-06 1.198389572364502532e-06 5.126364152315523730e-07 1.417053601514720892e-07 2.649818633081188715e-08
2.503026476137619576e-07 1.194940567365197908e-06 3.902982129627976271e-06 8.301704126977533198e-06 1.225655762988342660e-05 1.322887553988789380e-05 1.035111863950049763e-05 9.770595769064307004e-03 1.035111863950050949e-05 1.322887553988787516e-05 1.225655762988343507e-05 8.301704126977539974e-06 3.902982129627975424e-06 1.194940567365195579e-06 2.503026476137617458e-07 3.158522151577633175e-06 1.507873083973806798e-05 4.925099926495471518e-05 1.047576469161580124e-04 1.546632013090467499e-04 1.669326986012357051e-04 1.306188241640991786e-04 1.232933149725243122e-01 1.306188241640993412e-04 1.669326986012354612e-04 1.546632013090468584e-04 1.047576469161580937e-04 4.925099926495470840e-05 1.507873083973803918e-05 3.158522151577631058e-06 2.142150850590576584e-05 1.022659159697121448e-04 3.340266900302138117e-04 7.104800019693624860e-04 1.048945970107415318e-03 1.132159298364914793e-03 8.858738734711980607e-04 8.361913162730377769e-01 8.858738734711991449e-04 1.132159298364913275e-03 1.048945970107415969e-03 7.104800019693630281e-04 3.340266900302137575e-04 1.022659159697119550e-04 2.142150850590575229e-05 4.836634608878070311e-07 2.309001106767817399e-06 7.541789360183103845e-06 1.604150410552741653e-05 2.368352527771801672e-05 2.556234937294546070e-05 2.000161769349913341e-05 1.887986487419633652e-02 2.000161769349915713e-05 2.556234937294542343e-05 2.368352527771803366e-05 1.604150410552743008e-05 7.541789360183102998e-06 2.309001106767813163e-06 4.836634608878067135e-07 4.705541572717876138e-08 2.246417515063821610e-07 7.337375310899279477e-07 1.560671222070947001e-06 2.304160264210404425e-06 2.486950274265920388e-06 1.945949015987415852e-06 1.836814153580118873e-03 1.945949015987418393e-06 2.486950274265916577e-06 2.304160264210406120e-06 1.560671222070948271e-06 7.337375310899279477e-07 2.246417515063817374e-07 4.705541572717873491e-08
1.409522388245285460e-07 7.537756553384023466e-07 2.726875323759451909e-06 6.374613382967195129e-06 1.024059467665653058e-05 1.187878379381298186e-05 9.827421891659253393e-06 1.370329702436962971e-04 9.644015056852301218e-03 1.424489747014630473e-05 1.418910962952743843e-05 1.046269119617966547e-05 5.410321228102436807e-06 1.837202827018742878e-06 4.334652160284831637e-07 1.778649858025938713e-06 9.511753580729565458e-06 3.440992812818777132e-05 8.044005035421809163e-05 1.292241430120983877e-04 1.498961441448885194e-04 1.240103931525416911e-04 1.729193343088698256e-03 1.216960167126152487e-01 1.797536887258060665e-04 1.790497124312553467e-04 1.320267373249823053e-04 6.827182856044507794e-05 2.318331780107268063e-05 5.469816239726714308e-06 1.206303493667115508e-05 6.450995131818372194e-05 2.333726131119277108e-04 5.455548956709661747e-04 8.764149642956873014e-04 1.016615167697450120e-03 8.410546338612867427e-04 1.172761441259112525e-02 8.253582314887439875e-01 1.219112922821984687e-03 1.214338463926978350e-03 8.954225238539000303e-04 4.630284310308937969e-04 1.572322800467744410e-04 3.709700596733882000e-05 2.723640692564849398e-07 1.456531705395759281e-06 5.269181005764725813e-06 1.231775852161672874e-05 1.978805062623168612e-05 2.295354737804897316e-05 1.898967082065806930e-05 2.647908093488260677e-04 1.863527111566536804e-02 2.752562338467299188e-05 2.741782372563456900e-05 2.021721097394584278e-05 1.045444271023732375e-05 3.550053849370040201e-06 8.375911663640357744e-07 2.649818633081095409e-08 1.417053601514720627e-07 5.126364152315555494e-07 1.198389572364501897e-06 1.925171165377288503e-06 2.233141019801227617e-06 1.847497128164530701e-06 2.576138704332554363e-05 1.813017729159673280e-03 2.677956381360775983e-06 2.667468597640273253e-06 1.966923996029911675e-06 1.017108356755324901e-06 3.453832535320009936e-07 8.148889409658079631e-08
5.263620514401031638e-08 3.337399385566368163e-07 1.420796673671040589e-06 3.866969649264972136e-06 7.120200610495685713e-06 9.280151067178143046e-06 8.401590615321416499e-06 6.007435410614490836e-06 2.208011794737920451e-04 9.568268227226983322e-03 1.676862847131108418e-05 1.420719584565002851e-05 8.585457998362771190e-06 3.456257090214910721e-06 9.982653494584873087e-07 6.642063977640497079e-07 4.211401672522054525e-06 1.792876667290619946e-05 4.879656453146630419e-05 8.984847570062507469e-05 1.171044852905398995e-04 1.060180957731125177e-04 7.580670040645025776e-05 2.786248659816799138e-03 1.207401816802486511e-01 2.116001767585754076e-04 1.792779389993960453e-04 1.083382837848065588e-04 4.361385980158061091e-05 1.259692316272431185e-05 4.504734276526382350e-06 2.856227451330559285e-05 1.215952300958938396e-04 3.309446544953550018e-04 6.093640614495151155e-04 7.942178675169438628e-04 7.190285302413658170e-04 5.141309130126931306e-04 1.889670121072984862e-02 8.188756338391259826e-01 1.435099951419028640e-03 1.215886326229687802e-03 7.347643474503662763e-04 2.957948761727964733e-04 8.543397314587670033e-05 1.017097077903737733e-07 6.448905565228711138e-07 2.745426158919452809e-06 7.472201918525666718e-06 1.375846760838848053e-05 1.793217141529858524e-05 1.623451622549060831e-05 1.160825516412962048e-05 4.266573432223353095e-04 1.848890441072986029e-02 3.240226564958723353e-05 2.745277198514205536e-05 1.658980585456154073e-05 6.678576043473921199e-06 1.928962711367348048e-06 9.895294911839727244e-09 6.274113239816246953e-08 2.671013622139078148e-07 7.269673980090231129e-07 1.338555556570810331e-06 1.744613453513785180e-06 1.579449290458790039e-06 1.129362287596903093e-06 4.150931439296308461e-05 1.798777773681714716e-03 3.152402866747646871e-06 2.670868699184118472e-06 1.614015269804841958e-06 6.497558687075186891e-07 1.876679750399245525e-07
1.363007290904138059e-08 1.036231534557220559e-07 5.393938321892291111e-07 1.780523567771272395e-06 3.903535948263871454e-06 5.907906419683019735e-06 6.003867292229365257e-06 3.521736185022830886e-06 1.156125619575805233e-05 3.044411630731270178e-04 9.490010074999053954e-03 1.853377121334588758e-05 1.372153738014036724e-05 6.900704808829057561e-06 2.626007484240364206e-06 1.719953329349377478e-07 1.307601132974317501e-06 6.806509574053574169e-06 2.246809286208444561e-05 4.925798779842053323e-05 7.455076274227375604e-05 7.576167498995422481e-05 4.444012821459078770e-05 1.458893229556004257e-04 3.841685921366422892e-03 1.197526567391027363e-01 2.338741818662500233e-04 1.731495059363127474e-04 8.707869935845817099e-05 3.313709578486221757e-05 1.166494743626085526e-06 8.868321147708399087e-06 4.616263421274090733e-05 1.523815313804971841e-04 3.340740871741620000e-04 5.056129802375166011e-04 5.138255447752185148e-04 3.013987361389574931e-04 9.894403846600393487e-04 2.605481414795977543e-02 8.121781111017960519e-01 1.586165154376783550e-03 1.174322495207277524e-03 5.905790776419616922e-04 2.247400984228914390e-04 2.633758890761983922e-08 2.002325325213510158e-07 1.042278578134527854e-06 3.440531689099125298e-06 7.542859512020070349e-06 1.141593384163658728e-05 1.160136043687260027e-05 6.805102254492946275e-06 2.233998416380914413e-05 5.882761048371828701e-04 1.833768504045914932e-02 3.581307674452591315e-05 2.651432704068294681e-05 1.333433266576397436e-05 5.074272606596056878e-06 2.562373004205632567e-09 1.948053930433994991e-08 1.014028467389842023e-07 3.347278883873471034e-07 7.338416457143555563e-07 1.110651426605876732e-06 1.128691502467075328e-06 6.620655508343354497e-07 2.173447711425268752e-06 5.723313608323245022e-05 1.784065704423828122e-03 3.484239250965315066e-06 2.579567783217601455e-06 1.297291645476544895e-06 4.936738586332846777e-07
2.655132772484842542e-09 2.272743410813634375e-08 1.457954058728795518e-07 5.975300856129880775e-07 1.600015815839691093e-06 2.877572577029409125e-06 3.342308377240107541e-06 2.122965187896372479e-06 5.568635673140149702e-06 1.634626274027361497e-05 3.896381275337809386e-04 9.407716235692045736e-03 1.973374565356749848e-05 1.292018573744945836e-05 6.933968579389687319e-06 3.350462233309601739e-08 2.867932271728909079e-07 1.839764874394493105e-06 7.540120049209322397e-06 2.019029940507255421e-05 3.631154849526252665e-05 4.217596237018768595e-05 2.678929942181798460e-05 7.026956884139464333e-05 2.062704228376034069e-04 4.916770432303704114e-03 1.187142062198311837e-01 2.490164342031707758e-04 1.630373998967951936e-04 8.749844863862906287e-05 2.272327113289633945e-07 1.945069010281166494e-06 1.247752493552192804e-05 5.113807597930285009e-05 1.369332395615827818e-04 2.462696500530644605e-04 2.860428685632191467e-04 1.816885169366605772e-04 4.765773657437868201e-04 1.398952866335119926e-03 3.334617728882215831e-02 8.051352044625544879e-01 1.688861881411577674e-03 1.105740875341179553e-03 5.934258719159981330e-04 5.130551826356514572e-09 4.391655279173498188e-08 2.817225916636384420e-07 1.154616109527223818e-06 3.091733924278733349e-06 5.560375508730209146e-06 6.458391281520670198e-06 4.102236631978151828e-06 1.076035602408140332e-05 3.158612218014532656e-05 7.529034433052950040e-04 1.817866745311667864e-02 3.813180487731848559e-05 2.496586356022432150e-05 1.339860873533379361e-05 4.991492403744823481e-10 4.272623044805612861e-09 2.740867305985265081e-08 1.123321181620212505e-07 3.007934997977954208e-07 5.409666065785683721e-07 6.283341853504964131e-07 3.991048853983417602e-07 1.046870535053824111e-06 3.073000610110114221e-06 7.324966095665663734e-05 1.768594949890091349e-03 3.709827340763499517e-06 2.428918419137902208e-06 1.303545037389518787e-06
4.481904919513815598e-10 3.672444121337538991e-09 2.764392218999215114e-08 1.404949871212573664e-07 4.652718528569028709e-07 1.009139464768308233e-06 1.356434192315897328e-06 9.443179376432152826e-07 2.716420077264540072e-06 6.216694247007509063e-06 2.085250543141148918e-05 4.741811264404706752e-04 9.324323871391102317e-03 2.057987583142169386e-05 1.675081521583210274e-05 5.655631734025185655e-09 4.634188338900302903e-08 3.488334679076645293e-07 1.772879884566220647e-06 5.871178222700102156e-06 1.273414158375307364e-05 1.711658859557153037e-05 1.191617089396785004e-05 3.427799533415140681e-05 7.844729840436120104e-05 2.631338539520301583e-04 5.983602674604369953e-03 1.176618936197527249e-01 2.596935921771236573e-04 2.113753946295869309e-04 3.835723084486757815e-08 3.142966873610104727e-07 2.365834001257905715e-06 1.202390222535410224e-05 3.981909519755592625e-05 8.636460634462326202e-05 1.160869326209989008e-04 8.081702261782758247e-05 2.324778277236896418e-04 5.320397924690785244e-04 1.784608060389800610e-03 4.058157246925597067e-02 7.979982833862867553e-01 1.761275757072917891e-03 1.433575449751152853e-03 8.660450320474180242e-10 7.096317400461794003e-09 5.341675450255897650e-08 2.714805151134930530e-07 8.990515951461293392e-07 1.949974923163672336e-06 2.621057596379948600e-06 1.824719339779936749e-06 5.248978180295747586e-06 1.201260906927640099e-05 4.029360073210731021e-05 9.162671145843176348e-04 1.801752716988783490e-02 3.976679457512651841e-05 3.236784483591714318e-05 8.425715878277223479e-11 6.903977505305078610e-10 5.196893694017575216e-09 2.641222571795085097e-08 8.746835349548487563e-08 1.897122443333060453e-07 2.550015968048241436e-07 1.775261810374492514e-07 5.106708907952845334e-07 1.168701709832074857e-06 3.920147554900941812e-06 8.914324417801916382e-05 1.752917679161783340e-03 3.868894804323368936e-06 3.149054080188619336e-06
7.458986540982649621e-11 5.051221865350684659e-10 3.836028830268495379e-09 2.284085887873096187e-08 9.238385621983818570e-08 2.421612387152794440e-07 3.787139174349421033e-07 2.902315484570530782e-07 9.298893555311661160e-07 2.495431886286505200e-06 6.193047906286323148e-06 2.567046536874635954e-05 5.574050505918927293e-04 9.241242038815083298e-03 3.460206054160521540e-05 9.412355179864985085e-10 6.374042107162369042e-09 4.840612814128026280e-08 2.882245130736838018e-07 1.165774549731445375e-06 3.055787240077262443e-06 4.778919874530484863e-06 3.662377460356827294e-06 1.173409932320649244e-05 3.148938681124732866e-05 7.814890966703203336e-05 3.239307865157154548e-04 7.033789760036665041e-03 1.166134995612529840e-01 4.366369103675492064e-04 6.383581842076823376e-09 4.322958354032115245e-08 3.282966640580525845e-07 1.954776177629321538e-06 7.906434792792942499e-06 2.072474695890840583e-05 3.241125685636361028e-05 2.483872081748261513e-05 7.958218951722706425e-05 2.135651216142220624e-04 5.300160811990560668e-04 2.196940773457984816e-03 4.770407802842818734e-02 7.908879383692427600e-01 2.961328380983169542e-03 1.441310860879958266e-10 9.760549768045491922e-10 7.412414522182854281e-09 4.413572513217642818e-08 1.785146743569315207e-07 4.679316975929215247e-07 7.317944326166704260e-07 5.608186590266319016e-07 1.796838779879563095e-06 4.821959472013032559e-06 1.196691689981845251e-05 4.960341507057163538e-05 1.077081918452688818e-03 1.785698693164542578e-02 6.686206684168551821e-05 1.402245305574914238e-11 9.495998027598312678e-11 7.211507072360783420e-10 4.293946230097386457e-09 1.736761797107488139e-08 4.552487905896821379e-08 7.119597413954745653e-08 5.456181266953000870e-08 1.748136930309944618e-07 4.691264193468055694e-07 1.164256337784796696e-06 4.825895496321116545e-06 1.047888491555393686e-04 1.737298786559124657e-03 6.504982505477583368e-06
9.752621938904192815e-12 5.965562297655274232e-11 3.825393034878138653e-10 2.248249368473536875e-09 1.028258787060208324e-08 3.185616806400323039e-08 5.790128241641118476e-08 4.901835580549503379e-08 1.770013591734177568e-07 5.780008761077801934e-07 1.812055920248058004e-06 5.411638022291012630e-06 2.869855193228265541e-05 5.913190041285969678e-04 9.241420720796245797e-03 1.230665065817596473e-10 7.527831144972902681e-10 4.827191703460461164e-09 2.837023699226608101e-08 1.297540472482581010e-07 4.019870083427836599e-07 7.306454200963558778e-07 6.185534356970885906e-07 2.233546944622294689e-06 7.293684618289781873e-06 2.286599370228237064e-05 6.828844493927020904e-05 3.621416427691517750e-04 7.461743577203420325e-03 1.166157543156512016e-01 8.346530722339547213e-10 5.105473103062257685e-09 3.273864268568337944e-08 1.924106413946904961e-07 8.800088438246122383e-07 2.726328233657442282e-06 4.955332377066750262e-06 4.195109943276502088e-06 1.514820621051146004e-05 4.946671879823552262e-05 1.550801466897326934e-04 4.631411254757189836e-04 2.456091776037493037e-03 5.060651654069048960e-02 7.909032304071649255e-01 1.884513377972519600e-11 1.152734313652992853e-10 7.391862819446844369e-10 4.344325083499240791e-09 1.986919468807469093e-08 6.155613871186355833e-08 1.118834934841657119e-07 9.471888468594904422e-08 3.420223108936628554e-07 1.116879532836004925e-06 3.501462114223472974e-06 1.045698717087565572e-05 5.545463095322499827e-05 1.142614346081108128e-03 1.785733220144673089e-02 1.833435179931789705e-12 1.121490390288299871e-11 7.191512406764808269e-11 4.226575695481089021e-10 1.933065637200331779e-09 5.988770977922849405e-09 1.088509826490230914e-08 9.215160657227969593e-09 3.327520751211952953e-08 1.086607424061053539e-07 3.406557839521621075e-07 1.017355906266132165e-06 5.395157841180350561e-06 1.111644716183282883e-04 1.737332377713619999e-03
2.844639352624495077e-03 1.820163111190970244e-04 8.833818160253103439e-06 1.665778341389224022e-06 5.577763133642627355e-07 1.779168038879147453e-07 5.448350929848844071e-08 1.508853975357498694e-08 1.782282957408382802e-08 9.805776842813852975e-09 3.165125253708180318e-09 6.920427952915885717e-10 1.177509810979864176e-10 1.836284028637246104e-11 3.001994282519536107e-12 6.676127488253157105e-02 4.271768570070293494e-03 2.073222258965237816e-04 3.909440598867144190e-05 1.309053738046637203e-05 4.175556609530769404e-06 1.278681790535400361e-06 3.541152410533346394e-07 4.182867059341396787e-07 2.301332724782403813e-07 7.428280738136434772e-08 1.624165792556835714e-08 2.763515736895651580e-09 4.309602997130316804e-10 7.045426173485509133e-11 8.443743985191221046e-01 5.402790799475545858e-02 2.622142553434484054e-03 4.944530433283281798e-04 1.655647626018527760e-04 5.281105111996017300e-05 1.617234197040758181e-05 4.478731782713451070e-06 5.290351125755661643e-06 2.910649083169259619e-06 9.395042397454722013e-07 2.054190871277603808e-07 3.495202783717288114e-08 5.450642524368956408e-09 8.910820678627103703e-10 2.041761640942029582e-02 1.306435987134428990e-03 6.340540513869062839e-05 1.195625138428406438e-05 4.003482127892594789e-06 1.277011460599386851e-06 3.910595529339376527e-07 1.082991475114595897e-07 1.279247217185466744e-07 7.038171288329862520e-08 2.271792846371179899e-08 4.967190065809314202e-09 8.451666682011731716e-10 1.318006898866431663e-10 2.154704344760142524e-11 1.957140859074804791e-03 1.252290766422089400e-04 6.077756903389993991e-06 1.146072471748254408e-06 3.837557868635071590e-07 1.224085738966439919e-07 3.748520953824042085e-08 1.038106908991856189e-08 1.226228834652939266e-08 6.746474380428732509e-09 2.177638424500661932e-09 4.761324944914024562e-10 8.101387477832426272e-11 1.263382121883641783e-11 2.065402654156246111e-12
1.065100119043861022e-05 2.844584351796093386e-03 1.715771189485186651e-04 7.901730501652652101e-06 1.906307300485403958e-06 7.681290528793293993e-07 2.862330299905116122e-07 8.933735505150298324e-08 1.165734734376664398e-07 7.454063721821773555e-08 2.843705106496873219e-08 7.030737802898656122e-09 1.180783658492446685e-09 1.554837176145998053e-10 2.295981027778276669e-11 2.499699716215337229e-04 6.675998405970010041e-02 4.026769576644798239e-03 1.854469184579803781e-04 4.473941681952209407e-05 1.802733791094568333e-05 6.717646642280336842e-06 2.096672013051147016e-06 2.735880630000859917e-06 1.749405585159043742e-06 6.673934891765432123e-07 1.650054579513804755e-07 2.771199179561568562e-08 3.649071085882730618e-09 5.388472896543552190e-10 3.161537055832970913e-03 8.443580726213041343e-01 5.092924221769475762e-02 2.345470941136169538e-03 5.658492626683610163e-04 2.280037736283342512e-04 8.496256030190971783e-05 2.651801022414518216e-05 3.460250819718160077e-05 2.212589995223660598e-05 8.440970862083886460e-06 2.086934147905624091e-06 3.504920546433780597e-07 4.615223733694691523e-08 6.815161287679446147e-09 7.644837525080854586e-05 2.041722163676995203e-02 1.231507887315221907e-03 5.671527471646312113e-05 1.368266637522201156e-05 5.513304995992488645e-06 2.054459453589588892e-06 6.412256951978397180e-07 8.367150169556871741e-07 5.350211218273302453e-07 2.041091078642166608e-07 5.046365803888411743e-08 8.475164972799690323e-09 1.115996268995082885e-09 1.647957934113259093e-10 7.327997343715820102e-06 1.957103017944452315e-03 1.180468060623117340e-04 5.436471097087955092e-06 1.311558846393092184e-06 5.284806149663830480e-07 1.969312411059662891e-07 6.146501054752504653e-08 8.020373751021693334e-08 5.128471791218438371e-08 1.956498088219823184e-08 4.837219245666247060e-09 8.123911882296366726e-10 1.069743819664269519e-10 1.579658341216303666e-11
5.156136658108103698e-06 6.334775402060032005e-06 2.870158109075868821e-03 1.459596238821759043e-04 6.418694629660604333e-06 1.913585976934951724e-06 8.361523280351394867e-07 2.906743506184209767e-07 4.175295335298579204e-07 3.106273289026283963e-07 1.432172240927035174e-07 4.324633422567129844e-08 8.509188283744505442e-09 1.130429982953638326e-09 1.379593408187418853e-10 1.210101577362565465e-04 1.486718102053396812e-04 6.736017847027063465e-02 3.425548677289628943e-03 1.506413233587742693e-04 4.491024118739176324e-05 1.962378653171627097e-05 6.821880673567203276e-06 9.799064311560068925e-06 7.290160164507999552e-06 3.361186878310139573e-06 1.014954814654494323e-06 1.997034378063297537e-07 2.653023370354307600e-08 3.237788813726184496e-09 1.530496224540958640e-03 1.880351604126265013e-03 8.519491318889971243e-01 4.332520026128541812e-02 1.905261351389673759e-03 5.680097924534220719e-04 2.481951247716684115e-04 8.628087765920901514e-05 1.239353060390505318e-04 9.220352090108387513e-05 4.251117363587214647e-05 1.283681090056916443e-05 2.525782655837838721e-06 3.355455713722803354e-07 4.095047595978921413e-08 3.700856501991113670e-05 4.546833470463014699e-05 2.060077923460896382e-02 1.047636358169626129e-03 4.607067137586494100e-05 1.373490963185067211e-05 6.001547253402866067e-06 2.086337371909264430e-06 2.996850144589194045e-06 2.229551398832071267e-06 1.027952574040343818e-06 3.104038698328093906e-07 6.107534938400425743e-08 8.113747617377373589e-09 9.902137149072132288e-10 3.547474557450123739e-06 4.358390022621018378e-06 1.974698023527895769e-03 1.004217084360591576e-04 4.416127306276167159e-06 1.316566649953938097e-06 5.752813213732236024e-07 1.999869149512688566e-07 2.872645733413637122e-07 2.137147673147770640e-07 9.853490943816768457e-08 2.975391859083206955e-08 5.854408240648193067e-09 7.777473463975694032e-10 9.491743217229837181e-11
2.134373110663240270e-06 3.977014996109783913e-06 6.074324625703660215e-06 2.895827452390693172e-03 1.199360990427910160e-04 5.031609712853272936e-06 1.714104427752775857e-06 6.534785613809310653e-07 1.028809554910574747e-06 8.857573353662522613e-07 4.925073851812503843e-07 1.839281694087105315e-07 4.487787771035900348e-08 6.995824062278101970e-09 8.172872331257247078e-10 5.009192810730349972e-05 9.333717158987925907e-05 1.425592512063740905e-04 6.796261620407825776e-02 2.814798603255937691e-03 1.180876158629714427e-04 4.022857828110542342e-05 1.533658803740545472e-05 2.414528837681678716e-05 2.078797401542207496e-05 1.155873094894313562e-05 4.316638263900400137e-06 1.053245757569118895e-06 1.641860620470821925e-07 1.918103874164211062e-08 6.335460450791144003e-04 1.180497500375053861e-03 1.803041991072205658e-03 8.595685639628164454e-01 3.560063647314476443e-02 1.493532887026148169e-03 5.087976772336279697e-04 1.939720642274340187e-04 3.053815761625001111e-04 2.629193808324942509e-04 1.461909843667761960e-04 5.459540495772083438e-05 1.332110201018555497e-05 2.076570701056260002e-06 2.425953979899774800e-07 1.531962616206407007e-05 2.854532915399790336e-05 4.359892934740134041e-05 2.078502290852152906e-02 8.608505192894311438e-04 3.611476335099158213e-05 1.230311556340370418e-05 4.690392328906564258e-06 7.384359226813876777e-06 6.357590985533164605e-06 3.535009406433109185e-06 1.320158496158458352e-06 3.221143979160647354e-07 5.021306199662983552e-08 5.866141592564922492e-09 1.468470447593163038e-06 2.736226839742785008e-06 4.179197234714699791e-06 1.992358793277393490e-03 8.251725818885362091e-05 3.461798750290546655e-06 1.179321311568326489e-06 4.495999086239421901e-07 7.078314564777253054e-07 6.094100718501005251e-07 3.388500992384176280e-07 1.265444546256820397e-07 3.087643713234543875e-08 4.813198236377817769e-09 5.623019438561842563e-10
8.083220595234410885e-07 2.124134053962746000e-06 4.223682309173375777e-06 5.704955605730731312e-06 2.921158654252814339e-03 9.371127440261895175e-05 3.558717358925032384e-06 1.084039959238474207e-06 1.848074845134761940e-06 1.818536738105040241e-06 1.201563299442449589e-06 5.480702115162554984e-07 1.660330124518161677e-07 3.189666492510768286e-08 4.195528257786377817e-09 1.897063371483986727e-05 4.985162612375368201e-05 9.912624438632374488e-05 1.338904733337932290e-04 6.855711804455293101e-02 2.199324193491689148e-03 8.352008053647744354e-05 2.544149916072735543e-05 4.337275044223171648e-05 4.267951610266544220e-05 2.819967235875756284e-05 1.286274339564548027e-05 3.896654095586400407e-06 7.485876945829538637e-07 9.846549265975772125e-08 2.399342651960914834e-04 6.305067855206376555e-04 1.253715767537897253e-03 1.693402171956474769e-03 8.670876254974047015e-01 2.781632085809681784e-02 1.056334198101259924e-03 3.217756190106073138e-04 5.485641209101886281e-04 5.397963235675822804e-04 3.566600761932501315e-04 1.626837000508777004e-04 4.928358489239616246e-05 9.467888165174735029e-06 1.245358799480122111e-06 5.801793373699707316e-06 1.524613454988057322e-05 3.031580264977803290e-05 4.094775497045518393e-05 2.096683954630839189e-02 6.726198357008993838e-04 2.554296588670870250e-05 7.780779675917146279e-06 1.326469847541385172e-05 1.305268645419336552e-05 8.624312434199747052e-06 3.933815839904088978e-06 1.191714639120785854e-06 2.289407508125082597e-07 3.011372479373611110e-08 5.561338130702764232e-07 1.461425872255894727e-06 2.905936464461838068e-06 3.925067585415404818e-06 2.009786918262055754e-03 6.447431162763177335e-05 2.448433803260527899e-06 7.458305374064291105e-07 1.271494323772380622e-06 1.251171805167603345e-06 8.266877929302056904e-07 3.770778898951092712e-07 1.142324043028241352e-07 2.194523046851309667e-08 2.886566190241610850e-09
3.072801231785495215e-07 1.063884572367529749e-06 2.642724795278361251e-06 4.373174819541938602e-06 5.161619828830940364e-06 2.945247614837660614e-03 6.796571038299571797e-05 1.849173162187932116e-06 2.586127827207585265e-06 2.856561098294051316e-06 2.191697950686076881e-06 1.190307678012079289e-06 4.373412110659091916e-07 1.027298498189029853e-07 1.620216469406263287e-08 7.211604082793303848e-06 2.496846931178941443e-05 6.202251133651895420e-05 1.026347069154620470e-04 1.211388431063430593e-04 6.912246553500216162e-02 1.595097624336590204e-03 4.339852701268772869e-05 6.069422845967380528e-05 6.704106815017042719e-05 5.143729352201971433e-05 2.793551246249746851e-05 1.026402759368864619e-05 2.410982515612517554e-06 3.802510746518346398e-07 9.120996970895076550e-05 3.157928948208529548e-04 7.844400934009358207e-04 1.298089634618485033e-03 1.532123794298369517e-03 8.742379525102172977e-01 2.017426418980656014e-02 5.488901343994903549e-04 7.676404133892404712e-04 8.479131307031306623e-04 6.505617793477941118e-04 3.533190696904541417e-04 1.298160069749088150e-04 3.049330491430009166e-05 4.809289112742863302e-06 2.205526573873292279e-06 7.636112845890088844e-06 1.896835923888734758e-05 3.138879657077210368e-05 3.704792089693046845e-05 2.113973990236557229e-02 4.878290818530144459e-04 1.327258173002286416e-05 1.856213017405381380e-05 2.050318565031092026e-05 1.573107958347504931e-05 8.543524350957165916e-06 3.139049974590498589e-06 7.373513501683583285e-07 1.162922756518905835e-07 2.114118556714154002e-07 7.319634258728736272e-07 1.818221586282094550e-06 3.008788834797656263e-06 3.551247034776307523e-06 2.026360368590565241e-03 4.676110125660792459e-05 1.272249977095883491e-06 1.779282295574162655e-06 1.965343141567965403e-06 1.507910521620511924e-06 8.189438107008479811e-07 3.008952093504053931e-07 7.067918340569123029e-08 1.114725439587035756e-08
1.334266936612587090e-07 5.655168851613762677e-07 1.665373013606708538e-06 3.220563591919888671e-06 4.367607627691605095e-06 4.384779910137876745e-06 2.968563554983512723e-03 4.218067670970113928e-05 3.025018759826429946e-06 3.656456822180804608e-06 3.152199157640359326e-06 1.962195709383616596e-06 8.393706000432366221e-07 2.320227546183168926e-07 4.338708273485542718e-08 3.131411426185977457e-06 1.327220204070468689e-05 3.908489328911566538e-05 7.558389819731185376e-05 1.025040496407178937e-04 1.029070685568762091e-04 6.966967089085360221e-02 9.899447358588534321e-04 7.099462670487983670e-05 8.581394290861591866e-05 7.397944286102694806e-05 4.605107041306409540e-05 1.969931664838329410e-05 5.445377420439698435e-06 1.018258062886042174e-06 3.960505014552274169e-05 1.678623967990847327e-04 4.943327298684693696e-04 9.559600036155820654e-04 1.296437124866860885e-03 1.301534374065917805e-03 8.811588238390899441e-01 1.252049174283674168e-02 8.979164242669023313e-04 1.085346206397507646e-03 9.356673861976236295e-04 5.824386210360853059e-04 2.491504045643777240e-04 6.887132236739913066e-05 1.287858928547239093e-05 9.576802934401451472e-07 4.059040673687593462e-06 1.195334211314013330e-05 2.311584137416142773e-05 3.134883762568724106e-05 3.147209299566541455e-05 2.130709184512900173e-02 3.027550315486803186e-04 2.171230339355760980e-05 2.624449835583446902e-05 2.262515042106094684e-05 1.408380970242928857e-05 6.024646646758961745e-06 1.665361058048751992e-06 3.114141030168747110e-07 9.179892474410889114e-08 3.890813791298013009e-07 1.145793602103936430e-06 2.215780566060096188e-06 3.004958550079650548e-06 3.016773255373719972e-06 2.042401972980622399e-03 2.902073536169579149e-05 2.081243729143339780e-06 2.515679549862966633e-06 2.168745138700014001e-06 1.350010641170681744e-06 5.774955253062643986e-07 1.596340192930385669e-07 2.985075499925901664e-08
7.704667745143632855e-08 3.678195230658870775e-07 1.201392826272418787e-06 2.555381360390087749e-06 3.772740925344686518e-06 4.072034061500271141e-06 3.186219988810444686e-06 3.007526879576149711e-03 3.186219988810448498e-06 4.072034061500265211e-06 3.772740925344689483e-06 2.555381360390089867e-06 1.201392826272418575e-06 3.678195230658863893e-07 7.704667745143627561e-08 1.808220225658983054e-06 8.632412493312246026e-06 2.819567149792645704e-05 5.997263493992736438e-05 8.854303226352135874e-05 9.556718852955312245e-05 7.477788293722949307e-05 7.058410709910840908e-02 7.477788293722958794e-05 9.556718852955298693e-05 8.854303226352141295e-05 5.997263493992741182e-05 2.819567149792645365e-05 8.632412493312230779e-06 1.808220225658981783e-06 2.286976796230135697e-05 1.091798818946263693e-04 3.566094746362282429e-04 7.585139385685712174e-04 1.119862820806202201e-03 1.208702012877814133e-03 9.457657907035791050e-04 8.927243088405049098e-01 9.457657907035802976e-04 1.208702012877812398e-03 1.119862820806203068e-03 7.585139385685717595e-04 3.566094746362281887e-04 1.091798818946261525e-04 2.286976796230134342e-05 5.530084171733021751e-07 2.640052744445934081e-06 8.623088849990179152e-06 1.834144505808456272e-05 2.707913639552941216e-05 2.922733575948715861e-05 2.286933753747680739e-05 2.158675408590979630e-02 2.286933753747683449e-05 2.922733575948711796e-05 2.707913639552942910e-05 1.834144505808457966e-05 8.623088849990177457e-06 2.640052744445928999e-06 5.530084171733018574e-07 5.300889912706926816e-08 2.530635796391873445e-07 8.265705056522469227e-07 1.758128413123231430e-06 2.595684197676381793e-06 2.801600924895354016e-06 2.192151817188529178e-06 2.069209137303680817e-03 2.192151817188532142e-06 2.801600924895350205e-06 2.595684197676383487e-06 1.758128413123232912e-06 8.265705056522468169e-07 2.530635796391868680e-07 5.300889912706923507e-08
4.338708273485389855e-08 2.320227546183168662e-07 8.393706000432419161e-07 1.962195709383615749e-06 3.152199157640357208e-06 3.656456822180805455e-06 3.025018759826432487e-06 4.218067670970113928e-05 2.968563554983512723e-03 4.384779910137876745e-06 4.367607627691601706e-06 3.220563591919896294e-06 1.665373013606703032e-06 5.655168851613754207e-07 1.334266936612599266e-07 1.018258062886006175e-06 5.445377420439697588e-06 1.969931664838341608e-05 4.605107041306406829e-05 7.397944286102689385e-05 8.581394290861594576e-05 7.099462670487989091e-05 9.899447358588534321e-04 6.966967089085360221e-02 1.029070685568762091e-04 1.025040496407178260e-04 7.558389819731204350e-05 3.908489328911553663e-05 1.327220204070466825e-05 3.131411426186006256e-06 1.287858928547193692e-05 6.887132236739911711e-05 2.491504045643792961e-04 5.824386210360850890e-04 9.356673861976230874e-04 1.085346206397507646e-03 8.979164242669030902e-04 1.252049174283674168e-02 8.811588238390899441e-01 1.301534374065917805e-03 1.296437124866859801e-03 9.559600036155843422e-04 4.943327298684677433e-04 1.678623967990844888e-04 3.960505014552310760e-05 3.114141030168636996e-07 1.665361058048751568e-06 6.024646646758999862e-06 1.408380970242928010e-05 2.262515042106093329e-05 2.624449835583447240e-05 2.171230339355763013e-05 3.027550315486803186e-04 2.130709184512900173e-02 3.147209299566541455e-05 3.134883762568721396e-05 2.311584137416148533e-05 1.195334211314009264e-05 4.059040673687587533e-06 9.576802934401538293e-07 2.985075499925797109e-08 1.596340192930385404e-07 5.774955253062679985e-07 1.350010641170681108e-06 2.168745138700012730e-06 2.515679549862967056e-06 2.081243729143341474e-06 2.902073536169579149e-05 2.042401972980622399e-03 3.016773255373719972e-06 3.004958550079648007e-06 2.215780566060101694e-06 1.145793602103932619e-06 3.890813791298007715e-07 9.179892474410973817e-08
1.620216469406303985e-08 1.027298498189022441e-07 4.373412110659097739e-07 1.190307678012077171e-06 2.191697950686076034e-06 2.856561098294052586e-06 2.586127827207583571e-06 1.849173162187931269e-06 6.796571038299563665e-05 2.945247614837660614e-03 5.161619828830939517e-06 4.373174819541942838e-06 2.642724795278359980e-06 1.063884572367531655e-06 3.072801231785478804e-07 3.802510746518442748e-07 2.410982515612500189e-06 1.026402759368865975e-05 2.793551246249742107e-05 5.143729352201970077e-05 6.704106815017045430e-05 6.069422845967377140e-05 4.339852701268770836e-05 1.595097624336588252e-03 6.912246553500216162e-02 1.211388431063430458e-04 1.026347069154621554e-04 6.202251133651891354e-05 2.496846931178945848e-05 7.211604082793264885e-06 4.809289112742984428e-06 3.049330491429987482e-05 1.298160069749089776e-04 3.533190696904534912e-04 6.505617793477938950e-04 8.479131307031309876e-04 7.676404133892399291e-04 5.488901343994900296e-04 2.017426418980653238e-02 8.742379525102172977e-01 1.532123794298369517e-03 1.298089634618486334e-03 7.844400934009353871e-04 3.157928948208534969e-04 9.120996970895027761e-05 1.162922756518935217e-07 7.373513501683530346e-07 3.139049974590502401e-06 8.543524350957150670e-06 1.573107958347504592e-05 2.050318565031092704e-05 1.856213017405380024e-05 1.327258173002285739e-05 4.878290818530138496e-04 2.113973990236557229e-02 3.704792089693046168e-05 3.138879657077213757e-05 1.896835923888733741e-05 7.636112845890100702e-06 2.205526573873280420e-06 1.114725439587063880e-08 7.067918340569072736e-08 3.008952093504057637e-07 8.189438107008464988e-07 1.507910521620511288e-06 1.965343141567965826e-06 1.779282295574161385e-06 1.272249977095882855e-06 4.676110125660786360e-05 2.026360368590565241e-03 3.551247034776307099e-06 3.008788834797659228e-06 1.818221586282093703e-06 7.319634258728747919e-07 2.114118556714142620e-07
4.195528257787126415e-09 3.189666492510862915e-08 1.660330124518138384e-07 5.480702115162578277e-07 1.201563299442451918e-06 1.818536738105046806e-06 1.848074845134763210e-06 1.084039959238479289e-06 3.558717358925034502e-06 9.371127440261919569e-05 2.921158654252814339e-03 5.704955605730736394e-06 4.223682309173366460e-06 2.124134053962742612e-06 8.083220595234368534e-07 9.846549265977528395e-08 7.485876945829762042e-07 3.896654095586346197e-06 1.286274339564553448e-05 2.819967235875761705e-05 4.267951610266559128e-05 4.337275044223175036e-05 2.544149916072747402e-05 8.352008053647748420e-05 2.199324193491695219e-03 6.855711804455293101e-02 1.338904733337933375e-04 9.912624438632352804e-05 4.985162612375360747e-05 1.897063371483976901e-05 1.245358799480344245e-06 9.467888165175017938e-06 4.928358489239547806e-05 1.626837000508783780e-04 3.566600761932508363e-04 5.397963235675842320e-04 5.485641209101890618e-04 3.217756190106088317e-04 1.056334198101260575e-03 2.781632085809689417e-02 8.670876254974047015e-01 1.693402171956476070e-03 1.253715767537894434e-03 6.305067855206366798e-04 2.399342651960902095e-04 3.011372479374148447e-08 2.289407508125151153e-07 1.191714639120769125e-06 3.933815839904105071e-06 8.624312434199763992e-06 1.305268645419341296e-05 1.326469847541386189e-05 7.780779675917181854e-06 2.554296588670871605e-05 6.726198357009012269e-04 2.096683954630839189e-02 4.094775497045521781e-05 3.031580264977796514e-05 1.524613454988054950e-05 5.801793373699676823e-06 2.886566190242125770e-09 2.194523046851375180e-08 1.142324043028225337e-07 3.770778898951108593e-07 8.266877929302071727e-07 1.251171805167607792e-06 1.271494323772381469e-06 7.458305374064326045e-07 2.448433803260529169e-06 6.447431162763194953e-05 2.009786918262055754e-03 3.925067585415408207e-06 2.905936464461831716e-06 1.461425872255892609e-06 5.561338130702734586e-07
8.172872331260553733e-10 6.995824062278425398e-09 4.487787771035702486e-08 1.839281694087115109e-07 4.925073851812487961e-07 8.857573353662502496e-07 1.028809554910571783e-06 6.534785613809327594e-07 1.714104427752772045e-06 5.031609712853266160e-06 1.199360990427904603e-04 2.895827452390693606e-03 6.074324625703656827e-06 3.977014996109793231e-06 2.134373110663245776e-06 1.918103874164986958e-08 1.641860620470897894e-07 1.053245757569072520e-06 4.316638263900423007e-06 1.155873094894309665e-05 2.078797401542202753e-05 2.414528837681671601e-05 1.533658803740549199e-05 4.022857828110533532e-05 1.180876158629712801e-04 2.814798603255924681e-03 6.796261620407827164e-02 1.425592512063740091e-04 9.333717158987947591e-05 5.009192810730362847e-05 2.425953979900756299e-07 2.076570701056356140e-06 1.332110201018496882e-05 5.459540495772112576e-05 1.461909843667757081e-04 2.629193808324936546e-04 3.053815761624992437e-04 1.939720642274345066e-04 5.087976772336267771e-04 1.493532887026146000e-03 3.560063647314460483e-02 8.595685639628166674e-01 1.803041991072204357e-03 1.180497500375056463e-03 6.335460450791160266e-04 5.866141592567296500e-09 5.021306199663215824e-08 3.221143979160505476e-07 1.320158496158465552e-06 3.535009406433097326e-06 6.357590985533151052e-06 7.384359226813855601e-06 4.690392328906576116e-06 1.230311556340367707e-05 3.611476335099152792e-05 8.608505192894271322e-04 2.078502290852153600e-02 4.359892934740131331e-05 2.854532915399797112e-05 1.531962616206411073e-05 5.623019438564117310e-10 4.813198236378039454e-09 3.087643713234408217e-08 1.265444546256827279e-07 3.388500992384164633e-07 6.094100718500991486e-07 7.078314564777232937e-07 4.495999086239433019e-07 1.179321311568323736e-06 3.461798750290541997e-06 8.251725818885324143e-05 1.992358793277393923e-03 4.179197234714697250e-06 2.736226839742791361e-06 1.468470447593166850e-06
1.379593408195338332e-10 1.130429982953004706e-09 8.509188283743210077e-09 4.324633422567146387e-08 1.432172240927066938e-07 3.106273289026292433e-07 4.175295335298581851e-07 2.906743506184235708e-07 8.361523280351418160e-07 1.913585976934958923e-06 6.418694629660607721e-06 1.459596238821766361e-04 2.870158109075867953e-03 6.334775402060024382e-06 5.156136658108083369e-06 3.237788813744771244e-09 2.653023370352820329e-08 1.997034378062993928e-07 1.014954814654498135e-06 3.361186878310214112e-06 7.290160164508019881e-06 9.799064311560075702e-06 6.821880673567265109e-06 1.962378653171632518e-05 4.491024118739193264e-05 1.506413233587743236e-04 3.425548677289646290e-03 6.736017847027062078e-02 1.486718102053394914e-04 1.210101577362560586e-04 4.095047596002429224e-08 3.355455713720922412e-07 2.525782655837454591e-06 1.283681090056921187e-05 4.251117363587309515e-05 9.220352090108413262e-05 1.239353060390506131e-04 8.628087765920980118e-05 2.481951247716690620e-04 5.680097924534242403e-04 1.905261351389674626e-03 4.332520026128564017e-02 8.519491318889970133e-01 1.880351604126262628e-03 1.530496224540952568e-03 9.902137149128976140e-10 8.113747617372825750e-09 6.107534938399496654e-08 3.104038698328105553e-07 1.027952574040366688e-06 2.229551398832077620e-06 2.996850144589195739e-06 2.086337371909283488e-06 6.001547253402883007e-06 1.373490963185072293e-05 4.607067137586495455e-05 1.047636358169631550e-03 2.060077923460896035e-02 4.546833470463009278e-05 3.700856501991098762e-05 9.491743217284325119e-11 7.777473463971333756e-10 5.854408240647302194e-09 2.975391859083218205e-08 9.853490943816988157e-08 2.137147673147776728e-07 2.872645733413638710e-07 1.999869149512706830e-07 5.752813213732251906e-07 1.316566649953943179e-06 4.416127306276168853e-06 1.004217084360596726e-04 1.974698023527895335e-03 4.358390022621013296e-06 3.547474557450109763e-06
2.295981027833513593e-11 1.554837176136682448e-10 1.180783658493980071e-09 7.030737802897309472e-09 2.843705106497000936e-08 7.454063721821608118e-08 1.165734734376640973e-07 8.933735505150136858e-08 2.862330299905091240e-07 7.681290528793221995e-07 1.906307300485386170e-06 7.901730501652608056e-06 1.715771189485167678e-04 2.844584351796095555e-03 1.065100119043866951e-05 5.388472896673188970e-10 3.649071085860867821e-09 2.771199179565167460e-08 1.650054579513488706e-07 6.673934891765731761e-07 1.749405585159004990e-06 2.735880630000804860e-06 2.096672013051108899e-06 6.717646642280277550e-06 1.802733791094551392e-05 4.473941681952167394e-05 1.854469184579793481e-04 4.026769576644754003e-03 6.675998405970014205e-02 2.499699716215351324e-04 6.815161287843406579e-09 4.615223733667040530e-08 3.504920546438332340e-07 2.086934147905224292e-06 8.440970862084265931e-06 2.212589995223611470e-05 3.460250819718090282e-05 2.651801022414469766e-05 8.496256030190897245e-05 2.280037736283321099e-04 5.658492626683557037e-04 2.345470941136156527e-03 5.092924221769418863e-02 8.443580726213048004e-01 3.161537055832988694e-03 1.647957934152905860e-10 1.115996268988396578e-09 8.475164972810698443e-09 5.046365803887444272e-08 2.041091078642258194e-07 5.350211218273183869e-07 8.367150169556703393e-07 6.412256951978280713e-07 2.054459453589570681e-06 5.513304995992436128e-06 1.368266637522188450e-05 5.671527471646280942e-05 1.231507887315208463e-03 2.041722163676996590e-02 7.644837525080896599e-05 1.579658341254307123e-11 1.069743819657860290e-10 8.123911882306917414e-10 4.837219245665320617e-09 1.956498088219910865e-08 5.128471791218324551e-08 8.020373751021531868e-08 6.146501054752393479e-08 1.969312411059645421e-07 5.284806149663780717e-07 1.311558846393080114e-06 5.436471097087925446e-06 1.180468060623104330e-04 1.957103017944454050e-03 7.327997343715861607e-06
3.001994281706669596e-12 1.836284028737634811e-11 1.177509810994992534e-10 6.920427952902410945e-10 3.165125253708150953e-09 9.805776842813775220e-09 1.782282957408268982e-08 1.508853975357657843e-08 5.448350929848633636e-08 1.779168038879156982e-07 5.577763133642605120e-07 1.665778341389226563e-06 8.833818160253076334e-06 1.820163111190984339e-04 2.844639352624493776e-03 7.045426171577779901e-11 4.309602997365920073e-10 2.763515736931156653e-09 1.624165792553673237e-08 7.428280738136364627e-08 2.301332724782385814e-07 4.182867059341129442e-07 3.541152410533720677e-07 1.278681790535351233e-06 4.175556609530791427e-06 1.309053738046631952e-05 3.909440598867150289e-05 2.073222258965231582e-04 4.271768570070326454e-03 6.676127488253154330e-02 8.910820676214271623e-10 5.450642524666939952e-09 3.495202783762194095e-08 2.054190871273603960e-07 9.395042397454634133e-07 2.910649083169236749e-06 5.290351125755322830e-06 4.478731782713923714e-06 1.617234197040695839e-05 5.281105111996045083e-05 1.655647626018520984e-04 4.944530433283289388e-04 2.622142553434476248e-03 5.402790799475587491e-02 8.443743985191216606e-01 2.154704344176701342e-11 1.318006898938486332e-10 8.451666682120316749e-10 4.967190065799641979e-09 2.271792846371158723e-08 7.038171288329806934e-08 1.279247217185384953e-07 1.082991475114710246e-07 3.910595529339225650e-07 1.277011460599393627e-06 4.003482127892578696e-06 1.195625138428408302e-05 6.340540513869043866e-05 1.306435987134439182e-03 2.041761640942028541e-02 2.065402653596985179e-12 1.263382121952710072e-11 8.101387477936511442e-11 4.761324944904752902e-10 2.177638424500641253e-09 6.746474380428679569e-09 1.226228834652860850e-08 1.038106908991965707e-08 3.748520953823897825e-08 1.224085738966446536e-07 3.837557868635056238e-07 1.146072471748256314e-06 6.077756903389976204e-06 1.252290766422098887e-04 1.957140859074803924e-03
2.168333971431609785e-03 1.387424210348754423e-04 6.733601571198818199e-06 1.269744005747800453e-06 4.251664899495138330e-07 1.356175606594113469e-07 4.153020100271293720e-08 1.150127987113302263e-08 1.358549961592384651e-08 7.474479682260579399e-09 2.412625208576833414e-09 5.275114756922671713e-10 8.975600096673103548e-11 1.399712422883378186e-11 2.288278188525022367e-12 2.299157036647936705e-02 1.471132296992496129e-03 7.139862972392516896e-05 1.346352039870104811e-05 4.508182503218971616e-06 1.437998357223766313e-06 4.403586123116840385e-07 1.219519174378567107e-07 1.440515965246192414e-07 7.925440814546343023e-08 2.558187206480603347e-08 5.593380619543857294e-09 9.517128999634244603e-10 1.484161899760815305e-10 2.426337901943089687e-11 8.860352613469510974e-01 5.669360850366673282e-02 2.751517296943093143e-03 5.188490227055233802e-04 1.737336162241025054e-04 5.541671273210852021e-05 1.697027440608484864e-05 4.699709385503758162e-06 5.551373479047873401e-06 3.054258544098592617e-06 9.858587447219912021e-07 2.155543262184487553e-07 3.667653729628569886e-08 5.719573547064008260e-09 9.350474555659306372e-10 2.299157036647913460e-02 1.471132296992481167e-03 7.139862972392443713e-05 1.346352039870091089e-05 4.508182503218925876e-06 1.437998357223751702e-06 4.403586123116795387e-07 1.219519174378554667e-07 1.440515965246177856e-07 7.925440814546262291e-08 2.558187206480577539e-08 5.593380619543800219e-09 9.517128999634147409e-10 1.484161899760800054e-10 2.426337901943064807e-11 2.168333971431606749e-03 1.387424210348752254e-04 6.733601571198808035e-06 1.269744005747798547e-06 4.251664899495131977e-07 1.356175606594111351e-07 4.153020100271287765e-08 1.150127987113300444e-08 1.358549961592382666e-08 7.474479682260567819e-09 2.412625208576829691e-09 5.275114756922663441e-10 8.975600096673089331e-11 1.399712422883376086e-11 2.288278188525019136e-12
8.118754206813221292e-06 2.168292046902734350e-03 1.307851188211926741e-04 6.023115255022801224e-06 1.453087849543023905e-06 5.855084294833978107e-07 2.181818943415838771e-07 6.809763835169451430e-08 8.885844259640998267e-08 5.681880052151436392e-08 2.167621839816636737e-08 5.359198735751301796e-09 9.000555087091378644e-10 1.185178805169683527e-10 1.750117692670223531e-11 8.608586642714229867e-05 2.299112582667672128e-02 1.386758360051205301e-03 6.386510566905067080e-05 1.540757649956799665e-05 6.208341719493717459e-06 2.313455603490050014e-06 7.220620368366674566e-07 9.421957883463270232e-07 6.024687467617601005e-07 2.298401939677102448e-07 5.682537674748578563e-08 9.543589610672764855e-09 1.256684729148429993e-09 1.855708327720450447e-10 3.317525159971555955e-03 8.860181299403556698e-01 5.344205664892080071e-02 2.461194894061206027e-03 5.937678833117614446e-04 2.392533259051638666e-04 8.915455567321282698e-05 2.782639094761646419e-05 3.630977259320055035e-05 2.321757691978683017e-05 8.857442666340057972e-06 2.189902069977978923e-06 3.677850960197516288e-07 4.842935757207494956e-08 7.151416745037576725e-09 8.608586642714141776e-05 2.299112582667648882e-02 1.386758360051191206e-03 6.386510566905002028e-05 1.540757649956784079e-05 6.208341719493654779e-06 2.313455603490026721e-06 7.220620368366600451e-07 9.421957883463173882e-07 6.024687467617539595e-07 2.298401939677079155e-07 5.682537674748520992e-08 9.543589610672667248e-09 1.256684729148417172e-09 1.855708327720431577e-10 8.118754206813209433e-06 2.168292046902730880e-03 1.307851188211924844e-04 6.023115255022791907e-06 1.453087849543021788e-06 5.855084294833968578e-07 2.181818943415835594e-07 6.809763835169440842e-08 8.885844259640985032e-08 5.681880052151427790e-08 2.167621839816633429e-08 5.359198735751293524e-09 9.000555087091365202e-10 1.185178805169681976e-10 1.750117692670220946e-11
3.930278988373220393e-06 4.828699530224527069e-06 2.187785711938241250e-03 1.112581145406380396e-04 4.892667186403768694e-06 1.458636040176768972e-06 6.373593533034245327e-07 2.215673028949145005e-07 3.182630060972420734e-07 2.367765140748721941e-07 1.091677129502664404e-07 3.296463418285101420e-08 6.486151577678265310e-09 8.616732845595251202e-10 1.051598773312328719e-10 4.167406271895341113e-05 5.120031622916658209e-05 2.319782367731664310e-02 1.179707002244686749e-03 5.187858668362649187e-05 1.546640582062418641e-05 6.758134407927233115e-06 2.349352222737218954e-06 3.374649106706017095e-06 2.510620576076611843e-06 1.157541774981518966e-06 3.495350422978764534e-07 6.877483467520561584e-08 9.136610049874217225e-09 1.115045353366423010e-09 1.606009875098030970e-03 1.973126882942132995e-03 8.939837269479705695e-01 4.546283639549224959e-02 1.999265660320188789e-03 5.960350121779513233e-04 2.604409046837345221e-04 9.053791791899088890e-05 1.300501903764644742e-04 9.675278038033836435e-05 4.460864624588992166e-05 1.347017048491151363e-05 2.650403067046797165e-06 3.521011633536843972e-07 4.297094480001832740e-08 4.167406271895298422e-05 5.120031622916606032e-05 2.319782367731640718e-02 1.179707002244674823e-03 5.187858668362596332e-05 1.546640582062402716e-05 6.758134407927163659e-06 2.349352222737194814e-06 3.374649106705982790e-06 2.510620576076586432e-06 1.157541774981507108e-06 3.495350422978728535e-07 6.877483467520491439e-08 9.136610049874124581e-09 1.115045353366411636e-09 3.930278988373214464e-06 4.828699530224520293e-06 2.187785711938237780e-03 1.112581145406378770e-04 4.892667186403761071e-06 1.458636040176766643e-06 6.373593533034235798e-07 2.215673028949141564e-07 3.182630060972415969e-07 2.367765140748718500e-07 1.091677129502662815e-07 3.296463418285096126e-08 6.486151577678255384e-09 8.616732845595237761e-10 1.051598773312327038e-10
1.626931624668480082e-06 3.031490340946617987e-06 4.630170227823427666e-06 2.207352237685177195e-03 9.142161297724240112e-05 3.835357990565349621e-06 1.306580694613736959e-06 4.981157850246383084e-07 7.842128408959367496e-07 6.751709031049589462e-07 3.754150744923722393e-07 1.401997401407604460e-07 3.420828257731349810e-08 5.332585643378993204e-09 6.229793841419117878e-10 1.725090019473310272e-05 3.214390606220090776e-05 4.909524363144802034e-05 2.340529409445039899e-02 9.693739412271194008e-04 4.066758362988798431e-05 1.385411213193396490e-05 5.281688279083117774e-06 8.315271056631278268e-06 7.159062917733148352e-06 3.980651604203631857e-06 1.486584738918334695e-06 3.627218622016225738e-07 5.654318922747771530e-08 6.605658785075445884e-09 6.648047792679350788e-04 1.238742450148488288e-03 1.892002865767856111e-03 9.019790966568129731e-01 3.735714784451305004e-02 1.567222791462347976e-03 5.339014111643626851e-04 2.035425149355353438e-04 3.204488969824645741e-04 2.758916455989895837e-04 1.534039488491800620e-04 5.728910538369588312e-05 1.397835619095556791e-05 2.179027297656914324e-06 2.545648911627316308e-07 1.725090019473292654e-05 3.214390606220058250e-05 4.909524363144751889e-05 2.340529409445015960e-02 9.693739412271095346e-04 4.066758362988757096e-05 1.385411213193382430e-05 5.281688279083064411e-06 8.315271056631193565e-06 7.159062917733075507e-06 3.980651604203591200e-06 1.486584738918319660e-06 3.627218622016189210e-07 5.654318922747713958e-08 6.605658785075378883e-09 1.626931624668477541e-06 3.031490340946613329e-06 4.630170227823420889e-06 2.207352237685173725e-03 9.142161297724226560e-05 3.835357990565343692e-06 1.306580694613735053e-06 4.981157850246375672e-07 7.842128408959355849e-07 6.751709031049578874e-07 3.754150744923716569e-07 1.401997401407602342e-07 3.420828257731344516e-08 5.332585643378984933e-09 6.229793841419108572e-10
6.161456565329345354e-07 1.619126876253320625e-06 3.219513161507008974e-06 4.348617702276465003e-06 2.226661014203420996e-03 7.143167010112408595e-05 2.712641845779574971e-06 8.263123646368277368e-07 1.408700004363220826e-06 1.386184503104603876e-06 9.158948457219203876e-07 4.177679877992177438e-07 1.265591087834198298e-07 2.431331833635496970e-08 3.198052660371940516e-09 6.533198485482657889e-06 1.716814383674396025e-05 3.413757491873964503e-05 4.610984802898967708e-05 2.361003151030001065e-02 7.574138906474880192e-04 2.876304881905258624e-05 8.761666388363731987e-06 1.493691733021779086e-05 1.469817793935621448e-05 9.711539398982972505e-06 4.429733710258000108e-06 1.341948562098931325e-06 2.578022466732125091e-07 3.391002204706597232e-08 2.517724598731935497e-04 6.616155646944958625e-04 1.315573257187140728e-03 1.776953491989336593e-03 9.098691436117738451e-01 2.918875935182242698e-02 1.108453014356967133e-03 3.376518108378955343e-04 5.756299043275792116e-04 5.664295097827919557e-04 3.742574435891702429e-04 1.707104039917241582e-04 5.171520370209328125e-05 9.935027375944680228e-06 1.306803961966767828e-06 6.533198485482591820e-06 1.716814383674378745e-05 3.413757491873929944e-05 4.610984802898920274e-05 2.361003151029977126e-02 7.574138906474803213e-04 2.876304881905229486e-05 8.761666388363642202e-06 1.493691733021763840e-05 1.469817793935606371e-05 9.711539398982872555e-06 4.429733710257954368e-06 1.341948562098917772e-06 2.578022466732098621e-07 3.391002204706562821e-08 6.161456565329335824e-07 1.619126876253318084e-06 3.219513161507004316e-06 4.348617702276458227e-06 2.226661014203417960e-03 7.143167010112397752e-05 2.712641845779571159e-06 8.263123646368264663e-07 1.408700004363218709e-06 1.386184503104601758e-06 9.158948457219191171e-07 4.177679877992171614e-07 1.265591087834196446e-07 2.431331833635493330e-08 3.198052660371935553e-09
2.342250975396990091e-07 8.109488669690850561e-07 2.014424058874061303e-06 3.333464228241596009e-06 3.934458549954028950e-06 2.245022888978305629e-03 5.180704491764988843e-05 1.409537199480976183e-06 1.971282868257166172e-06 2.177421354023788775e-06 1.670627637631852197e-06 9.073152181165692221e-07 3.333645104031691709e-07 7.830610338596377376e-08 1.235014346702788677e-08 2.483567053152787010e-06 8.598762083788394911e-06 2.135961208362811592e-05 3.534583619383919529e-05 4.171838000838034969e-05 2.380472861024375553e-02 5.493274257549366846e-04 1.494579439007754787e-05 2.090217160959119278e-05 2.308792692366472350e-05 1.771422363568747992e-05 9.620566737757549623e-06 3.534775408034117392e-06 8.303058061367365367e-07 1.309527020742168671e-07 9.571020804308233096e-05 3.313739030752578443e-04 8.231438380728980020e-04 1.362136500914896920e-03 1.607717748048581238e-03 9.173722629325689049e-01 2.116964876629058925e-02 5.759720031023675456e-04 8.055152731900529651e-04 8.897485921880968381e-04 6.826600583789565893e-04 3.707515940808734181e-04 1.362210411267296623e-04 3.199782399426015863e-05 5.046576191054031196e-06 2.483567053152762022e-06 8.598762083788306820e-06 2.135961208362789908e-05 3.534583619383883615e-05 4.171838000837992279e-05 2.380472861024351267e-02 5.493274257549311552e-04 1.494579439007739710e-05 2.090217160959097933e-05 2.308792692366448972e-05 1.771422363568730035e-05 9.620566737757453062e-06 3.534775408034081393e-06 8.303058061367280664e-07 1.309527020742155436e-07 2.342250975396986650e-07 8.109488669690838915e-07 2.014424058874058339e-06 3.333464228241590926e-06 3.934458549954023868e-06 2.245022888978302159e-03 5.180704491764981390e-05 1.409537199480974065e-06 1.971282868257163208e-06 2.177421354023785387e-06 1.670627637631849656e-06 9.073152181165678457e-07 3.333645104031686415e-07 7.830610338596365465e-08 1.235014346702786692e-08
1.017048548859390594e-07 4.310667615500250376e-07 1.269435043559120131e-06 2.454883230478012390e-06 3.329220621331139039e-06 3.342310239655133546e-06 2.262795526851529588e-03 3.215233388486855111e-05 2.305828658068001073e-06 2.787144013631345596e-06 2.402772257201473294e-06 1.495688939031379961e-06 6.398124897679912066e-07 1.768599666315762925e-07 3.307192011124496716e-08 1.078410594738216124e-06 4.570745056530318106e-06 1.346024436927236409e-05 2.602994800554671146e-05 3.530083981036003161e-05 3.543963341168324946e-05 2.399317783423040792e-02 3.409219505390246588e-04 2.444947251830077877e-05 2.955302022437457691e-05 2.547739792574408647e-05 1.585929010068523951e-05 6.784145834389560629e-06 1.875305382564464138e-06 3.506726308817854525e-07 4.155913658430591067e-05 1.761446141416074822e-04 5.187227730607728380e-04 1.003126424872985553e-03 1.360402457447654548e-03 1.365751201481294006e-03 9.246346053808726095e-01 1.313824435346788201e-02 9.422190145015717092e-04 1.138896455557989688e-03 9.818325834101606503e-04 6.111757494226996131e-04 2.614433173365543158e-04 7.226938692140684255e-05 1.351401018712335798e-05 1.078410594738205324e-06 4.570745056530271519e-06 1.346024436927222687e-05 2.602994800554644380e-05 3.530083981035967247e-05 3.543963341168289031e-05 2.399317783423016506e-02 3.409219505390211893e-04 2.444947251830053143e-05 2.955302022437427537e-05 2.547739792574382558e-05 1.585929010068507687e-05 6.784145834389492020e-06 1.875305382564445080e-06 3.506726308817819055e-07 1.017048548859389006e-07 4.310667615500243494e-07 1.269435043559118225e-06 2.454883230478009002e-06 3.329220621331133957e-06 3.342310239655128464e-06 2.262795526851526118e-03 3.215233388486850367e-05 2.305828658067997261e-06 2.787144013631341785e-06 2.402772257201469483e-06 1.495688939031377843e-06 6.398124897679902537e-07 1.768599666315760278e-07 3.307192011124492084e-08
5.872903640658318740e-08 2.803714173762316206e-07 9.157649020911207704e-07 1.947846291511378044e-06 2.875781882960923076e-06 3.103918878233703295e-06 2.428704726951769128e-06 2.292495425461237284e-03 2.428704726951772092e-06 3.103918878233699060e-06 2.875781882960925194e-06 1.947846291511379314e-06 9.157649020911205587e-07 2.803714173762310913e-07 5.872903640658314770e-08 6.227236167895245931e-07 2.972871917465367561e-06 9.710161563201875291e-06 2.065366574725651427e-05 3.049287720059502135e-05 3.291189006905467790e-05 2.575236857643535001e-05 2.430809579325290959e-02 2.575236857643538050e-05 3.291189006905463046e-05 3.049287720059504168e-05 2.065366574725653121e-05 9.710161563201873597e-06 2.972871917465361632e-06 6.227236167895241696e-07 2.399814687531992661e-05 1.145667435654063911e-04 3.742043453854835026e-04 7.959385042625604680e-04 1.175116096421161774e-03 1.268338554258672960e-03 9.924292363775099809e-04 9.367707236049744868e-01 9.924292363775112820e-04 1.268338554258671008e-03 1.175116096421162642e-03 7.959385042625611185e-04 3.742043453854834484e-04 1.145667435654061742e-04 2.399814687531991305e-05 6.227236167895183462e-07 2.972871917465337068e-06 9.710161563201775341e-06 2.065366574725630420e-05 3.049287720059470964e-05 3.291189006905434586e-05 2.575236857643508574e-05 2.430809579325266326e-02 2.575236857643511962e-05 3.291189006905429843e-05 3.049287720059473336e-05 2.065366574725632114e-05 9.710161563201775341e-06 2.972871917465331562e-06 6.227236167895179227e-07 5.872903640658310138e-08 2.803714173762311971e-07 9.157649020911193940e-07 1.947846291511375079e-06 2.875781882960918841e-06 3.103918878233698636e-06 2.428704726951765316e-06 2.292495425461233815e-03 2.428704726951768281e-06 3.103918878233694401e-06 2.875781882960920535e-06 1.947846291511376350e-06 9.157649020911192881e-07 2.803714173762306677e-07 5.872903640658306167e-08
3.307192011124380249e-08 1.768599666315762660e-07 6.398124897679952300e-07 1.495688939031379326e-06 2.402772257201471600e-06 2.787144013631346443e-06 2.305828658068002767e-06 3.215233388486855111e-05 2.262795526851529588e-03 3.342310239655133546e-06 3.329220621331136498e-06 2.454883230478018743e-06 1.269435043559115684e-06 4.310667615500244024e-07 1.017048548859399991e-07 3.506726308817731175e-07 1.875305382564463926e-06 6.784145834389602981e-06 1.585929010068523273e-05 2.547739792574406953e-05 2.955302022437458369e-05 2.444947251830080248e-05 3.409219505390246588e-04 2.399317783423040792e-02 3.543963341168324946e-05 3.530083981036000450e-05 2.602994800554677245e-05 1.346024436927231835e-05 4.570745056530311329e-06 1.078410594738226077e-06 1.351401018712288195e-05 7.226938692140682900e-05 2.614433173365559963e-04 6.111757494226993962e-04 9.818325834101599998e-04 1.138896455557989905e-03 9.422190145015725765e-04 1.313824435346788201e-02 9.246346053808726095e-01 1.365751201481294006e-03 1.360402457447653680e-03 1.003126424872988155e-03 5.187227730607709949e-04 1.761446141416072111e-04 4.155913658430629692e-05 3.506726308817695176e-07 1.875305382564444868e-06 6.784145834389534371e-06 1.585929010068507010e-05 2.547739792574381203e-05 2.955302022437428214e-05 2.444947251830055176e-05 3.409219505390211893e-04 2.399317783423016506e-02 3.543963341168289031e-05 3.530083981035964536e-05 2.602994800554650818e-05 1.346024436927218113e-05 4.570745056530264742e-06 1.078410594738215277e-06 3.307192011124375617e-08 1.768599666315760013e-07 6.398124897679941712e-07 1.495688939031376996e-06 2.402772257201468212e-06 2.787144013631342208e-06 2.305828658067999379e-06 3.215233388486850367e-05 2.262795526851526118e-03 3.342310239655128464e-06 3.329220621331131416e-06 2.454883230478014931e-06 1.269435043559113778e-06 4.310667615500237142e-07 1.017048548859398403e-07
1.235014346702819779e-08 7.830610338596320466e-08 3.333645104031695944e-07 9.073152181165676339e-07 1.670627637631851774e-06 2.177421354023789622e-06 1.971282868257164902e-06 1.409537199480975335e-06 5.180704491764982745e-05 2.245022888978305629e-03 3.934458549954028950e-06 3.333464228241599397e-06 2.014424058874060456e-06 8.109488669690864326e-07 2.342250975396977650e-07 1.309527020742201758e-07 8.303058061367305016e-07 3.534775408034122051e-06 9.620566737757532683e-06 1.771422363568747314e-05 2.308792692366473028e-05 2.090217160959117923e-05 1.494579439007754109e-05 5.493274257549360341e-04 2.380472861024375553e-02 4.171838000838034292e-05 3.534583619383923595e-05 2.135961208362810576e-05 8.598762083788410158e-06 2.483567053152773881e-06 5.046576191054158251e-06 3.199782399425992824e-05 1.362210411267298520e-04 3.707515940808727133e-04 6.826600583789563725e-04 8.897485921880971633e-04 8.055152731900524230e-04 5.759720031023672204e-04 2.116964876629056497e-02 9.173722629325689049e-01 1.607717748048581021e-03 1.362136500914898221e-03 8.231438380728975683e-04 3.313739030752583864e-04 9.571020804308181596e-05 1.309527020742188523e-07 8.303058061367221371e-07 3.534775408034086052e-06 9.620566737757434427e-06 1.771422363568729357e-05 2.308792692366449649e-05 2.090217160959096577e-05 1.494579439007738863e-05 5.493274257549303962e-04 2.380472861024351267e-02 4.171838000837992279e-05 3.534583619383887680e-05 2.135961208362788892e-05 8.598762083788322067e-06 2.483567053152748470e-06 1.235014346702817960e-08 7.830610338596308555e-08 3.333645104031691179e-07 9.073152181165662575e-07 1.670627637631849232e-06 2.177421354023786234e-06 1.971282868257161937e-06 1.409537199480973218e-06 5.180704491764974613e-05 2.245022888978302159e-03 3.934458549954023021e-06 3.333464228241594314e-06 2.014424058874057492e-06 8.109488669690852679e-07 2.342250975396974209e-07
3.198052660372510443e-09 2.431331833635569762e-08 1.265591087834180564e-07 4.177679877992195437e-07 9.158948457219221876e-07 1.386184503104608746e-06 1.408700004363221885e-06 8.263123646368315484e-07 2.712641845779576665e-06 7.143167010112427568e-05 2.226661014203420996e-03 4.348617702276468391e-06 3.219513161507001775e-06 1.619126876253318084e-06 6.161456565329312531e-07 3.391002204707202067e-08 2.578022466732201853e-07 1.341948562098912478e-06 4.429733710258018742e-06 9.711539398982991139e-06 1.469817793935626699e-05 1.493691733021780103e-05 8.761666388363772645e-06 2.876304881905260318e-05 7.574138906474900792e-04 2.361003151030001065e-02 4.610984802898971096e-05 3.413757491873957049e-05 1.716814383674393653e-05 6.533198485482624008e-06 1.306803961967000974e-06 9.935027375944976689e-06 5.171520370209255619e-05 1.707104039917248630e-04 3.742574435891709477e-04 5.664295097827940157e-04 5.756299043275796452e-04 3.376518108378971606e-04 1.108453014356967567e-03 2.918875935182250678e-02 9.098691436117738451e-01 1.776953491989338111e-03 1.315573257187137909e-03 6.616155646944948867e-04 2.517724598731921944e-04 3.391002204707167656e-08 2.578022466732175383e-07 1.341948562098898926e-06 4.429733710257973003e-06 9.711539398982891189e-06 1.469817793935611792e-05 1.493691733021765026e-05 8.761666388363684553e-06 2.876304881905230841e-05 7.574138906474822729e-04 2.361003151029977126e-02 4.610984802898924340e-05 3.413757491873922490e-05 1.716814383674376035e-05 6.533198485482557092e-06 3.198052660372505894e-09 2.431331833635566122e-08 1.265591087834178711e-07 4.177679877992189084e-07 9.158948457219208111e-07 1.386184503104606840e-06 1.408700004363219768e-06 8.263123646368303838e-07 2.712641845779572430e-06 7.143167010112416726e-05 2.226661014203417960e-03 4.348617702276462462e-06 3.219513161506997116e-06 1.619126876253315543e-06 6.161456565329303002e-07
6.229793841421638711e-10 5.332585643379239704e-09 3.420828257731198932e-08 1.401997401407611871e-07 3.754150744923709687e-07 6.751709031049574639e-07 7.842128408959345262e-07 4.981157850246395789e-07 1.306580694613733995e-06 3.835357990565344539e-06 9.142161297724198099e-05 2.207352237685177628e-03 4.630170227823424278e-06 3.031490340946624764e-06 1.626931624668484317e-06 6.605658785078118505e-09 5.654318922748032257e-08 3.627218622016066390e-07 1.486584738918342741e-06 3.980651604203618305e-06 7.159062917733132259e-06 8.315271056631254551e-06 5.281688279083131326e-06 1.385411213193393272e-05 4.066758362988793010e-05 9.693739412271149556e-04 2.340529409445040246e-02 4.909524363144798645e-05 3.214390606220098230e-05 1.725090019473314676e-05 2.545648911628346512e-07 2.179027297657014698e-06 1.397835619095495296e-05 5.728910538369618805e-05 1.534039488491795470e-04 2.758916455989889331e-04 3.204488969824636525e-04 2.035425149355358588e-04 5.339014111643613841e-04 1.567222791462345808e-03 3.735714784451287657e-02 9.019790966568131951e-01 1.892002865767854810e-03 1.238742450148491107e-03 6.648047792679368136e-04 6.605658785078051503e-09 5.654318922747974685e-08 3.627218622016029332e-07 1.486584738918327707e-06 3.980651604203577647e-06 7.159062917733059414e-06 8.315271056631169848e-06 5.281688279083077116e-06 1.385411213193379211e-05 4.066758362988751675e-05 9.693739412271050893e-04 2.340529409445016654e-02 4.909524363144748501e-05 3.214390606220065704e-05 1.725090019473297058e-05 6.229793841421629405e-10 5.332585643379231432e-09 3.420828257731194300e-08 1.401997401407610018e-07 3.754150744923703864e-07 6.751709031049564051e-07 7.842128408959332556e-07 4.981157850246388378e-07 1.306580694613731877e-06 3.835357990565338610e-06 9.142161297724184547e-05 2.207352237685174159e-03 4.630170227823417501e-06 3.031490340946620528e-06 1.626931624668481776e-06
1.051598773318365457e-10 8.616732845590420468e-10 6.486151577677278484e-09 3.296463418285113993e-08 1.091677129502688756e-07 2.367765140748728558e-07 3.182630060972422852e-07 2.215673028949164858e-07 6.373593533034262268e-07 1.458636040176774478e-06 4.892667186403770388e-06 1.112581145406386088e-04 2.187785711938240816e-03 4.828699530224521140e-06 3.930278988373205146e-06 1.115045353372824147e-09 9.136610049869095322e-09 6.877483467519516028e-08 3.495350422978777769e-07 1.157541774981544589e-06 2.510620576076619043e-06 3.374649106706019212e-06 2.349352222737240130e-06 6.758134407927251750e-06 1.546640582062424400e-05 5.187858668362651220e-05 1.179707002244692821e-03 2.319782367731663963e-02 5.120031622916651433e-05 4.167406271895324850e-05 4.297094480026500589e-08 3.521011633534870385e-07 2.650403067046393978e-06 1.347017048491156445e-05 4.460864624589091099e-05 9.675278038033863540e-05 1.300501903764645555e-04 9.053791791899171561e-05 2.604409046837352268e-04 5.960350121779536001e-04 1.999265660320189656e-03 4.546283639549247857e-02 8.939837269479703474e-01 1.973126882942130827e-03 1.606009875098024465e-03 1.115045353372812774e-09 9.136610049869002678e-09 6.877483467519445883e-08 3.495350422978742300e-07 1.157541774981532942e-06 2.510620576076593632e-06 3.374649106705984908e-06 2.349352222737216413e-06 6.758134407927182293e-06 1.546640582062408476e-05 5.187858668362598365e-05 1.179707002244680678e-03 2.319782367731640371e-02 5.120031622916599933e-05 4.167406271895282159e-05 1.051598773318363906e-10 8.616732845590408060e-10 6.486151577677268558e-09 3.296463418285108699e-08 1.091677129502687168e-07 2.367765140748725117e-07 3.182630060972417558e-07 2.215673028949161681e-07 6.373593533034252738e-07 1.458636040176772149e-06 4.892667186403762765e-06 1.112581145406384326e-04 2.187785711938237346e-03 4.828699530224514364e-06 3.930278988373199217e-06
1.750117692712328316e-11 1.185178805162582957e-10 9.000555087103068774e-10 5.359198735750274438e-09 2.167621839816734014e-08 5.681880052151309999e-08 8.885844259640819596e-08 6.809763835169327022e-08 2.181818943415819712e-07 5.855084294833923050e-07 1.453087849543010353e-06 6.023115255022768190e-06 1.307851188211912375e-04 2.168292046902735651e-03 8.118754206813267032e-06 1.855708327765095452e-10 1.256684729140900788e-09 9.543589610685159330e-09 5.682537674747489994e-08 2.298401939677205680e-07 6.024687467617466539e-07 9.421957883463080709e-07 7.220620368366543276e-07 2.313455603490029685e-06 6.208341719493659014e-06 1.540757649956785434e-05 6.386510566905031843e-05 1.386758360051190122e-03 2.299112582667673862e-02 8.608586642714277301e-05 7.151416745209626984e-09 4.842935757178479445e-08 3.677850960202292495e-07 2.189902069977559219e-06 8.857442666340456077e-06 2.321757691978631517e-05 3.630977259319981851e-05 2.782639094761595936e-05 8.915455567321204093e-05 2.392533259051616169e-04 5.937678833117559151e-04 2.461194894061192583e-03 5.344205664892020397e-02 8.860181299403563360e-01 3.317525159971574603e-03 1.855708327765076582e-10 1.256684729140887967e-09 9.543589610685061722e-09 5.682537674747431760e-08 2.298401939677182387e-07 6.024687467617405129e-07 9.421957883462984359e-07 7.220620368366469161e-07 2.313455603490006392e-06 6.208341719493596333e-06 1.540757649956769849e-05 6.386510566904966791e-05 1.386758360051176028e-03 2.299112582667650617e-02 8.608586642714190565e-05 1.750117692712325731e-11 1.185178805162581147e-10 9.000555087103054298e-10 5.359198735750266993e-09 2.167621839816730705e-08 5.681880052151301397e-08 8.885844259640806361e-08 6.809763835169317758e-08 2.181818943415816271e-07 5.855084294833913521e-07 1.453087849543008235e-06 6.023115255022758873e-06 1.307851188211910478e-04 2.168292046902732615e-03 8.118754206813253479e-06
2.288278187905412793e-12 1.399712422959899501e-11 8.975600096788420281e-11 5.275114756912400198e-10 2.412625208576811080e-09 7.474479682260519842e-09 1.358549961592297797e-08 1.150127987113423693e-08 4.153020100271133578e-08 1.356175606594120616e-07 4.251664899495121389e-07 1.269744005747802570e-06 6.733601571198797871e-06 1.387424210348764994e-04 2.168333971431608918e-03 2.426337901286096638e-11 1.484161899841953451e-10 9.517128999756518441e-10 5.593380619532965807e-09 2.558187206480579524e-08 7.925440814546280819e-08 1.440515965246100300e-07 1.219519174378695750e-07 4.403586123116670449e-07 1.437998357223773937e-06 4.508182503218953828e-06 1.346352039870107013e-05 7.139862972392495212e-05 1.471132296992507405e-03 2.299157036647935665e-02 9.350474553127426458e-10 5.719573547376694112e-09 3.667653729675691387e-08 2.155543262180290240e-07 9.858587447219820965e-07 3.054258544098568476e-06 5.551373479047518495e-06 4.699709385504254523e-06 1.697027440608419474e-05 5.541671273210881159e-05 1.737336162241018007e-04 5.188490227055241391e-04 2.751517296943084903e-03 5.669360850366716303e-02 8.860352613469507643e-01 2.426337901286071758e-11 1.484161899841938458e-10 9.517128999756423316e-10 5.593380619532909559e-09 2.558187206480553385e-08 7.925440814546200087e-08 1.440515965246085741e-07 1.219519174378683310e-07 4.403586123116625980e-07 1.437998357223759325e-06 4.508182503218908088e-06 1.346352039870093291e-05 7.139862972392423384e-05 1.471132296992492443e-03 2.299157036647912419e-02 2.288278187905409158e-12 1.399712422959897401e-11 8.975600096788407356e-11 5.275114756912391926e-10 2.412625208576807358e-09 7.474479682260508262e-09 1.358549961592295812e-08 1.150127987113421874e-08 4.153020100271127623e-08 1.356175606594118763e-07 4.251664899495115036e-07 1.269744005747800664e-06 6.733601571198787706e-06 1.387424210348762825e-04 2.168333971431605882e-03
1.957140859074808260e-03 1.252290766422091569e-04 6.077756903390004156e-06 1.146072471748256314e-06 3.837557868635077943e-07 1.224085738966442036e-07 3.748520953824048041e-08 1.038106908991857843e-08 1.226228834652941252e-08 6.746474380428744089e-09 2.177638424500665241e-09 4.761324944914031800e-10 8.101387477832439197e-11 1.263382121883643884e-11 2.065402654156249342e-12 2.041761640942047623e-02 1.306435987134440483e-03 6.340540513869118405e-05 1.195625138428416942e-05 4.003482127892630365e-06 1.277011460599398074e-06 3.910595529339410409e-07 1.082991475114605426e-07 1.279247217185478126e-07 7.038171288329923401e-08 2.271792846371199752e-08 4.967190065809357215e-09 8.451666682011805128e-10 1.318006898866443295e-10 2.154704344760161588e-11 8.443743985191222157e-01 5.402790799475546552e-02 2.622142553434484488e-03 4.944530433283281798e-04 1.655647626018528031e-04 5.281105111996017978e-05 1.617234197040758181e-05 4.478731782713451917e-06 5.290351125755662490e-06 2.910649083169260042e-06 9.395042397454724131e-07 2.054190871277604073e-07 3.495202783717288776e-08 5.450642524368957235e-09 8.910820678627104737e-10 6.676127488253140452e-02 4.271768570070283086e-03 2.073222258965232666e-04 3.909440598867134026e-05 1.309053738046633815e-05 4.175556609530758392e-06 1.278681790535397185e-06 3.541152410533337394e-07 4.182867059341386199e-07 2.301332724782397990e-07 7.428280738136416243e-08 1.624165792556831743e-08 2.763515736895644549e-09 4.309602997130305947e-10 7.045426173485491038e-11 2.844639352624492041e-03 1.820163111190968347e-04 8.833818160253093275e-06 1.665778341389222116e-06 5.577763133642621002e-07 1.779168038879145335e-07 5.448350929848837453e-08 1.508853975357497040e-08 1.782282957408380817e-08 9.805776842813841394e-09 3.165125253708177009e-09 6.920427952915878479e-10 1.177509810979862884e-10 1.836284028637244166e-11 3.001994282519532876e-12
7.327997343715832808e-06 1.957103017944455785e-03 1.180468060623119373e-04 5.436471097087964409e-06 1.311558846393094513e-06 5.284806149663838950e-07 1.969312411059666067e-07 6.146501054752515240e-08 8.020373751021706569e-08 5.128471791218446974e-08 1.956498088219826493e-08 4.837219245666255331e-09 8.123911882296380167e-10 1.069743819664271199e-10 1.579658341216306251e-11 7.644837525080920993e-05 2.041722163677013244e-02 1.231507887315232749e-03 5.671527471646362257e-05 1.368266637522213183e-05 5.513304995992536925e-06 2.054459453589606680e-06 6.412256951978453296e-07 8.367150169556944798e-07 5.350211218273349040e-07 2.041091078642184343e-07 5.046365803888455418e-08 8.475164972799764770e-09 1.115996268995092605e-09 1.647957934113273568e-10 3.161537055832971347e-03 8.443580726213042453e-01 5.092924221769475762e-02 2.345470941136169971e-03 5.658492626683610163e-04 2.280037736283342783e-04 8.496256030190971783e-05 2.651801022414518555e-05 3.460250819718160755e-05 2.212589995223660937e-05 8.440970862083888154e-06 2.086934147905624515e-06 3.504920546433781126e-07 4.615223733694692185e-08 6.815161287679446974e-09 2.499699716215330724e-04 6.675998405969993388e-02 4.026769576644787831e-03 1.854469184579798902e-04 4.473941681952197887e-05 1.802733791094563589e-05 6.717646642280319901e-06 2.096672013051141934e-06 2.735880630000853141e-06 1.749405585159039295e-06 6.673934891765415183e-07 1.650054579513800520e-07 2.771199179561561283e-08 3.649071085882721519e-09 5.388472896543538748e-10 1.065100119043859836e-05 2.844584351796090350e-03 1.715771189485184754e-04 7.901730501652643631e-06 1.906307300485401840e-06 7.681290528793285522e-07 2.862330299905112946e-07 8.933735505150289060e-08 1.165734734376663075e-07 7.454063721821765614e-08 2.843705106496870241e-08 7.030737802898648678e-09 1.180783658492445238e-09 1.554837176145996243e-10 2.295981027778274084e-11
3.547474557450129668e-06 4.358390022621026001e-06 1.974698023527898805e-03 1.004217084360593338e-04 4.416127306276174782e-06 1.316566649953940427e-06 5.752813213732245553e-07 1.999869149512692007e-07 2.872645733413641887e-07 2.137147673147774346e-07 9.853490943816784339e-08 2.975391859083211587e-08 5.854408240648202993e-09 7.777473463975706440e-10 9.491743217229852690e-11 3.700856501991146196e-05 4.546833470463054679e-05 2.060077923460914423e-02 1.047636358169635453e-03 4.607067137586534080e-05 1.373490963185079238e-05 6.001547253402918583e-06 2.086337371909282641e-06 2.996850144589220303e-06 2.229551398832090749e-06 1.027952574040352712e-06 3.104038698328120906e-07 6.107534938400480006e-08 8.113747617377444727e-09 9.902137149072219142e-10 1.530496224540958856e-03 1.880351604126265230e-03 8.519491318889972353e-01 4.332520026128542506e-02 1.905261351389673976e-03 5.680097924534221803e-04 2.481951247716684115e-04 8.628087765920902869e-05 1.239353060390505589e-04 9.220352090108388868e-05 4.251117363587215324e-05 1.283681090056916613e-05 2.525782655837839144e-06 3.355455713722803354e-07 4.095047595978922075e-08 1.210101577362562348e-04 1.486718102053393017e-04 6.736017847027046812e-02 3.425548677289620269e-03 1.506413233587738899e-04 4.491024118739164804e-05 1.962378653171622354e-05 6.821880673567186335e-06 9.799064311560045208e-06 7.290160164507980917e-06 3.361186878310131102e-06 1.014954814654491782e-06 1.997034378063292507e-07 2.653023370354300652e-08 3.237788813726176224e-09 5.156136658108097768e-06 6.334775402060024382e-06 2.870158109075865351e-03 1.459596238821757417e-04 6.418694629660597557e-06 1.913585976934949606e-06 8.361523280351385337e-07 2.906743506184206061e-07 4.175295335298574440e-07 3.106273289026280257e-07 1.432172240927033322e-07 4.324633422567125211e-08 8.509188283744495515e-09 1.130429982953637085e-09 1.379593408187417043e-10
1.468470447593165368e-06 2.736226839742789667e-06 4.179197234714706568e-06 1.992358793277396525e-03 8.251725818885375643e-05 3.461798750290552584e-06 1.179321311568328395e-06 4.495999086239429313e-07 7.078314564777264701e-07 6.094100718501014780e-07 3.388500992384182103e-07 1.265444546256822515e-07 3.087643713234549169e-08 4.813198236377825214e-09 5.623019438561851869e-10 1.531962616206420559e-05 2.854532915399815408e-05 4.359892934740172666e-05 2.078502290852171294e-02 8.608505192894386248e-04 3.611476335099190061e-05 1.230311556340381260e-05 4.690392328906605762e-06 7.384359226813941151e-06 6.357590985533220509e-06 3.535009406433140101e-06 1.320158496158469999e-06 3.221143979160675412e-07 5.021306199663027889e-08 5.866141592564974604e-09 6.335460450791145087e-04 1.180497500375053861e-03 1.803041991072205875e-03 8.595685639628165564e-01 3.560063647314477137e-02 1.493532887026148386e-03 5.087976772336279697e-04 1.939720642274340458e-04 3.053815761625001653e-04 2.629193808324943051e-04 1.461909843667761960e-04 5.459540495772084116e-05 1.332110201018555667e-05 2.076570701056260425e-06 2.425953979899775329e-07 5.009192810730337097e-05 9.333717158987901513e-05 1.425592512063737381e-04 6.796261620407807735e-02 2.814798603255930318e-03 1.180876158629711446e-04 4.022857828110532177e-05 1.533658803740541406e-05 2.414528837681672617e-05 2.078797401542202075e-05 1.155873094894310682e-05 4.316638263900389126e-06 1.053245757569116142e-06 1.641860620470817690e-07 1.918103874164206099e-08 2.134373110663237729e-06 3.977014996109779678e-06 6.074324625703653438e-06 2.895827452390689703e-03 1.199360990427908804e-04 5.031609712853267854e-06 1.714104427752773951e-06 6.534785613809303242e-07 1.028809554910573689e-06 8.857573353662512025e-07 4.925073851812498549e-07 1.839281694087103197e-07 4.487787771035895054e-08 6.995824062278094526e-09 8.172872331257236739e-10
5.561338130702773761e-07 1.461425872255897268e-06 2.905936464461842727e-06 3.925067585415411595e-06 2.009786918262059224e-03 6.447431162763188177e-05 2.448433803260532134e-06 7.458305374064302752e-07 1.271494323772382740e-06 1.251171805167605462e-06 8.266877929302069609e-07 3.770778898951099064e-07 1.142324043028243205e-07 2.194523046851313307e-08 2.886566190241615813e-09 5.801793373699758138e-06 1.524613454988070705e-05 3.031580264977829718e-05 4.094775497045554307e-05 2.096683954630857577e-02 6.726198357009053469e-04 2.554296588670892611e-05 7.780779675917214041e-06 1.326469847541396861e-05 1.305268645419347903e-05 8.624312434199823285e-06 3.933815839904122859e-06 1.191714639120796230e-06 2.289407508125102714e-07 3.011372479373637580e-08 2.399342651960915105e-04 6.305067855206377640e-04 1.253715767537897470e-03 1.693402171956474985e-03 8.670876254974048125e-01 2.781632085809682131e-02 1.056334198101259924e-03 3.217756190106073680e-04 5.485641209101887366e-04 5.397963235675822804e-04 3.566600761932501857e-04 1.626837000508777004e-04 4.928358489239616924e-05 9.467888165174735029e-06 1.245358799480122322e-06 1.897063371483981984e-05 4.985162612375356004e-05 9.912624438632350093e-05 1.338904733337929038e-04 6.855711804455276448e-02 2.199324193491683510e-03 8.352008053647722670e-05 2.544149916072729106e-05 4.337275044223160806e-05 4.267951610266533378e-05 2.819967235875749169e-05 1.286274339564544639e-05 3.896654095586391089e-06 7.485876945829520637e-07 9.846549265975746979e-08 8.083220595234402415e-07 2.124134053962743459e-06 4.223682309173371542e-06 5.704955605730725382e-06 2.921158654252810870e-03 9.371127440261884333e-05 3.558717358925028573e-06 1.084039959238472936e-06 1.848074845134759822e-06 1.818536738105038124e-06 1.201563299442448319e-06 5.480702115162548631e-07 1.660330124518159559e-07 3.189666492510764315e-08 4.195528257786373681e-09
2.114118556714157443e-07 7.319634258728747919e-07 1.818221586282097515e-06 3.008788834797661346e-06 3.551247034776313452e-06 2.026360368590568711e-03 4.676110125660799913e-05 1.272249977095885608e-06 1.779282295574165620e-06 1.965343141567968368e-06 1.507910521620514253e-06 8.189438107008493575e-07 3.008952093504058695e-07 7.067918340569134940e-08 1.114725439587037576e-08 2.205526573873311760e-06 7.636112845890154912e-06 1.896835923888751360e-05 3.138879657077237473e-05 3.704792089693079372e-05 2.113973990236575617e-02 4.878290818530187285e-04 1.327258173002298106e-05 1.856213017405397643e-05 2.050318565031109984e-05 1.573107958347518822e-05 8.543524350957240455e-06 3.139049974590526118e-06 7.373513501683647871e-07 1.162922756518916026e-07 9.120996970895077906e-05 3.157928948208530090e-04 7.844400934009359292e-04 1.298089634618485033e-03 1.532123794298369734e-03 8.742379525102174087e-01 2.017426418980656014e-02 5.488901343994903549e-04 7.676404133892405796e-04 8.479131307031307708e-04 6.505617793477941118e-04 3.533190696904541959e-04 1.298160069749088150e-04 3.049330491430009843e-05 4.809289112742864149e-06 7.211604082793285213e-06 2.496846931178935345e-05 6.202251133651879157e-05 1.026347069154617895e-04 1.211388431063427476e-04 6.912246553500199509e-02 1.595097624336586084e-03 4.339852701268762027e-05 6.069422845967365621e-05 6.704106815017026456e-05 5.143729352201958558e-05 2.793551246249740075e-05 1.026402759368862078e-05 2.410982515612511624e-06 3.802510746518336869e-07 3.072801231785492038e-07 1.063884572367528691e-06 2.642724795278358286e-06 4.373174819541933520e-06 5.161619828830934435e-06 2.945247614837657145e-03 6.796571038299565020e-05 1.849173162187929999e-06 2.586127827207582301e-06 2.856561098294048351e-06 2.191697950686074340e-06 1.190307678012078018e-06 4.373412110659087151e-07 1.027298498189028662e-07 1.620216469406261302e-08
9.179892474410904996e-08 3.890813791298019362e-07 1.145793602103938336e-06 2.215780566060100000e-06 3.004958550079655207e-06 3.016773255373725054e-06 2.042401972980625435e-03 2.902073536169583892e-05 2.081243729143343169e-06 2.515679549862970868e-06 2.168745138700017812e-06 1.350010641170684073e-06 5.774955253062653515e-07 1.596340192930388316e-07 2.985075499925906958e-08 9.576802934401534058e-07 4.059040673687629038e-06 1.195334211314023833e-05 2.311584137416163102e-05 3.134883762568751211e-05 3.147209299566568560e-05 2.130709184512918561e-02 3.027550315486829749e-04 2.171230339355779954e-05 2.624449835583469941e-05 2.262515042106114335e-05 1.408380970242941054e-05 6.024646646759015108e-06 1.665361058048766603e-06 3.114141030168774110e-07 3.960505014552274846e-05 1.678623967990847598e-04 4.943327298684694780e-04 9.559600036155821738e-04 1.296437124866860885e-03 1.301534374065918022e-03 8.811588238390900552e-01 1.252049174283674342e-02 8.979164242669024397e-04 1.085346206397507646e-03 9.356673861976238463e-04 5.824386210360854143e-04 2.491504045643777782e-04 6.887132236739914421e-05 1.287858928547239263e-05 3.131411426185969410e-06 1.327220204070465470e-05 3.908489328911557051e-05 7.558389819731166403e-05 1.025040496407176362e-04 1.029070685568759516e-04 6.966967089085343567e-02 9.899447358588508300e-04 7.099462670487964697e-05 8.581394290861570182e-05 7.397944286102675832e-05 4.605107041306397343e-05 1.969931664838324328e-05 5.445377420439684882e-06 1.018258062886039421e-06 1.334266936612585502e-07 5.655168851613756324e-07 1.665373013606706632e-06 3.220563591919884859e-06 4.367607627691600012e-06 4.384779910137871663e-06 2.968563554983509253e-03 4.218067670970109185e-05 3.025018759826426558e-06 3.656456822180800373e-06 3.152199157640355514e-06 1.962195709383614478e-06 8.393706000432356692e-07 2.320227546183166279e-07 4.338708273485538085e-08
5.300889912706935418e-08 2.530635796391877680e-07 8.265705056522482992e-07 1.758128413123234395e-06 2.595684197676386028e-06 2.801600924895358675e-06 2.192151817188532990e-06 2.069209137303684286e-03 2.192151817188535531e-06 2.801600924895354864e-06 2.595684197676387722e-06 1.758128413123235877e-06 8.265705056522481933e-07 2.530635796391872915e-07 5.300889912706932110e-08 5.530084171733070455e-07 2.640052744445957375e-06 8.623088849990253690e-06 1.834144505808472535e-05 2.707913639552964933e-05 2.922733575948741611e-05 2.286933753747700729e-05 2.158675408590998365e-02 2.286933753747703439e-05 2.922733575948737207e-05 2.707913639552966627e-05 1.834144505808473890e-05 8.623088849990251996e-06 2.640052744445952293e-06 5.530084171733066220e-07 2.286976796230136036e-05 1.091798818946263828e-04 3.566094746362282971e-04 7.585139385685713258e-04 1.119862820806202417e-03 1.208702012877814133e-03 9.457657907035792134e-04 8.927243088405050209e-01 9.457657907035804060e-04 1.208702012877812398e-03 1.119862820806203068e-03 7.585139385685718679e-04 3.566094746362282429e-04 1.091798818946261660e-04 2.286976796230134681e-05 1.808220225658978395e-06 8.632412493312224003e-06 2.819567149792638589e-05 5.997263493992720853e-05 8.854303226352112834e-05 9.556718852955289206e-05 7.477788293722930333e-05 7.058410709910822867e-02 7.477788293722939820e-05 9.556718852955274298e-05 8.854303226352119611e-05 5.997263493992725596e-05 2.819567149792638250e-05 8.632412493312208756e-06 1.808220225658977336e-06 7.704667745143623591e-08 3.678195230658866540e-07 1.201392826272417304e-06 2.555381360390085208e-06 3.772740925344682283e-06 4.072034061500266058e-06 3.186219988810440874e-06 3.007526879576146242e-03 3.186219988810444686e-06 4.072034061500260129e-06 3.772740925344684824e-06 2.555381360390086902e-06 1.201392826272417093e-06 3.678195230658859657e-07 7.704667745143618297e-08
2.985075499925801741e-08 1.596340192930388051e-07 5.774955253062689514e-07 1.350010641170683438e-06 2.168745138700016118e-06 2.515679549862971292e-06 2.081243729143344863e-06 2.902073536169583892e-05 2.042401972980625435e-03 3.016773255373725054e-06 3.004958550079653089e-06 2.215780566060105505e-06 1.145793602103934524e-06 3.890813791298014068e-07 9.179892474410989699e-08 3.114141030168664525e-07 1.665361058048766179e-06 6.024646646759052378e-06 1.408380970242940376e-05 2.262515042106112980e-05 2.624449835583470280e-05 2.171230339355781987e-05 3.027550315486829749e-04 2.130709184512918561e-02 3.147209299566568560e-05 3.134883762568749178e-05 2.311584137416168862e-05 1.195334211314019767e-05 4.059040673687623109e-06 9.576802934401622997e-07 1.287858928547193862e-05 6.887132236739913066e-05 2.491504045643793503e-04 5.824386210360850890e-04 9.356673861976231958e-04 1.085346206397507863e-03 8.979164242669031987e-04 1.252049174283674342e-02 8.811588238390900552e-01 1.301534374065918022e-03 1.296437124866860018e-03 9.559600036155844506e-04 4.943327298684678517e-04 1.678623967990845159e-04 3.960505014552311438e-05 1.018258062886003634e-06 5.445377420439684035e-06 1.969931664838336864e-05 4.605107041306395310e-05 7.397944286102670411e-05 8.581394290861572892e-05 7.099462670487971473e-05 9.899447358588508300e-04 6.966967089085343567e-02 1.029070685568759516e-04 1.025040496407175685e-04 7.558389819731184021e-05 3.908489328911544177e-05 1.327220204070463437e-05 3.131411426185998633e-06 4.338708273485385222e-08 2.320227546183166015e-07 8.393706000432409632e-07 1.962195709383613631e-06 3.152199157640353820e-06 3.656456822180801220e-06 3.025018759826429099e-06 4.218067670970109185e-05 2.968563554983509253e-03 4.384779910137871663e-06 4.367607627691596624e-06 3.220563591919892906e-06 1.665373013606701126e-06 5.655168851613747854e-07 1.334266936612597943e-07
1.114725439587065865e-08 7.067918340569084647e-08 3.008952093504062930e-07 8.189438107008478752e-07 1.507910521620513830e-06 1.965343141567969215e-06 1.779282295574164349e-06 1.272249977095884973e-06 4.676110125660794492e-05 2.026360368590568711e-03 3.551247034776313029e-06 3.008788834797664310e-06 1.818221586282096668e-06 7.319634258728760624e-07 2.114118556714146061e-07 1.162922756518945408e-07 7.373513501683594932e-07 3.139049974590529930e-06 8.543524350957225208e-06 1.573107958347518144e-05 2.050318565031110661e-05 1.856213017405396287e-05 1.327258173002297428e-05 4.878290818530181322e-04 2.113973990236575617e-02 3.704792089693078694e-05 3.138879657077240862e-05 1.896835923888750343e-05 7.636112845890168465e-06 2.205526573873299902e-06 4.809289112742985275e-06 3.049330491429987820e-05 1.298160069749089776e-04 3.533190696904535454e-04 6.505617793477940034e-04 8.479131307031310960e-04 7.676404133892400375e-04 5.488901343994901380e-04 2.017426418980653585e-02 8.742379525102174087e-01 1.532123794298369517e-03 1.298089634618486551e-03 7.844400934009354955e-04 3.157928948208535511e-04 9.120996970895029116e-05 3.802510746518433219e-07 2.410982515612494260e-06 1.026402759368863434e-05 2.793551246249734992e-05 5.143729352201957203e-05 6.704106815017029167e-05 6.069422845967361555e-05 4.339852701268759994e-05 1.595097624336584132e-03 6.912246553500199509e-02 1.211388431063427341e-04 1.026347069154618979e-04 6.202251133651876447e-05 2.496846931178939411e-05 7.211604082793246250e-06 1.620216469406302330e-08 1.027298498189021250e-07 4.373412110659092974e-07 1.190307678012075901e-06 2.191697950686073493e-06 2.856561098294049198e-06 2.586127827207580607e-06 1.849173162187929152e-06 6.796571038299555534e-05 2.945247614837657145e-03 5.161619828830933588e-06 4.373174819541937755e-06 2.642724795278357016e-06 1.063884572367530385e-06 3.072801231785475627e-07
2.886566190242130319e-09 2.194523046851378820e-08 1.142324043028227190e-07 3.770778898951114946e-07 8.266877929302085491e-07 1.251171805167609909e-06 1.271494323772383587e-06 7.458305374064338751e-07 2.448433803260533404e-06 6.447431162763205795e-05 2.009786918262059224e-03 3.925067585415414136e-06 2.905936464461836374e-06 1.461425872255894939e-06 5.561338130702744115e-07 3.011372479374174255e-08 2.289407508125171006e-07 1.191714639120779502e-06 3.933815839904139800e-06 8.624312434199838531e-06 1.305268645419352646e-05 1.326469847541397708e-05 7.780779675917251311e-06 2.554296588670893967e-05 6.726198357009071900e-04 2.096683954630857577e-02 4.094775497045557695e-05 3.031580264977822942e-05 1.524613454988068333e-05 5.801793373699727645e-06 1.245358799480344457e-06 9.467888165175017938e-06 4.928358489239547806e-05 1.626837000508784051e-04 3.566600761932508905e-04 5.397963235675842320e-04 5.485641209101890618e-04 3.217756190106088859e-04 1.056334198101260575e-03 2.781632085809689764e-02 8.670876254974048125e-01 1.693402171956476287e-03 1.253715767537894651e-03 6.305067855206367882e-04 2.399342651960902366e-04 9.846549265977503249e-08 7.485876945829744042e-07 3.896654095586336032e-06 1.286274339564550060e-05 2.819967235875754590e-05 4.267951610266548286e-05 4.337275044223163516e-05 2.544149916072740964e-05 8.352008053647728091e-05 2.199324193491689582e-03 6.855711804455276448e-02 1.338904733337930122e-04 9.912624438632328409e-05 4.985162612375347872e-05 1.897063371483972158e-05 4.195528257787121452e-09 3.189666492510859606e-08 1.660330124518136266e-07 5.480702115162571925e-07 1.201563299442450648e-06 1.818536738105044900e-06 1.848074845134761093e-06 1.084039959238478018e-06 3.558717358925030267e-06 9.371127440261910082e-05 2.921158654252810870e-03 5.704955605730729618e-06 4.223682309173362224e-06 2.124134053962740494e-06 8.083220595234359005e-07
5.623019438564126616e-10 4.813198236378047726e-09 3.087643713234412849e-08 1.265444546256829397e-07 3.388500992384170456e-07 6.094100718501001015e-07 7.078314564777244584e-07 4.495999086239440960e-07 1.179321311568325642e-06 3.461798750290547502e-06 8.251725818885337696e-05 1.992358793277396959e-03 4.179197234714704027e-06 2.736226839742796020e-06 1.468470447593169179e-06 5.866141592567347786e-09 5.021306199663259499e-08 3.221143979160533534e-07 1.320158496158476987e-06 3.535009406433128243e-06 6.357590985533206109e-06 7.384359226813919975e-06 4.690392328906617621e-06 1.230311556340378380e-05 3.611476335099184640e-05 8.608505192894347216e-04 2.078502290852171641e-02 4.359892934740169278e-05 2.854532915399822184e-05 1.531962616206424625e-05 2.425953979900756828e-07 2.076570701056356140e-06 1.332110201018497052e-05 5.459540495772113254e-05 1.461909843667757081e-04 2.629193808324937088e-04 3.053815761624992979e-04 1.939720642274345337e-04 5.087976772336267771e-04 1.493532887026146217e-03 3.560063647314460483e-02 8.595685639628167785e-01 1.803041991072204574e-03 1.180497500375056680e-03 6.335460450791161350e-04 1.918103874164981995e-08 1.641860620470893659e-07 1.053245757569069767e-06 4.316638263900411996e-06 1.155873094894306785e-05 2.078797401542197332e-05 2.414528837681665502e-05 1.533658803740545472e-05 4.022857828110523368e-05 1.180876158629709819e-04 2.814798603255917742e-03 6.796261620407809123e-02 1.425592512063736568e-04 9.333717158987923197e-05 5.009192810730350650e-05 8.172872331260543393e-10 6.995824062278417126e-09 4.487787771035697854e-08 1.839281694087112991e-07 4.925073851812481609e-07 8.857573353662492967e-07 1.028809554910570724e-06 6.534785613809320182e-07 1.714104427752770139e-06 5.031609712853260230e-06 1.199360990427903248e-04 2.895827452390690570e-03 6.074324625703649203e-06 3.977014996109788995e-06 2.134373110663243658e-06
9.491743217284340628e-11 7.777473463971347198e-10 5.854408240647312120e-09 2.975391859083223168e-08 9.853490943817004038e-08 2.137147673147780169e-07 2.872645733413643475e-07 1.999869149512710006e-07 5.752813213732261435e-07 1.316566649953945297e-06 4.416127306276176476e-06 1.004217084360598352e-04 1.974698023527898371e-03 4.358390022621020072e-06 3.547474557450115692e-06 9.902137149129062994e-10 8.113747617372896888e-09 6.107534938399550917e-08 3.104038698328133082e-07 1.027952574040375582e-06 2.229551398832097101e-06 2.996850144589221997e-06 2.086337371909301700e-06 6.001547253402935523e-06 1.373490963185084321e-05 4.607067137586536113e-05 1.047636358169640658e-03 2.060077923460914076e-02 4.546833470463048580e-05 3.700856501991131288e-05 4.095047596002429886e-08 3.355455713720922412e-07 2.525782655837454591e-06 1.283681090056921356e-05 4.251117363587309515e-05 9.220352090108414618e-05 1.239353060390506402e-04 8.628087765920981474e-05 2.481951247716691162e-04 5.680097924534243488e-04 1.905261351389674843e-03 4.332520026128564711e-02 8.519491318889971243e-01 1.880351604126262845e-03 1.530496224540952785e-03 3.237788813744762973e-09 2.653023370352813712e-08 1.997034378062988634e-07 1.014954814654495594e-06 3.361186878310205641e-06 7.290160164508001246e-06 9.799064311560050291e-06 6.821880673567248168e-06 1.962378653171627775e-05 4.491024118739181745e-05 1.506413233587739441e-04 3.425548677289637616e-03 6.736017847027045424e-02 1.486718102053391120e-04 1.210101577362557605e-04 1.379593408195336781e-10 1.130429982953003465e-09 8.509188283743201805e-09 4.324633422567141755e-08 1.432172240927065350e-07 3.106273289026288727e-07 4.175295335298577087e-07 2.906743506184232531e-07 8.361523280351408631e-07 1.913585976934956806e-06 6.418694629660600098e-06 1.459596238821764735e-04 2.870158109075864918e-03 6.334775402060016758e-06 5.156136658108077440e-06
1.579658341254309708e-11 1.069743819657862100e-10 8.123911882306930856e-10 4.837219245665328062e-09 1.956498088219914174e-08 5.128471791218333154e-08 8.020373751021545103e-08 6.146501054752402744e-08 1.969312411059648862e-07 5.284806149663789187e-07 1.311558846393082232e-06 5.436471097087933916e-06 1.180468060623106363e-04 1.957103017944457086e-03 7.327997343715873465e-06 1.647957934152920335e-10 1.115996268988406297e-09 8.475164972810771235e-09 5.046365803887488609e-08 2.041091078642276193e-07 5.350211218273230456e-07 8.367150169556776450e-07 6.412256951978336829e-07 2.054459453589588892e-06 5.513304995992484409e-06 1.368266637522200478e-05 5.671527471646331086e-05 1.231507887315219088e-03 2.041722163677014631e-02 7.644837525080963006e-05 6.815161287843407406e-09 4.615223733667041191e-08 3.504920546438332869e-07 2.086934147905224715e-06 8.440970862084267625e-06 2.212589995223611809e-05 3.460250819718090960e-05 2.651801022414470104e-05 8.496256030190897245e-05 2.280037736283321370e-04 5.658492626683558121e-04 2.345470941136156961e-03 5.092924221769419557e-02 8.443580726213049115e-01 3.161537055832989128e-03 5.388472896673175528e-10 3.649071085860858722e-09 2.771199179565160512e-08 1.650054579513484471e-07 6.673934891765714820e-07 1.749405585159000543e-06 2.735880630000798084e-06 2.096672013051103394e-06 6.717646642280260609e-06 1.802733791094546649e-05 4.473941681952156552e-05 1.854469184579788873e-04 4.026769576644743595e-03 6.675998405969997551e-02 2.499699716215344819e-04 2.295981027833511008e-11 1.554837176136680639e-10 1.180783658493978831e-09 7.030737802897301200e-09 2.843705106496997627e-08 7.454063721821600177e-08 1.165734734376639649e-07 8.933735505150126270e-08 2.862330299905087535e-07 7.681290528793213524e-07 1.906307300485384052e-06 7.901730501652599585e-06 1.715771189485165780e-04 2.844584351796092085e-03 1.065100119043865766e-05
2.065402653596988814e-12 1.263382121952712172e-11 8.101387477936524367e-11 4.761324944904761173e-10 2.177638424500644975e-09 6.746474380428690323e-09 1.226228834652862835e-08 1.038106908991967527e-08 3.748520953823903781e-08 1.224085738966448389e-07 3.837557868635062590e-07 1.146072471748258220e-06 6.077756903389986368e-06 1.252290766422101056e-04 1.957140859074807393e-03 2.154704344176720083e-11 1.318006898938497965e-10 8.451666682120391195e-10 4.967190065799685819e-09 2.271792846371178576e-08 7.038171288329867814e-08 1.279247217185396335e-07 1.082991475114719775e-07 3.910595529339260060e-07 1.277011460599404851e-06 4.003482127892614271e-06 1.195625138428418805e-05 6.340540513869099431e-05 1.306435987134450458e-03 2.041761640942046582e-02 8.910820676214272657e-10 5.450642524666939952e-09 3.495202783762194095e-08 2.054190871273604224e-07 9.395042397454636251e-07 2.910649083169237172e-06 5.290351125755323677e-06 4.478731782713924561e-06 1.617234197040695839e-05 5.281105111996045761e-05 1.655647626018521255e-04 4.944530433283290472e-04 2.622142553434476681e-03 5.402790799475588185e-02 8.443743985191217716e-01 7.045426171577761807e-11 4.309602997365909216e-10 2.763515736931150036e-09 1.624165792553669266e-08 7.428280738136346098e-08 2.301332724782379990e-07 4.182867059341118854e-07 3.541152410533711677e-07 1.278681790535347845e-06 4.175556609530781262e-06 1.309053738046628564e-05 3.909440598867140124e-05 2.073222258965226432e-04 4.271768570070316046e-03 6.676127488253137676e-02 3.001994281706665961e-12 1.836284028737632549e-11 1.177509810994991242e-10 6.920427952902402673e-10 3.165125253708147230e-09 9.805776842813765293e-09 1.782282957408266997e-08 1.508853975357656189e-08 5.448350929848627680e-08 1.779168038879154865e-07 5.577763133642598768e-07 1.665778341389224657e-06 8.833818160253066170e-06 1.820163111190982170e-04 2.844639352624490740e-03
1.737332377713624552e-03 1.111644716183276648e-04 5.395157841180377666e-06 1.017355906266132800e-06 3.406557839521641722e-07 1.086607424061049966e-07 3.327520751212088611e-08 9.215160657227016681e-09 1.088509826490302714e-08 5.988770977922908962e-09 1.933065637200354113e-09 4.226575695489327740e-10 7.191512406672427704e-11 1.121490390226991086e-11 1.833435180428243071e-12 1.785733220144690436e-02 1.142614346081110080e-03 5.545463095322567589e-05 1.045698717087573703e-05 3.501462114223519138e-06 1.116879532836009160e-06 3.420223108936792137e-07 9.471888468593992538e-08 1.118834934841739043e-07 6.155613871186461712e-08 1.986919468807506151e-08 4.344325083507740072e-09 7.391862819351942971e-10 1.152734313589984308e-10 1.884513378482817013e-11 7.909032304071661468e-01 5.060651654069015654e-02 2.456091776037502578e-03 4.631411254757187125e-04 1.550801466897334794e-04 4.946671879823531256e-05 1.514820621051205974e-05 4.195109943276063325e-06 4.955332377067072135e-06 2.726328233657466422e-06 8.800088438246213439e-07 1.924106413950653611e-07 3.273864268526279450e-08 5.105473102783150403e-09 8.346530724599591796e-10 1.166157543156511323e-01 7.461743577203356140e-03 3.621416427691524797e-04 6.828844493927003286e-05 2.286599370228243840e-05 7.293684618289735286e-06 2.233546944622378545e-06 6.185534356970227338e-07 7.306454200964018293e-07 4.019870083427864128e-07 1.297540472482591862e-07 2.837023699232129366e-08 4.827191703398437508e-09 7.527831144561353443e-10 1.230665066150829285e-10 9.241420720796249266e-03 5.913190041285923057e-04 2.869855193228273673e-05 5.411638022291003313e-06 1.812055920248064780e-06 5.780008761077770170e-07 1.770013591734245596e-07 4.901835580548984571e-08 5.790128241641487729e-08 3.185616806400347523e-08 1.028258787060217754e-08 2.248249368477913901e-09 3.825393034828990166e-10 5.965562297329138889e-11 9.752621941544962073e-12
6.504982505477561345e-06 1.737298786559127043e-03 1.047888491555407510e-04 4.825895496321153814e-06 1.164256337784810037e-06 4.691264193468109693e-07 1.748136930309963676e-07 5.456181266953111381e-08 7.119597413954904471e-08 4.552487905896931891e-08 1.736761797107414024e-08 4.293946230098218601e-09 7.211507072351432143e-10 9.495998027655225289e-11 1.402245305541181748e-11 6.686206684168576216e-05 1.785698693164557843e-02 1.077081918452710719e-03 4.960341507057236722e-05 1.196691689981867443e-05 4.821959472013122345e-06 1.796838779879595705e-06 5.608186590266473599e-07 7.317944326166919195e-07 4.679316975929362949e-07 1.785146743569251680e-07 4.413572513218529555e-08 7.412414522173296209e-09 9.760549768104060446e-10 1.441310860845296555e-10 2.961328380983156098e-03 7.908879383692429821e-01 4.770407802842877021e-02 2.196940773457999128e-03 5.300160811990615962e-04 2.135651216142243122e-04 7.958218951722785030e-05 2.483872081748309286e-05 3.241125685636429469e-05 2.072474695890888695e-05 7.906434792792596910e-06 1.954776177629698045e-06 3.282966640576265270e-07 4.322958354058019895e-08 6.383581841923253159e-09 4.366369103675463333e-04 1.166134995612527758e-01 7.033789760036736165e-03 3.239307865157168643e-04 7.814890966703268388e-05 3.148938681124759293e-05 1.173409932320658392e-05 3.662377460356890397e-06 4.778919874530576343e-06 3.055787240077327241e-06 1.165774549731392012e-06 2.882245130737387530e-07 4.840612814121734413e-08 6.374042107200550872e-09 9.412355179638531985e-10 3.460206054160501889e-05 9.241242038815074625e-03 5.574050505918988008e-04 2.567046536874649507e-05 6.193047906286379899e-06 2.495431886286528070e-06 9.298893555311740570e-07 2.902315484570583192e-07 3.787139174349496737e-07 2.421612387152847380e-07 9.238385621983401671e-08 2.284085887873533600e-08 3.836028830263512443e-09 5.051221865380947062e-10 7.458986540803197957e-11
3.149054080188638395e-06 3.868894804323381641e-06 1.752917679161787460e-03 8.914324417801890632e-05 3.920147554900948588e-06 1.168701709832072951e-06 5.106708907952842157e-07 1.775261810374480073e-07 2.550015968048245142e-07 1.897122443333059395e-07 8.746835349548311539e-08 2.641222571795080464e-08 5.196893694018376754e-09 6.903977505308963257e-10 8.425715878228873480e-11 3.236784483591757008e-05 3.976679457512693854e-05 1.801752716988800490e-02 9.162671145843214295e-04 4.029360073210766258e-05 1.201260906927646706e-05 5.248978180295781468e-06 1.824719339779937173e-06 2.621057596379971470e-06 1.949974923163685042e-06 8.990515951461176925e-07 2.714805151134945353e-07 5.341675450256759903e-08 7.096317400465838089e-09 8.660450320424544235e-10 1.433575449751160009e-03 1.761275757072922011e-03 7.979982833862878655e-01 4.058157246925581108e-02 1.784608060389801694e-03 5.320397924690771149e-04 2.324778277236892623e-04 8.081702261782693195e-05 1.160869326209989550e-04 8.636460634462311294e-05 3.981909519755507922e-05 1.202390222535406835e-05 2.365834001258268245e-06 3.142966873611870262e-07 3.835723084464742238e-08 2.113753946295875543e-04 2.596935921771237115e-04 1.176618936197526277e-01 5.983602674604333524e-03 2.631338539520297788e-04 7.844729840436082157e-05 3.427799533415127806e-05 1.191617089396772976e-05 1.711658859557150327e-05 1.273414158375302451e-05 5.871178222699965784e-06 1.772879884566212177e-06 3.488334679077172042e-07 4.634188338902896279e-08 5.655631733992713026e-09 1.675081521583216373e-05 2.057987583142171758e-05 9.324323871391102317e-03 4.741811264404681816e-04 2.085250543141147902e-05 6.216694247007484499e-06 2.716420077264532448e-06 9.443179376432064946e-07 1.356434192315896269e-06 1.009139464768305268e-06 4.652718528568924419e-07 1.404949871212568106e-07 2.764392218999635322e-08 3.672444121339596603e-09 4.481904919488085628e-10
1.303545037389518152e-06 2.428918419137901361e-06 3.709827340763509682e-06 1.768594949890094602e-03 7.324966095665712523e-05 3.073000610110125233e-06 1.046870535053828558e-06 3.991048853983416014e-07 6.283341853504995894e-07 5.409666065785707014e-07 3.007934997977970619e-07 1.123321181620208799e-07 2.740867305985391474e-08 4.272623044805425091e-09 4.991492403742814466e-10 1.339860873533388171e-05 2.496586356022449768e-05 3.813180487731885829e-05 1.817866745311684171e-02 7.529034433053054124e-04 3.158612218014566537e-05 1.076035602408152868e-05 4.102236631978179780e-06 6.458391281520748125e-06 5.560375508730272674e-06 3.091733924278772312e-06 1.154616109527228265e-06 2.817225916636534239e-07 4.391655279173336061e-08 5.130551826354486325e-09 5.934258719159971572e-04 1.105740875341178252e-03 1.688861881411580709e-03 8.051352044625551541e-01 3.334617728882234566e-02 1.398952866335123613e-03 4.765773657437883922e-04 1.816885169366603062e-04 2.860428685632202309e-04 2.462696500530652736e-04 1.369332395615833781e-04 5.113807597930262647e-05 1.247752493552249047e-05 1.945069010281078826e-06 2.272327113288716768e-07 8.749844863862873761e-05 1.630373998967946515e-04 2.490164342031706674e-04 1.187142062198310449e-01 4.916770432303721461e-03 2.062704228376034882e-04 7.026956884139472464e-05 2.678929942181789312e-05 4.217596237018776049e-05 3.631154849526256731e-05 2.019029940507260164e-05 7.540120049209274116e-06 1.839764874394572302e-06 2.867932271728773554e-07 3.350462233308242516e-08 6.933968579389667838e-06 1.292018573744942617e-05 1.973374565356750864e-05 9.407716235692042267e-03 3.896381275337826734e-04 1.634626274027363530e-05 5.568635673140161560e-06 2.122965187896366550e-06 3.342308377240116435e-06 2.877572577029415054e-06 1.600015815839696175e-06 5.975300856129847952e-07 1.457954058728859575e-07 2.272743410813528827e-08 2.655132772483767621e-09
4.936738586332883835e-07 1.297291645476549554e-06 2.579567783217612467e-06 3.484239250965319725e-06 1.784065704423832026e-03 5.723313608323241634e-05 2.173447711425272140e-06 6.620655508343337557e-07 1.128691502467076810e-06 1.110651426605875038e-06 7.338416457143556622e-07 3.347278883873463622e-07 1.014028467389858434e-07 1.948053930433941059e-08 2.562373004205180926e-09 5.074272606596130570e-06 1.333433266576412005e-05 2.651432704068325174e-05 3.581307674452621808e-05 1.833768504045931932e-02 5.882761048371866648e-04 2.233998416380933726e-05 6.805102254492976768e-06 1.160136043687270022e-05 1.141593384163665165e-05 7.542859512020125406e-06 3.440531689099142662e-06 1.042278578134552206e-06 2.002325325213468865e-07 2.633758890761538899e-08 2.247400984228928485e-04 5.905790776419632101e-04 1.174322495207281210e-03 1.586165154376783983e-03 8.121781111017969401e-01 2.605481414795973033e-02 9.894403846600397824e-04 3.013987361389564089e-04 5.138255447752186232e-04 5.056129802375153000e-04 3.340740871741617289e-04 1.523815313804966962e-04 4.616263421274160528e-05 8.868321147708144978e-06 1.166494743625878850e-06 3.313709578486235987e-05 8.707869935845822520e-05 1.731495059363129642e-04 2.338741818662495896e-04 1.197526567391026253e-01 3.841685921366408581e-03 1.458893229556002089e-04 4.444012821459053021e-05 7.576167498995408929e-05 7.455076274227341723e-05 4.925798779842039093e-05 2.246809286208432702e-05 6.806509574053662260e-06 1.307601132974277055e-06 1.719953329349069105e-07 2.626007484240377759e-06 6.900704808829066878e-06 1.372153738014039604e-05 1.853377121334586725e-05 9.490010074999052220e-03 3.044411630731261504e-04 1.156125619575804386e-05 3.521736185022813522e-06 6.003867292229360175e-06 5.907906419682997712e-06 3.903535948263863831e-06 1.780523567771264560e-06 5.393938321892365226e-07 1.036231534557189325e-07 1.363007290903894703e-08
1.876679750399259554e-07 6.497558687075190067e-07 1.614015269804845982e-06 2.670868699184121437e-06 3.152402866747654071e-06 1.798777773681718402e-03 4.150931439296322013e-05 1.129362287596906057e-06 1.579449290458794486e-06 1.744613453513788145e-06 1.338555556570813507e-06 7.269673980090259716e-07 2.671013622139080265e-07 6.274113239816305187e-08 9.895294911839498942e-09 1.928962711367376424e-06 6.678576043473972021e-06 1.658980585456170336e-05 2.745277198514227898e-05 3.240226564958753846e-05 1.848890441073003030e-02 4.266573432223398090e-04 1.160825516412973568e-05 1.623451622549077094e-05 1.793217141529874787e-05 1.375846760838861267e-05 7.472201918525749727e-06 2.745426158919474408e-06 6.448905565228818076e-07 1.017097077903721454e-07 8.543397314587725599e-05 2.957948761727962565e-04 7.347643474503674690e-04 1.215886326229687802e-03 1.435099951419030375e-03 8.188756338391268708e-01 1.889670121072989026e-02 5.141309130126938895e-04 7.190285302413671181e-04 7.942178675169444049e-04 6.093640614495159829e-04 3.309446544953559776e-04 1.215952300958938125e-04 2.856227451330582663e-05 4.504734276526273083e-06 1.259692316272436606e-05 4.361385980158049571e-05 1.083382837848065046e-04 1.792779389993956658e-04 2.116001767585752450e-04 1.207401816802485400e-01 2.786248659816799571e-03 7.580670040645021710e-05 1.060180957731124906e-04 1.171044852905397368e-04 8.984847570062500692e-05 4.879656453146634485e-05 1.792876667290615881e-05 4.211401672522080783e-06 6.642063977640323437e-07 9.982653494584923909e-07 3.456257090214904368e-06 8.585457998362772884e-06 1.420719584565001157e-05 1.676862847131108418e-05 9.568268227226981587e-03 2.208011794737922619e-04 6.007435410614492530e-06 8.401590615321419888e-06 9.280151067178137964e-06 7.120200610495686560e-06 3.866969649264978913e-06 1.420796673671038472e-06 3.337399385566391456e-07 5.263620514400897965e-08
8.148889409658021397e-08 3.453832535320022112e-07 1.017108356755330406e-06 1.966923996029910827e-06 2.667468597640280876e-06 2.677956381360781912e-06 1.813017729159676966e-03 2.576138704332559784e-05 1.847497128164533031e-06 2.233141019801231852e-06 1.925171165377293585e-06 1.198389572364505073e-06 5.126364152315534318e-07 1.417053601514723803e-07 2.649818633081194340e-08 8.375911663640357744e-07 3.550053849370078318e-06 1.045444271023745589e-05 2.021721097394598170e-05 2.741782372563484344e-05 2.752562338467324599e-05 1.863527111566554151e-02 2.647908093488285071e-04 1.898967082065822855e-05 2.295354737804918322e-05 1.978805062623188263e-05 1.231775852161684902e-05 5.269181005764741060e-06 1.456531705395773045e-06 2.723640692564970629e-07 3.709700596733851507e-05 1.572322800467748475e-04 4.630284310308958569e-04 8.954225238538988376e-04 1.214338463926980518e-03 1.219112922821985988e-03 8.253582314887448756e-01 1.172761441259113739e-02 8.410546338612869596e-04 1.016615167697450988e-03 8.764149642956888192e-04 5.455548956709669337e-04 2.333726131119264911e-04 6.450995131818380325e-05 1.206303493667159215e-05 5.469816239726658404e-06 2.318331780107269079e-05 6.827182856044524057e-05 1.320267373249818445e-04 1.790497124312552925e-04 1.797536887258058768e-04 1.216960167126151238e-01 1.729193343088696521e-03 1.240103931525414472e-04 1.498961441448883568e-04 1.292241430120983335e-04 8.044005035421805097e-05 3.440992812818752060e-05 9.511753580729556988e-06 1.778649858025999699e-06 4.334652160284790874e-07 1.837202827018745208e-06 5.410321228102454595e-06 1.046269119617963837e-05 1.418910962952744690e-05 1.424489747014630304e-05 9.644015056852299483e-03 1.370329702436962700e-04 9.827421891659243229e-06 1.187878379381297848e-05 1.024059467665653567e-05 6.374613382967196823e-06 2.726875323759434121e-06 7.537756553384023466e-07 1.409522388245334694e-07
4.705541572717886065e-08 2.246417515063826374e-07 7.337375310899295359e-07 1.560671222070950389e-06 2.304160264210409508e-06 2.486950274265925471e-06 1.945949015987420087e-06 1.836814153580122559e-03 1.945949015987422205e-06 2.486950274265922083e-06 2.304160264210410778e-06 1.560671222070951448e-06 7.337375310899294300e-07 2.246417515063821874e-07 4.705541572717883418e-08 4.836634608878115839e-07 2.309001106767838998e-06 7.541789360183174149e-06 1.604150410552756560e-05 2.368352527771823695e-05 2.556234937294569787e-05 2.000161769349931976e-05 1.887986487419650999e-02 2.000161769349934347e-05 2.556234937294566060e-05 2.368352527771825050e-05 1.604150410552757916e-05 7.541789360183173302e-06 2.309001106767834763e-06 4.836634608878112663e-07 2.142150850590578956e-05 1.022659159697122532e-04 3.340266900302141370e-04 7.104800019693632450e-04 1.048945970107416402e-03 1.132159298364916094e-03 8.858738734711990364e-04 8.361913162730386651e-01 8.858738734712001206e-04 1.132159298364914359e-03 1.048945970107417053e-03 7.104800019693637871e-04 3.340266900302141370e-04 1.022659159697120499e-04 2.142150850590577262e-05 3.158522151577629787e-06 1.507873083973805274e-05 4.925099926495466097e-05 1.047576469161579039e-04 1.546632013090466144e-04 1.669326986012355425e-04 1.306188241640990702e-04 1.232933149725241873e-01 1.306188241640992328e-04 1.669326986012352985e-04 1.546632013090467228e-04 1.047576469161579853e-04 4.925099926495465419e-05 1.507873083973802394e-05 3.158522151577627670e-06 2.503026476137619047e-07 1.194940567365197696e-06 3.902982129627975424e-06 8.301704126977531504e-06 1.225655762988342490e-05 1.322887553988789210e-05 1.035111863950049593e-05 9.770595769064305269e-03 1.035111863950050779e-05 1.322887553988787177e-05 1.225655762988343337e-05 8.301704126977538280e-06 3.902982129627975424e-06 1.194940567365195367e-06 2.503026476137617458e-07
2.649818633081101034e-08 1.417053601514723539e-07 5.126364152315566082e-07 1.198389572364504438e-06 1.925171165377292315e-06 2.233141019801232276e-06 1.847497128164534725e-06 2.576138704332559784e-05 1.813017729159676966e-03 2.677956381360781912e-06 2.667468597640279182e-06 1.966923996029915910e-06 1.017108356755327018e-06 3.453832535320016818e-07 8.148889409658096836e-08 2.723640692564874279e-07 1.456531705395772834e-06 5.269181005764774941e-06 1.231775852161684224e-05 1.978805062623186908e-05 2.295354737804918661e-05 1.898967082065824549e-05 2.647908093488285071e-04 1.863527111566554151e-02 2.752562338467324599e-05 2.741782372563482311e-05 2.021721097394603252e-05 1.045444271023742200e-05 3.550053849370073236e-06 8.375911663640436094e-07 1.206303493667116694e-05 6.450995131818378970e-05 2.333726131119279548e-04 5.455548956709667168e-04 8.764149642956882771e-04 1.016615167697451205e-03 8.410546338612876101e-04 1.172761441259113739e-02 8.253582314887448756e-01 1.219112922821985988e-03 1.214338463926979651e-03 8.954225238539010060e-04 4.630284310308942848e-04 1.572322800467746307e-04 3.709700596733886066e-05 1.778649858025937019e-06 9.511753580729555293e-06 3.440992812818773744e-05 8.044005035421801031e-05 1.292241430120982522e-04 1.498961441448883839e-04 1.240103931525415556e-04 1.729193343088696521e-03 1.216960167126151238e-01 1.797536887258058768e-04 1.790497124312551570e-04 1.320267373249821698e-04 6.827182856044501018e-05 2.318331780107265691e-05 5.469816239726708379e-06 1.409522388245285195e-07 7.537756553384021349e-07 2.726875323759451486e-06 6.374613382967193435e-06 1.024059467665652889e-05 1.187878379381298017e-05 9.827421891659251699e-06 1.370329702436962700e-04 9.644015056852299483e-03 1.424489747014630304e-05 1.418910962952743673e-05 1.046269119617966378e-05 5.410321228102435960e-06 1.837202827018742455e-06 4.334652160284831108e-07
9.895294911839748750e-09 6.274113239816260188e-08 2.671013622139083971e-07 7.269673980090245952e-07 1.338555556570813084e-06 1.744613453513788780e-06 1.579449290458793428e-06 1.129362287596905634e-06 4.150931439296317270e-05 1.798777773681718402e-03 3.152402866747653647e-06 2.670868699184123978e-06 1.614015269804845347e-06 6.497558687075200655e-07 1.876679750399249496e-07 1.017097077903747130e-07 6.448905565228771489e-07 2.745426158919478220e-06 7.472201918525736175e-06 1.375846760838860928e-05 1.793217141529875126e-05 1.623451622549076077e-05 1.160825516412972890e-05 4.266573432223392669e-04 1.848890441073003030e-02 3.240226564958753169e-05 2.745277198514230947e-05 1.658980585456169658e-05 6.678576043473983032e-06 1.928962711367365836e-06 4.504734276526386585e-06 2.856227451330561995e-05 1.215952300958939616e-04 3.309446544953553813e-04 6.093640614495157660e-04 7.942178675169447302e-04 7.190285302413665760e-04 5.141309130126936727e-04 1.889670121072986944e-02 8.188756338391268708e-01 1.435099951419030158e-03 1.215886326229689103e-03 7.347643474503671437e-04 2.957948761727967986e-04 8.543397314587679520e-05 6.642063977640490726e-07 4.211401672522050289e-06 1.792876667290618252e-05 4.879656453146625675e-05 8.984847570062497982e-05 1.171044852905397775e-04 1.060180957731124228e-04 7.580670040645017644e-05 2.786248659816796102e-03 1.207401816802485400e-01 2.116001767585752179e-04 1.792779389993958555e-04 1.083382837848064504e-04 4.361385980158057025e-05 1.259692316272429999e-05 5.263620514401030976e-08 3.337399385566367633e-07 1.420796673671040378e-06 3.866969649264971289e-06 7.120200610495684019e-06 9.280151067178141352e-06 8.401590615321414805e-06 6.007435410614489142e-06 2.208011794737919909e-04 9.568268227226981587e-03 1.676862847131108079e-05 1.420719584565002681e-05 8.585457998362769496e-06 3.456257090214910297e-06 9.982653494584870969e-07
2.562373004205637943e-09 1.948053930433999293e-08 1.014028467389844273e-07 3.347278883873477916e-07 7.338416457143570386e-07 1.110651426605879061e-06 1.128691502467077657e-06 6.620655508343368262e-07 2.173447711425273410e-06 5.723313608323257219e-05 1.784065704423832026e-03 3.484239250965322266e-06 2.579567783217606961e-06 1.297291645476547436e-06 4.936738586332857365e-07 2.633758890762008406e-08 2.002325325213528687e-07 1.042278578134537595e-06 3.440531689099157062e-06 7.542859512020139806e-06 1.141593384163669400e-05 1.160136043687270700e-05 6.805102254493008956e-06 2.233998416380935081e-05 5.882761048371882911e-04 1.833768504045931932e-02 3.581307674452624518e-05 2.651432704068319414e-05 1.333433266576409802e-05 5.074272606596104312e-06 1.166494743626086797e-06 8.868321147708409252e-06 4.616263421274095476e-05 1.523815313804973467e-04 3.340740871741623794e-04 5.056129802375171432e-04 5.138255447752190569e-04 3.013987361389578183e-04 9.894403846600402161e-04 2.605481414795980319e-02 8.121781111017969401e-01 1.586165154376785284e-03 1.174322495207278608e-03 5.905790776419623427e-04 2.247400984228916558e-04 1.719953329349375890e-07 1.307601132974316230e-06 6.806509574053566545e-06 2.246809286208442189e-05 4.925798779842048580e-05 7.455076274227368828e-05 7.576167498995414350e-05 4.444012821459074027e-05 1.458893229556002902e-04 3.841685921366418989e-03 1.197526567391026253e-01 2.338741818662497794e-04 1.731495059363125848e-04 8.707869935845808968e-05 3.313709578486218369e-05 1.363007290904137728e-08 1.036231534557220295e-07 5.393938321892290052e-07 1.780523567771271972e-06 3.903535948263871454e-06 5.907906419683018888e-06 6.003867292229364410e-06 3.521736185022830039e-06 1.156125619575805063e-05 3.044411630731269636e-04 9.490010074999052220e-03 1.853377121334588419e-05 1.372153738014036554e-05 6.900704808829056714e-06 2.626007484240363783e-06
4.991492403744833820e-10 4.272623044805621960e-09 2.740867305985270706e-08 1.123321181620214887e-07 3.007934997977960561e-07 5.409666065785695367e-07 6.283341853504977895e-07 3.991048853983426072e-07 1.046870535053826229e-06 3.073000610110120574e-06 7.324966095665678642e-05 1.768594949890095035e-03 3.709827340763507141e-06 2.428918419137907290e-06 1.303545037389521540e-06 5.130551826356561721e-09 4.391655279173538555e-08 2.817225916636410360e-07 1.154616109527234618e-06 3.091733924278762148e-06 5.560375508730260815e-06 6.458391281520729490e-06 4.102236631978189944e-06 1.076035602408150327e-05 3.158612218014561794e-05 7.529034433053019429e-04 1.817866745311684865e-02 3.813180487731883796e-05 2.496586356022455528e-05 1.339860873533391728e-05 2.272327113289636328e-07 1.945069010281168611e-06 1.247752493552194159e-05 5.113807597930290430e-05 1.369332395615829173e-04 2.462696500530647315e-04 2.860428685632194178e-04 1.816885169366607670e-04 4.765773657437873080e-04 1.398952866335121444e-03 3.334617728882219301e-02 8.051352044625552651e-01 1.688861881411579408e-03 1.105740875341180637e-03 5.934258719159986751e-04 3.350462233309598430e-08 2.867932271728905903e-07 1.839764874394491199e-06 7.540120049209314773e-06 2.019029940507253388e-05 3.631154849526248599e-05 4.217596237018763852e-05 2.678929942181796088e-05 7.026956884139456201e-05 2.062704228376031901e-04 4.916770432303698909e-03 1.187142062198310727e-01 2.490164342031705048e-04 1.630373998967950039e-04 8.749844863862896800e-05 2.655132772484842129e-09 2.272743410813633713e-08 1.457954058728795253e-07 5.975300856129879716e-07 1.600015815839690881e-06 2.877572577029408702e-06 3.342308377240106694e-06 2.122965187896372056e-06 5.568635673140148855e-06 1.634626274027361158e-05 3.896381275337808844e-04 9.407716235692044002e-03 1.973374565356749509e-05 1.292018573744945666e-05 6.933968579389685625e-06
8.425715878277241574e-11 6.903977505305093086e-10 5.196893694017585969e-09 2.641222571795090390e-08 8.746835349548506092e-08 1.897122443333064689e-07 2.550015968048246730e-07 1.775261810374496219e-07 5.106708907952855922e-07 1.168701709832077398e-06 3.920147554900949435e-06 8.914324417801935355e-05 1.752917679161787026e-03 3.868894804323376559e-06 3.149054080188626113e-06 8.660450320474259858e-10 7.096317400461860177e-09 5.341675450255947281e-08 2.714805151134955412e-07 8.990515951461377036e-07 1.949974923163690548e-06 2.621057596379973164e-06 1.824719339779953690e-06 5.248978180295795867e-06 1.201260906927651110e-05 4.029360073210768291e-05 9.162671145843260916e-04 1.801752716988800143e-02 3.976679457512688433e-05 3.236784483591744133e-05 3.835723084486761785e-08 3.142966873610108433e-07 2.365834001257908256e-06 1.202390222535411409e-05 3.981909519755596691e-05 8.636460634462335688e-05 1.160869326209990228e-04 8.081702261782766378e-05 2.324778277236899129e-04 5.320397924690790665e-04 1.784608060389802344e-03 4.058157246925601230e-02 7.979982833862876435e-01 1.761275757072919626e-03 1.433575449751154371e-03 5.655631734025179865e-09 4.634188338900298270e-08 3.488334679076641588e-07 1.772879884566218953e-06 5.871178222700096227e-06 1.273414158375306009e-05 1.711658859557151343e-05 1.191617089396783818e-05 3.427799533415137293e-05 7.844729840436111973e-05 2.631338539520298872e-04 5.983602674604363882e-03 1.176618936197526000e-01 2.596935921771233863e-04 2.113753946295867140e-04 4.481904919513814564e-10 3.672444121337538164e-09 2.764392218999214783e-08 1.404949871212573400e-07 4.652718528569028180e-07 1.009139464768308021e-06 1.356434192315897116e-06 9.443179376432150709e-07 2.716420077264539648e-06 6.216694247007508216e-06 2.085250543141148579e-05 4.741811264404706210e-04 9.324323871391100582e-03 2.057987583142169047e-05 1.675081521583209935e-05
1.402245305574917146e-11 9.495998027598332065e-11 7.211507072360797896e-10 4.293946230097395556e-09 1.736761797107491779e-08 4.552487905896830644e-08 7.119597413954760211e-08 5.456181266953012119e-08 1.748136930309948324e-07 4.691264193468065223e-07 1.164256337784799238e-06 4.825895496321126709e-06 1.047888491555395854e-04 1.737298786559128344e-03 6.504982505477597767e-06 1.441310860879971708e-10 9.760549768045582912e-10 7.412414522182922937e-09 4.413572513217683846e-08 1.785146743569331883e-07 4.679316975929258658e-07 7.317944326166772023e-07 5.608186590266371955e-07 1.796838779879579824e-06 4.821959472013077452e-06 1.196691689981856262e-05 4.960341507057209617e-05 1.077081918452698793e-03 1.785698693164559231e-02 6.686206684168614163e-05 6.383581842076829993e-09 4.322958354032119877e-08 3.282966640580529022e-07 1.954776177629323656e-06 7.906434792792950970e-06 2.072474695890842616e-05 3.241125685636364416e-05 2.483872081748264224e-05 7.958218951722714556e-05 2.135651216142222793e-04 5.300160811990566089e-04 2.196940773457986985e-03 4.770407802842824285e-02 7.908879383692435372e-01 2.961328380983172578e-03 9.412355179864976814e-10 6.374042107162362425e-09 4.840612814128020986e-08 2.882245130736835371e-07 1.165774549731444317e-06 3.055787240077259479e-06 4.778919874530480628e-06 3.662377460356823482e-06 1.173409932320648059e-05 3.148938681124730156e-05 7.814890966703195204e-05 3.239307865157151295e-04 7.033789760036658102e-03 1.166134995612528591e-01 4.366369103675487727e-04 7.458986540982648329e-11 5.051221865350683625e-10 3.836028830268494552e-09 2.284085887873095856e-08 9.238385621983815923e-08 2.421612387152793911e-07 3.787139174349420504e-07 2.902315484570530253e-07 9.298893555311659043e-07 2.495431886286504776e-06 6.193047906286322301e-06 2.567046536874635615e-05 5.574050505918926209e-04 9.241242038815081564e-03 3.460206054160520862e-05
1.833435179931793744e-12 1.121490390288302295e-11 7.191512406764822486e-11 4.226575695481098327e-10 1.933065637200335915e-09 5.988770977922861813e-09 1.088509826490233065e-08 9.215160657227989446e-09 3.327520751211960233e-08 1.086607424061055789e-07 3.406557839521628487e-07 1.017355906266134282e-06 5.395157841180361572e-06 1.111644716183285186e-04 1.737332377713623685e-03 1.884513377972537048e-11 1.152734313653003580e-10 7.391862819446912611e-10 4.344325083499281323e-09 1.986919468807487291e-08 6.155613871186412743e-08 1.118834934841667574e-07 9.471888468594993096e-08 3.420223108936660317e-07 1.116879532836015301e-06 3.501462114223505162e-06 1.045698717087575228e-05 5.545463095322551326e-05 1.142614346081118754e-03 1.785733220144689742e-02 8.346530722339555485e-10 5.105473103062263476e-09 3.273864268568341253e-08 1.924106413946907079e-07 8.800088438246130854e-07 2.726328233657445246e-06 4.955332377066755345e-06 4.195109943276506323e-06 1.514820621051147529e-05 4.946671879823557005e-05 1.550801466897328560e-04 4.631411254757194715e-04 2.456091776037495639e-03 5.060651654069053818e-02 7.909032304071658137e-01 1.230665065817595181e-10 7.527831144972895443e-10 4.827191703460456201e-09 2.837023699226605123e-08 1.297540472482579686e-07 4.019870083427832364e-07 7.306454200963551366e-07 6.185534356970879553e-07 2.233546944622292572e-06 7.293684618289774250e-06 2.286599370228234693e-05 6.828844493927014128e-05 3.621416427691513955e-04 7.461743577203413386e-03 1.166157543156510767e-01 9.752621938904191199e-12 5.965562297655272940e-11 3.825393034878138136e-10 2.248249368473536461e-09 1.028258787060208158e-08 3.185616806400322377e-08 5.790128241641117152e-08 4.901835580549502056e-08 1.770013591734177303e-07 5.780008761077800875e-07 1.812055920248057580e-06 5.411638022291011783e-06 2.869855193228265202e-05 5.913190041285968594e-04 9.241420720796244062e-03
