1.059815280979100206e-03 3.376961547927627010e-05 1.707665524301426263e-06 5.311548671364229821e-07 1.827106789138640029e-07 5.752358810659112949e-08 1.740491639225572252e-08 4.758039341348828622e-09 5.647615482848406066e-09 3.053324375210207798e-09 9.608275206518646401e-10 2.049349536808832714e-10 3.478355242596228221e-11 5.580095533782316578e-12 9.343282494376871409e-13 2.058296584670796583e-02 6.558490470379538424e-04 3.316504469705797002e-05 1.031570565719866973e-05 3.548474655355578564e-06 1.117181522693491461e-06 3.380256975872683487e-07 9.240719870523087548e-08 1.096839031150941058e-07 5.929945761473879756e-08 1.866049716124486049e-08 3.980098445564385268e-09 6.755409970587849357e-10 1.083725794999874654e-10 1.814584748204777070e-11 9.343754589443502567e-01 2.977264107068979329e-02 1.505546095276631170e-03 4.682873342726484177e-04 1.610850282385597858e-04 5.071509158423032347e-05 1.534486908593903578e-05 4.194877421602074832e-06 4.979163259330058599e-06 2.691932656186404308e-06 8.471038979038391688e-07 1.806788360537808086e-07 3.066656835868391723e-08 4.919634976874796827e-09 8.237410825653366232e-10 1.001295348234221977e-02 3.190495504067422249e-04 1.613373175977721278e-05 5.018260325179767343e-06 1.726219239829741088e-06 5.434730204272924723e-07 1.644386727833459782e-07 4.495314178529904287e-08 5.335770499900157547e-08 2.884728639432057342e-08 9.077734055649129791e-09 1.936190386136834506e-09 3.286290532346461398e-10 5.271978807020971424e-11 8.827373474191574905e-12 8.688404178586129007e-04 2.768445346139303289e-05 1.399950401098299985e-06 4.354426898658262264e-07 1.497868783964844468e-07 4.715804652399889954e-08 1.426861369376678665e-08 3.900657938906203334e-09 4.629935691708097639e-09 2.503126416109714567e-09 7.876898923008487021e-10 1.680064195955346055e-10 2.851568265411339090e-11 4.574582592150807203e-12 7.659656934825371819e-13
3.798053397678595721e-06 1.057790770991642567e-03 3.175196893714888691e-05 1.666777720537130844e-06 6.294551313304935612e-07 2.579688470530486407e-07 9.564977543588552762e-08 2.958336441489586645e-08 3.899728426117797006e-08 2.476508269707606738e-08 9.334180289208820738e-09 2.267779445583646345e-09 3.734214039690169655e-10 4.881685133192586361e-11 7.342687007948146641e-12 7.376304604342963996e-05 2.054364727801393647e-02 6.166637752149527110e-04 3.237095134557327249e-05 1.222482229001387822e-05 5.010084364420709547e-06 1.857640757192424865e-06 5.745467066864507291e-07 7.573770490652297016e-07 4.809695241173515629e-07 1.812816983751233485e-07 4.404317215844617629e-08 7.252320420614492050e-09 9.480855784421032730e-10 1.426043562686122584e-10 3.348515491560524748e-03 9.325905701221015587e-01 2.799380333582896646e-02 1.469497775259773860e-03 5.549527712777002847e-04 2.274356335340390386e-04 8.432866030980735734e-05 2.608187501953125167e-05 3.438156255442784050e-05 2.183388551399039723e-05 8.229385958222274603e-06 1.999364887713456352e-06 3.292232165126467318e-07 4.303888487562376539e-08 6.473605982165080137e-09 3.588335880501194205e-05 9.993826258294060544e-03 2.999871710159995788e-04 1.574743078409322536e-05 5.946984406010028401e-06 2.437245538721920626e-06 9.036827164364014413e-07 2.794985664519512845e-07 3.684396708114191853e-07 2.339762649988351298e-07 8.818773866451420620e-08 2.142559227478120550e-08 3.528021547111872898e-09 4.612132607574930734e-10 6.937245080865487615e-11 3.113657974472506906e-06 8.671807172154626401e-04 2.603037949566059051e-05 1.366430431019106432e-06 5.160296035958166715e-07 2.114837980643301917e-07 7.841403341629692446e-08 2.425254962936189175e-08 3.197011532191820150e-08 2.030250477135269145e-08 7.652194913958549309e-09 1.859133828766641933e-09 3.061322236852977383e-10 4.002023208288564869e-11 6.019561486504442796e-12
1.837855816592258814e-06 2.220706478952284170e-06 1.062253419940101338e-03 2.695469855566115451e-05 1.486584582501910285e-06 6.452860430834977244e-07 2.846337769176678860e-07 9.812453031291125805e-08 1.425893222400065579e-07 1.058228221871190908e-07 4.853429409097156761e-08 1.452941753288724334e-08 2.822278078187756079e-09 3.693179447912951650e-10 4.489667988622512366e-11 3.569350639023106318e-05 4.312895504734598755e-05 2.063031761815765919e-02 5.234946596230697063e-04 2.887137054828222178e-05 1.253227880793962736e-05 5.527951346109516870e-06 1.905703656479682116e-06 2.769266684907488822e-06 2.055214313259818006e-06 9.425979560755627308e-07 2.821798385240263007e-07 5.481224354453967038e-08 7.172626004404169979e-09 8.719508439952148316e-10 1.620327054083871244e-03 1.957863481204751618e-03 9.365250195815124634e-01 2.376433826315925771e-02 1.310632311558649699e-03 5.689099350402904588e-04 2.509445001517717389e-04 8.651050300022360931e-05 1.257124385727717596e-04 9.329762442803057475e-05 4.278977113247146250e-05 1.280971450321381921e-05 2.488233017492476787e-06 3.256054430937722666e-07 3.958270523804275417e-08 1.736374737094705396e-05 2.098085493836515417e-05 1.003598860217691166e-02 2.546633810743427332e-04 1.404499683983354084e-05 6.096552152211473917e-06 2.689171234771226954e-06 9.270637771821625688e-07 1.347159525147520553e-06 9.997959219373542601e-07 4.585437082792908826e-07 1.372714514438072077e-07 2.666440050290752664e-08 3.489252766739825458e-09 4.241761515243211334e-10 1.506680875724596969e-06 1.820543239697145827e-06 8.708392130370676840e-04 2.209755980751462967e-05 1.218707441781642289e-06 5.290078425676646503e-07 2.333438044461435347e-07 8.044284645574117867e-08 1.168952444266811745e-07 8.675393410358591827e-08 3.978859063016673265e-08 1.191126928161828794e-08 2.313713822375249877e-09 3.027681929427481567e-10 3.680646128896632445e-11
7.598905620749334951e-07 1.400498211761505433e-06 2.127855195381950222e-06 1.066696280270237364e-03 2.211446311897795293e-05 1.277781290562855265e-06 5.854534817072155142e-07 2.227200136174486566e-07 3.548494989825288472e-07 3.054854559681552126e-07 1.696195748094241246e-07 6.315671074013453840e-08 1.532665423907643018e-08 2.368412621626918454e-09 2.736211948783557296e-10 1.475804488492982678e-05 2.719946332009069281e-05 4.132566457508031195e-05 2.071660363806897623e-02 4.294911078048349357e-04 2.481614403494935680e-05 1.137025407643043850e-05 4.325507016119992766e-06 6.891630314606549141e-06 5.932917575079335960e-06 3.294228699939222925e-06 1.226583956171734732e-06 2.976631932083201519e-07 4.599759691785410281e-08 5.314072942893983086e-09 6.699498539314307534e-04 1.234735130594143832e-03 1.876002083037844274e-03 9.404420226050593801e-01 1.949699348268825114e-02 1.126542994074565193e-03 5.161591604485790945e-04 1.963588548635008895e-04 3.128494836965005767e-04 2.693281727900449611e-04 1.495433882705326427e-04 5.568147736906665723e-05 1.351259020863355869e-05 2.088087112933300511e-06 2.412353682097993018e-07 7.179316043356086603e-06 1.323166753504090784e-05 2.010361189436354765e-05 1.007796398657889551e-02 2.089336646408154340e-04 1.207225905555270577e-05 5.531264347305862153e-06 2.104220590099339231e-06 3.352557365715669700e-06 2.886174331545198001e-06 1.602536727619539420e-06 5.966937994652118771e-07 1.448036074683111307e-07 2.237635730769406123e-08 2.585126243479688219e-09 6.229610436170162132e-07 1.148133522280381580e-06 1.744423420079685065e-06 8.744814860774757738e-04 1.812951721101914939e-05 1.047529744427644312e-06 4.799568913682308079e-07 1.825866763480608017e-07 2.909069085020861474e-07 2.504380866898775809e-07 1.390547436891755107e-07 5.177610092519146191e-08 1.256484682986586505e-08 1.941633272106523721e-09 2.243156496794951619e-10
2.872976241521687232e-07 7.492186674702423216e-07 1.482689344157410380e-06 1.992175645513041312e-06 1.071038036757791323e-03 1.725582840515098155e-05 9.727120642819062786e-07 3.698348607180729993e-07 6.402202349413220609e-07 6.307040132236954738e-07 4.170025970404472385e-07 1.902451900328162483e-07 5.758304790812616335e-08 1.103200858821437551e-08 1.441611907144268513e-09 5.579686660397421524e-06 1.455078306665797082e-05 2.879572004649330388e-05 3.869059449148191157e-05 2.080092609227579548e-02 3.351302185336955865e-04 1.889131017180540765e-05 7.182665171660428029e-06 1.243389434618696315e-05 1.224907717085556611e-05 8.098722831154678785e-06 3.694804480766062867e-06 1.118336307952972673e-06 2.142556915975278787e-07 2.799794377520696075e-08 2.532930542129991367e-04 6.605410856318719853e-04 1.307198113938402633e-03 1.756381575621679880e-03 9.442698884449772789e-01 1.521342716499844705e-02 8.575817859924175822e-04 3.260611768098142338e-04 5.644437163579210919e-04 5.560538354094136677e-04 3.676461360612685988e-04 1.677277540144972716e-04 5.076751371886562757e-05 9.726259162981532714e-06 1.270982605679309296e-06 2.714338807764212030e-06 7.078489808668743049e-06 1.400819529427544840e-05 1.882173471659023868e-05 1.011898415917102285e-02 1.630301149842201867e-04 9.190017190891846063e-06 3.494136499992214903e-06 6.048691263442994383e-06 5.958783628502854586e-06 3.939769204237616933e-06 1.797404012025667517e-06 5.440347864609823080e-07 1.042285300024549816e-07 1.362010269609508565e-08 2.355276360872546038e-07 6.142121856470528398e-07 1.215514111234673966e-06 1.633192832147356341e-06 8.780408738204056440e-04 1.414639082027310284e-05 7.974328843475806520e-07 3.031919624975751852e-07 5.248548746476576340e-07 5.170534415092908178e-07 3.418602441040797064e-07 1.559636979861237963e-07 4.720679188532617191e-08 9.044080722018767745e-09 1.181838679129102311e-09
1.089930907622427498e-07 3.752782839063234814e-07 9.282688658646433963e-07 1.529197505789706879e-06 1.797707599526355903e-06 1.075110302995271015e-03 1.246387870421109082e-05 5.195658415964083265e-07 8.972712616657290475e-07 9.928197692146970985e-07 7.630926793226512240e-07 4.152395099684206800e-07 1.528214331505202940e-07 3.592636635473481529e-08 5.658166272404266464e-09 2.116784976542175550e-06 7.288383399717519057e-06 1.802816651690746844e-05 2.969896792341234873e-05 3.491377675667618063e-05 2.088001470176188354e-02 2.420644373510847150e-04 1.009063198524106291e-05 1.742615346802351903e-05 1.928182747356100920e-05 1.482023409009587968e-05 8.064481429242858649e-06 2.967987342356648129e-06 6.977359026118886704e-07 1.098888129187001189e-07 9.609265975920771631e-05 3.308603159909846128e-04 8.183988881201385412e-04 1.348201565813231815e-03 1.584930783224204262e-03 9.478601609225295599e-01 1.098865301669830694e-02 4.580699867291545689e-04 7.910701628513555021e-04 8.753095413494989784e-04 6.727729683237479831e-04 3.660917281171203368e-04 1.347334760116245661e-04 3.167411873878255479e-05 4.988465256584122322e-06 1.029748077127944200e-06 3.545565031121056127e-06 8.770125454713592551e-06 1.444759644967605903e-05 1.698443388387553619e-05 1.015745823397953655e-02 1.177565939222219792e-04 4.908769194300204752e-06 8.477265392702553644e-06 9.379991347466276426e-06 7.209569099357300736e-06 3.923111859175360916e-06 1.443830758721818001e-06 3.394261637435649814e-07 5.345738705390383454e-08 8.935293179966536331e-08 3.076545006043022067e-07 7.609981888144546735e-07 1.253641671113891436e-06 1.473767221507805965e-06 8.813793324772148732e-04 1.021793304537131420e-05 4.259419646229722899e-07 7.355862402719502546e-07 8.139172539066266513e-07 6.255861509706005909e-07 3.404148589167992484e-07 1.252835661263394765e-07 2.945256566498305375e-08 4.638585267319031562e-09
4.722363528242311782e-08 1.993367671196025695e-07 5.848299054301229626e-07 1.126499325445974410e-06 1.522272132749282529e-06 1.524043230844020314e-06 1.078969269768946700e-03 7.625810609275175332e-06 1.049745211145742691e-06 1.271409953456077071e-06 1.098637639977081735e-06 6.858468551079247994e-07 2.942657715302048915e-07 8.155484240031096112e-08 1.527642416641946169e-08 9.171432886658635929e-07 3.871374515213156572e-06 1.135814342899539090e-05 2.187805512727958204e-05 2.956446833718721486e-05 2.959886532338794294e-05 2.095496076333665941e-02 1.481029780766762900e-04 2.038739223385868380e-05 2.469240453390581739e-05 2.133694562383088746e-05 1.332002156235834536e-05 5.715016978869942529e-06 1.583899162322376841e-06 2.966876610674541874e-07 4.163424200608866610e-05 1.757432513048797526e-04 5.156093907098781770e-04 9.931667745360999409e-04 1.342095880483776130e-03 1.343657351265342172e-03 9.512623800779970162e-01 6.723219051230779932e-03 9.254972833877076746e-04 1.120925768941016375e-03 9.686028004038256230e-04 6.046699660859524003e-04 2.594364511060212857e-04 7.190200468380248972e-05 1.346830537142277148e-05 4.461608280578492322e-07 1.883299677133477175e-06 5.525372905309052611e-06 1.064297292747080902e-05 1.438216670984670638e-05 1.439889974168117047e-05 1.019391709194110776e-02 7.204735416277687431e-05 9.917813185146095409e-06 1.201206375245087517e-05 1.037974048918973256e-05 6.479763765872499782e-06 2.780172672218329992e-06 7.705162002001443298e-07 1.443290423342207400e-07 3.871410777704417271e-08 1.634170059133124598e-07 4.794456812706982020e-07 9.235082397884649139e-07 1.247964225134144700e-06 1.249416177786949488e-06 8.845429274586397161e-04 6.251667243514623841e-06 8.605849380227336892e-07 1.042306499119219384e-06 9.006671288142257618e-07 5.622597436304903252e-07 2.412401486243829941e-07 6.685895610414098285e-08 1.252366803380620515e-08
2.721738828469249452e-08 1.295298589752404996e-07 4.216674633942211495e-07 8.936869241185323244e-07 1.315105878414566993e-06 1.415763342371033326e-06 1.105456284352572032e-06 1.085479167793055146e-03 1.105456284352571608e-06 1.415763342371030996e-06 1.315105878414567840e-06 8.936869241185332773e-07 4.216674633942208318e-07 1.295298589752402084e-07 2.721738828469245812e-08 5.285964295427654497e-07 2.515635234994173385e-06 8.189320491485147855e-06 1.735654105665229883e-05 2.554103518417348808e-05 2.749593164586457410e-05 2.146937240312010817e-05 2.108139129429861119e-02 2.146937240312010478e-05 2.749593164586452667e-05 2.554103518417350502e-05 1.735654105665231578e-05 8.189320491485142773e-06 2.515635234994167879e-06 5.285964295427648144e-07 2.399593601470032480e-05 1.141986944320857078e-04 3.717588684576110828e-04 7.879100677849969724e-04 1.159449840701302524e-03 1.248193479114978683e-03 9.746143894817269841e-04 9.570017660475388377e-01 9.746143894817267672e-04 1.248193479114976514e-03 1.159449840701303391e-03 7.879100677849978397e-04 3.717588684576108118e-04 1.141986944320854639e-04 2.399593601470029430e-05 2.571452286984399134e-07 1.223775950178064791e-06 3.983842063574509933e-06 8.443401184694591133e-06 1.242489537681948277e-05 1.337588987778149688e-05 1.044416187484982844e-05 1.025542149488760206e-02 1.044416187484982675e-05 1.337588987778147486e-05 1.242489537681949124e-05 8.443401184694599603e-06 3.983842063574506545e-06 1.223775950178062038e-06 2.571452286984395428e-07 2.231291380177663341e-08 1.061890489946940975e-07 3.456845184892566462e-07 7.326477873281733915e-07 1.078128577155855657e-06 1.160647931815216556e-06 9.062570782466939569e-07 8.898797655105105536e-04 9.062570782466937452e-07 1.160647931815214438e-06 1.078128577155856292e-06 7.326477873281742386e-07 3.456845184892563815e-07 1.061890489946938725e-07 2.231291380177660364e-08
1.527642416641891244e-08 8.155484240031092141e-08 2.942657715302066385e-07 6.858468551079229994e-07 1.098637639977081735e-06 1.271409953456077918e-06 1.049745211145742691e-06 7.625810609275174485e-06 1.078969269768946700e-03 1.524043230844019043e-06 1.522272132749282318e-06 1.126499325445978009e-06 5.848299054301209509e-07 1.993367671196022519e-07 4.722363528242356781e-08 2.966876610674434936e-07 1.583899162322375994e-06 5.715016978869976411e-06 1.332002156235831148e-05 2.133694562383088746e-05 2.469240453390583094e-05 2.038739223385868380e-05 1.481029780766762629e-04 2.095496076333665941e-02 2.959886532338791245e-05 2.956446833718721147e-05 2.187805512727965319e-05 1.135814342899535194e-05 3.871374515213149796e-06 9.171432886658723809e-07 1.346830537142228698e-05 7.190200468380246262e-05 2.594364511060228036e-04 6.046699660859507740e-04 9.686028004038256230e-04 1.120925768941017026e-03 9.254972833877076746e-04 6.723219051230779064e-03 9.512623800779970162e-01 1.343657351265340871e-03 1.342095880483775913e-03 9.931667745361031936e-04 5.156093907098763338e-04 1.757432513048794544e-04 4.163424200608906590e-05 1.443290423342155519e-07 7.705162002001439062e-07 2.780172672218346510e-06 6.479763765872482841e-06 1.037974048918973256e-05 1.201206375245088025e-05 9.917813185146095409e-06 7.204735416277686076e-05 1.019391709194110776e-02 1.439889974168115692e-05 1.438216670984670468e-05 1.064297292747084290e-05 5.525372905309033976e-06 1.883299677133473998e-06 4.461608280578534674e-07 1.252366803380575517e-08 6.685895610414094315e-08 2.412401486243844235e-07 5.622597436304888429e-07 9.006671288142257618e-07 1.042306499119220019e-06 8.605849380227336892e-07 6.251667243514622994e-06 8.845429274586397161e-04 1.249416177786948218e-06 1.247964225134144488e-06 9.235082397884677726e-07 4.794456812706965080e-07 1.634170059133121951e-07 3.871410777704454328e-08
5.658166272404409566e-09 3.592636635473459691e-08 1.528214331505203204e-07 4.152395099684201506e-07 7.630926793226510123e-07 9.928197692146983690e-07 8.972712616657283063e-07 5.195658415964095971e-07 1.246387870421109082e-05 1.075110302995271015e-03 1.797707599526356750e-06 1.529197505789708997e-06 9.282688658646432905e-07 3.752782839063228462e-07 1.089930907622431601e-07 1.098888129187028982e-07 6.977359026118843294e-07 2.967987342356648552e-06 8.064481429242846791e-06 1.482023409009587460e-05 1.928182747356103292e-05 1.742615346802350548e-05 1.009063198524108832e-05 2.420644373510847150e-04 2.088001470176188354e-02 3.491377675667619419e-05 2.969896792341239277e-05 1.802816651690746506e-05 7.288383399717506351e-06 2.116784976542183597e-06 4.988465256584248530e-06 3.167411873878235828e-05 1.347334760116245932e-04 3.660917281171198489e-04 6.727729683237477663e-04 8.753095413495000626e-04 7.910701628513548515e-04 4.580699867291556531e-04 1.098865301669830694e-02 9.478601609225295599e-01 1.584930783224204696e-03 1.348201565813233766e-03 8.183988881201384328e-04 3.308603159909840165e-04 9.609265975920808223e-05 5.345738705390518449e-08 3.394261637435628638e-07 1.443830758721818213e-06 3.923111859175355834e-06 7.209569099357298195e-06 9.379991347466288285e-06 8.477265392702546868e-06 4.908769194300216610e-06 1.177565939222219792e-04 1.015745823397953655e-02 1.698443388387554297e-05 1.444759644967607935e-05 8.770125454713590857e-06 3.545565031121049775e-06 1.029748077127948011e-06 4.638585267319148194e-09 2.945256566498287177e-08 1.252835661263394765e-07 3.404148589167987719e-07 6.255861509706003792e-07 8.139172539066276042e-07 7.355862402719497252e-07 4.259419646229732958e-07 1.021793304537131420e-05 8.813793324772148732e-04 1.473767221507806600e-06 1.253641671113893342e-06 7.609981888144545677e-07 3.076545006043016773e-07 8.935293179966569419e-08
1.441611907144536106e-09 1.103200858821472789e-08 5.758304790812532294e-08 1.902451900328168306e-07 4.170025970404473973e-07 6.307040132236973796e-07 6.402202349413225903e-07 3.698348607180736346e-07 9.727120642819062786e-07 1.725582840515100527e-05 1.071038036757791323e-03 1.992175645513044276e-06 1.482689344157407627e-06 7.492186674702407334e-07 2.872976241521677174e-07 2.799794377521215876e-08 2.142556915975347343e-07 1.118336307952956367e-06 3.694804480766074726e-06 8.098722831154682173e-06 1.224907717085560338e-05 1.243389434618697332e-05 7.182665171660440735e-06 1.889131017180540765e-05 3.351302185336960202e-04 2.080092609227579548e-02 3.869059449148196578e-05 2.879572004649325306e-05 1.455078306665793863e-05 5.579686660397402042e-06 1.270982605679545195e-06 9.726259162981844422e-06 5.076751371886488218e-05 1.677277540144977866e-04 3.676461360612687072e-04 5.560538354094152940e-04 5.644437163579214172e-04 3.260611768098147759e-04 8.575817859924175822e-04 1.521342716499846787e-02 9.442698884449772789e-01 1.756381575621682482e-03 1.307198113938400465e-03 6.605410856318705759e-04 2.532930542129982151e-04 1.362010269609761351e-08 1.042285300024583168e-07 5.440347864609743670e-07 1.797404012025673234e-06 3.939769204237617780e-06 5.958783628502873221e-06 6.048691263442998619e-06 3.494136499992220832e-06 9.190017190891846063e-06 1.630301149842204036e-04 1.011898415917102285e-02 1.882173471659026579e-05 1.400819529427542469e-05 7.078489808668727803e-06 2.714338807764202289e-06 1.181838679129321721e-09 9.044080722019057259e-09 4.720679188532548370e-08 1.559636979861242727e-07 3.418602441040798123e-07 5.170534415092923001e-07 5.248548746476579516e-07 3.031919624975757146e-07 7.974328843475806520e-07 1.414639082027312147e-05 8.780408738204056440e-04 1.633192832147358671e-06 1.215514111234671848e-06 6.142121856470514633e-07 2.355276360872537833e-07
2.736211948784707594e-10 2.368412621627030537e-09 1.532665423907572542e-08 6.315671074013488250e-08 1.696195748094235422e-07 3.054854559681555302e-07 3.548494989825292707e-07 2.227200136174468566e-07 5.854534817072149848e-07 1.277781290562852088e-06 2.211446311897788516e-05 1.066696280270237364e-03 2.127855195381949798e-06 1.400498211761507339e-06 7.598905620749351892e-07 5.314072942896216474e-09 4.599759691785627995e-08 2.976631932083064935e-07 1.226583956171741508e-06 3.294228699939211914e-06 5.932917575079342736e-06 6.891630314606557612e-06 4.325507016119957190e-06 1.137025407643042664e-05 2.481614403494929920e-05 4.294911078048336346e-04 2.071660363806897623e-02 4.132566457508030517e-05 2.719946332009073008e-05 1.475804488492985897e-05 2.412353682099007340e-07 2.088087112933399191e-06 1.351259020863293697e-05 5.568147736906696894e-05 1.495433882705321277e-04 2.693281727900452864e-04 3.128494836965009561e-04 1.963588548634992903e-04 5.161591604485786609e-04 1.126542994074562374e-03 1.949699348268819216e-02 9.404420226050593801e-01 1.876002083037843840e-03 1.234735130594145566e-03 6.699498539314321629e-04 2.585126243480774721e-09 2.237635730769511671e-08 1.448036074683044868e-07 5.966937994652151593e-07 1.602536727619534126e-06 2.886174331545201389e-06 3.352557365715673935e-06 2.104220590099322290e-06 5.531264347305856224e-06 1.207225905555267697e-05 2.089336646408147835e-04 1.007796398657889551e-02 2.010361189436354426e-05 1.323166753504092647e-05 7.179316043356102697e-06 2.243156496795894346e-10 1.941633272106615124e-09 1.256484682986528768e-08 5.177610092519175308e-08 1.390547436891750607e-07 2.504380866898778985e-07 2.909069085020865179e-07 1.825866763480592930e-07 4.799568913682302785e-07 1.047529744427641771e-06 1.812951721101909179e-05 8.744814860774757738e-04 1.744423420079684642e-06 1.148133522280383274e-06 6.229610436170175896e-07
4.489667988650719872e-11 3.693179447910604525e-10 2.822278078187300303e-09 1.452941753288726320e-08 4.853429409097141541e-08 1.058228221871204540e-07 1.425893222400066108e-07 9.812453031291094042e-08 2.846337769176682565e-07 6.452860430834967715e-07 1.486584582501912615e-06 2.695469855566123244e-05 1.062253419940101338e-03 2.220706478952284170e-06 1.837855816592256273e-06 8.719508440006931454e-10 7.172626004399611386e-09 5.481224354453081623e-08 2.821798385240266713e-07 9.425979560755597662e-07 2.055214313259844264e-06 2.769266684907489669e-06 1.905703656479675975e-06 5.527951346109523647e-06 1.253227880793960872e-05 2.887137054828226921e-05 5.234946596230712242e-04 2.063031761815765919e-02 4.312895504734598755e-05 3.569350639023100897e-05 3.958270523829144437e-08 3.256054430935653259e-07 2.488233017492074870e-06 1.280971450321383615e-05 4.278977113247132698e-05 9.329762442803176737e-05 1.257124385727718138e-04 8.651050300022333826e-05 2.509445001517720099e-04 5.689099350402895914e-04 1.310632311558651867e-03 2.376433826315932363e-02 9.365250195815124634e-01 1.957863481204751618e-03 1.620327054083868859e-03 4.241761515269861025e-10 3.489252766737607787e-09 2.666440050290322199e-08 1.372714514438073930e-07 4.585437082792894533e-07 9.997959219373671774e-07 1.347159525147520977e-06 9.270637771821596042e-07 2.689171234771230342e-06 6.096552152211464599e-06 1.404499683983356456e-05 2.546633810743434380e-04 1.003598860217691166e-02 2.098085493836515417e-05 1.736374737094702685e-05 3.680646128919757313e-11 3.027681929425557338e-10 2.313713822374875991e-09 1.191126928161830448e-08 3.978859063016660692e-08 8.675393410358703000e-08 1.168952444266812275e-07 8.044284645574092720e-08 2.333438044461438258e-07 5.290078425676639092e-07 1.218707441781644194e-06 2.209755980751469404e-05 8.708392130370676840e-04 1.820543239697145827e-06 1.506680875724594851e-06
7.342687008142204506e-12 4.881685133159188298e-11 3.734214039695802238e-10 2.267779445583155827e-09 9.334180289208046497e-09 2.476508269707680191e-08 3.899728426117732155e-08 2.958336441489527088e-08 9.564977543588494528e-08 2.579688470530459408e-07 6.294551313304895378e-07 1.666777720537123220e-06 3.175196893714864974e-05 1.057790770991642783e-03 3.798053397678616050e-06 1.426043562723811000e-10 9.480855784356169362e-10 7.252320420625431514e-09 4.404317215843664717e-08 1.812816983751083137e-07 4.809695241173658566e-07 7.573770490652172078e-07 5.745467066864391882e-07 1.857640757192413642e-06 5.010084364420657878e-06 1.222482229001380029e-05 3.237095134557312342e-05 6.166637752149480489e-04 2.054364727801393994e-02 7.376304604343003298e-05 6.473605982336168385e-09 4.303888487532931556e-08 3.292232165131433578e-07 1.999364887713023941e-06 8.229385958221591894e-06 2.183388551399104776e-05 3.438156255442727130e-05 2.608187501953072651e-05 8.432866030980685590e-05 2.274356335340366804e-04 5.549527712776967069e-04 1.469497775259767137e-03 2.799380333582875482e-02 9.325905701221017807e-01 3.348515491560542096e-03 6.937245081048829613e-11 4.612132607543376896e-10 3.528021547117194565e-09 2.142559227477656998e-08 8.818773866450688730e-08 2.339762649988420914e-07 3.684396708114130973e-07 2.794985664519456729e-07 9.036827164363959356e-07 2.437245538721895638e-06 5.946984406009989437e-06 1.574743078409315421e-05 2.999871710159973020e-04 9.993826258294064013e-03 3.588335880501213179e-05 6.019561486663532084e-12 4.002023208261185190e-11 3.061322236857595119e-10 1.859133828766239717e-09 7.652194913957914034e-09 2.030250477135329364e-08 3.197011532191767211e-08 2.425254962936140537e-08 7.841403341629644801e-08 2.114837980643279947e-07 5.160296035958133893e-07 1.366430431019100291e-06 2.603037949566039400e-05 8.671807172154628570e-04 3.113657974472523424e-06
9.343282491421724242e-13 5.580095534153025163e-12 3.478355242648962923e-11 2.049349536803994742e-10 9.608275206518185248e-10 3.053324375210166025e-09 5.647615482847961043e-09 4.758039341349348918e-09 1.740491639225483247e-08 5.752358810659077876e-08 1.827106789138618854e-07 5.311548671364219233e-07 1.707665524301416946e-06 3.376961547927635819e-05 1.059815280979100206e-03 1.814584747630849757e-11 1.083725795071870904e-10 6.755409970690266724e-10 3.980098445554989323e-09 1.866049716124396383e-08 5.929945761473799023e-08 1.096839031150854502e-07 9.240719870524098694e-08 3.380256975872510904e-07 1.117181522693484685e-06 3.548474655355537482e-06 1.031570565719864771e-05 3.316504469705778706e-05 6.558490470379555771e-04 2.058296584670796583e-02 8.237410823047991321e-10 4.919634977201628295e-09 3.066656835914884567e-08 1.806788360533542746e-07 8.471038979037984053e-07 2.691932656186367462e-06 4.979163259329665576e-06 4.194877421602533924e-06 1.534486908593825312e-05 5.071509158423001854e-05 1.610850282385579155e-04 4.682873342726473877e-04 1.505546095276622713e-03 2.977264107068987309e-02 9.343754589443502567e-01 8.827373471399602846e-12 5.271978807371210035e-11 3.286290532396284554e-10 1.936190386132263506e-09 9.077734055648693040e-09 2.884728639432017968e-08 5.335770499899736016e-08 4.495314178530396625e-08 1.644386727833375873e-07 5.434730204272890841e-07 1.726219239829721183e-06 5.018260325179757179e-06 1.613373175977712468e-05 3.190495504067430380e-04 1.001295348234221977e-02 7.659656932402732269e-13 4.574582592454715298e-12 2.851568265454571233e-11 1.680064195951379724e-10 7.876898923008108586e-10 2.503126416109680239e-09 4.629935691707732025e-09 3.900657938906630160e-09 1.426861369376605873e-08 4.715804652399861499e-08 1.497868783964826998e-07 4.354426898658253265e-07 1.399950401098292150e-06 2.768445346139310743e-05 8.688404178586129007e-04
9.189160328922530308e-04 2.928004685858584310e-05 1.480636538518528203e-06 4.605394280685397980e-07 1.584198447105511125e-07 4.987600040245042945e-08 1.509098520377757621e-08 4.125472348217402358e-09 4.896782022245880173e-09 2.647394100044790134e-09 8.330883970227659114e-10 1.776894691152396812e-10 3.015918394348503966e-11 4.838238646951670431e-12 8.101121240668110052e-13 1.469625028945777470e-02 4.682766234543267935e-04 2.367986233660166002e-05 7.365420191610257491e-06 2.533613089060425341e-06 7.976682951590795416e-07 2.413505562321862156e-07 6.597879677951929868e-08 7.831437436708733964e-08 4.233984925329302889e-08 1.332360646418856801e-08 2.841792741061722062e-09 4.823366878954244790e-10 7.737808849839333118e-11 1.295614627632262520e-11 9.401676231931623828e-01 2.995720074159253024e-02 1.514878928437566295e-03 4.711902328128241067e-04 1.620835892909191893e-04 5.102947285092292911e-05 1.543999144951511989e-05 4.220881335550117677e-06 5.010028936658820779e-06 2.708619862535967767e-06 8.523550684750475692e-07 1.817988585080199612e-07 3.085666945688869824e-08 4.950131640242275837e-09 8.288474277748985395e-10 1.023671339169251494e-02 3.261793646621626171e-04 1.649427296896350504e-05 5.130403608122069730e-06 1.764795136672186671e-06 5.556180357816127949e-07 1.681133909951674456e-07 4.595771161063858927e-08 5.455009196602097386e-08 2.949193796490644602e-08 9.280594575572666974e-09 1.979458517368135178e-09 3.359729410586867477e-10 5.389791947972440766e-11 9.024639175252663422e-12 8.805310650333891993e-04 2.805696050755617204e-05 1.418787377216151508e-06 4.413017714041868970e-07 1.518023296931221910e-07 4.779257971563211537e-08 1.446060444942032347e-08 3.953143084366671077e-09 4.692233604536631484e-09 2.536807132571691171e-09 7.982886218543411291e-10 1.702670231934077949e-10 2.889937427112950874e-11 4.636135703582383539e-12 7.762721139556514705e-13
3.293113643052466821e-06 9.171606754072142952e-04 2.753064034450197048e-05 1.445184645058327790e-06 5.457709683441484942e-07 2.236726661695025688e-07 8.293342601116175253e-08 2.565034525887162433e-08 3.381271282835922641e-08 2.147263957660796825e-08 8.093229146249666829e-09 1.966285001745896100e-09 3.237761535342793063e-10 4.232679804614823573e-11 6.366498895807350807e-12 5.266686029799836721e-05 1.466817680719802175e-02 4.402983152425698869e-04 2.311287919464206870e-05 8.728530643066725693e-06 3.577203321386359157e-06 1.326356644563161901e-06 4.102267023776965859e-07 5.407676794223406221e-07 3.434125363989039895e-07 1.294352442723850227e-07 3.144685204274035220e-08 5.178161246268741512e-09 6.769336868349800764e-10 1.018195981909830700e-10 3.369272834372934004e-03 9.383716699009241324e-01 2.816733604724376908e-02 1.478607146012281531e-03 5.583929061515393319e-04 2.288454999136099472e-04 8.485141103781613375e-05 2.624355574710600137e-05 3.459469278547120329e-05 2.196923308746976864e-05 8.280399664415654317e-06 2.011758888125269290e-06 3.312640609358488253e-07 4.330568157699151653e-08 6.513735663196252760e-09 3.668524579345677382e-05 1.021715873073209165e-02 3.066909974455506670e-04 1.609933930848242342e-05 6.079881926601040064e-06 2.491710771359879742e-06 9.238773536199088628e-07 2.857445331393144160e-07 3.766732082474216467e-07 2.392049428248718703e-07 9.015847391702267183e-08 2.190439092231671353e-08 3.606862398910474953e-09 4.715200136651386367e-10 7.092272000062972248e-11 3.155553673676052034e-06 8.788490323552231162e-04 2.638063021633876216e-05 1.384816380532474325e-06 5.229730190992607966e-07 2.143294097733771734e-07 7.946913027802029104e-08 2.457887883202999405e-08 3.240028791826981551e-08 2.057568430486366851e-08 7.755158713769097854e-09 1.884149328962143585e-09 3.102513734651332994e-10 4.055872270039950502e-11 6.100557453127450090e-12
1.593518423748991942e-06 1.925470244184183590e-06 9.210300286251825019e-04 2.337115260471805394e-05 1.288947641752657996e-06 5.594972080825476329e-07 2.467925739574988198e-07 8.507916968441426277e-08 1.236325015096341504e-07 9.175399685104882406e-08 4.208180593895496109e-08 1.259777525308128091e-08 2.447064712004476294e-09 3.202182368893675306e-10 3.892780158158239624e-11 2.548518554254387459e-05 3.079410046244356389e-05 1.473005948343188848e-02 3.737755093367956319e-04 2.061417635034835575e-05 8.948054786196207587e-06 3.946960665212589604e-06 1.360673584251205036e-06 1.977258118327328273e-06 1.467424285260288381e-06 6.730155210860143220e-07 2.014765784713740495e-07 3.913597564396231957e-08 5.121259384019068230e-09 6.225734395564359484e-10 1.630371410818850977e-03 1.970000215695510894e-03 9.423305088894899928e-01 2.391165265285872393e-02 1.318756880269951904e-03 5.724365899358045857e-04 2.525000972603016038e-04 8.704677890283642780e-05 1.264917260480173677e-04 9.387597348411737795e-05 4.305502358553606488e-05 1.288912152281472956e-05 2.503657496152176069e-06 3.276238610526911616e-07 3.982807718992394337e-08 1.775177579278645006e-05 2.144971502119479045e-05 1.026026327835751102e-02 2.603543547879951740e-04 1.435886099842056376e-05 6.232792069767655574e-06 2.749266261955861001e-06 9.477809119526418124e-07 1.377264557969153286e-06 1.022138405127355854e-06 4.687908045809628611e-07 1.403390625722936122e-07 2.726027102701735425e-08 3.567227250908040668e-09 4.336552345322486996e-10 1.526953959435978564e-06 1.845039485778997667e-06 8.825567549196932163e-04 2.239489263161353533e-05 1.235105710575649734e-06 5.361258862417730901e-07 2.364835525887578891e-07 8.152524192943081468e-08 1.184681236699945995e-07 8.792124816239603846e-08 4.032396440546293191e-08 1.207154088468016480e-08 2.344845905327212468e-09 3.068420781427047028e-10 3.730170914327527619e-11
6.588654016094834202e-07 1.214306194599921021e-06 1.844963258977685276e-06 9.248822240620055207e-04 1.917441188436120204e-05 1.107904118294287327e-06 5.076192054490304989e-07 1.931100589245895987e-07 3.076733273534101506e-07 2.648720851101542078e-07 1.470691634496450187e-07 5.476021635603540817e-08 1.328902174147938810e-08 2.053539300270070032e-09 2.372440815163289527e-10 1.053725313578508332e-05 1.942043355986580139e-05 2.950654995478679032e-05 1.479166775478315578e-02 3.066569154515636072e-04 1.771874212263637626e-05 8.118368412328451675e-06 3.088414673139645785e-06 4.920628288467541931e-06 4.236106802073629913e-06 2.352081320329501639e-06 8.757817000321274803e-07 2.125317032505479731e-07 3.284231252448458507e-08 3.794251353611230485e-09 6.741028521242798744e-04 1.242389215054217049e-03 1.887631361281458600e-03 9.462717932922816155e-01 1.961785473554835540e-02 1.133526398863899526e-03 5.193588149421001681e-04 1.975760772639725436e-04 3.147888278620392111e-04 2.709977297103378165e-04 1.504704030576776346e-04 5.602664510592323831e-05 1.359635433275098778e-05 2.101031099644597291e-06 2.427307787130593542e-07 7.339752532938449596e-06 1.352735618808570720e-05 2.055286818852582406e-05 1.030317668851036747e-02 2.136027143815037331e-04 1.234203835660383408e-05 5.654871753564995730e-06 2.151243699646784680e-06 3.427477111779318472e-06 2.950671795548659494e-06 1.638348685952815025e-06 6.100281418961114095e-07 1.480395400168688131e-07 2.287640274299835056e-08 2.642896172693897860e-09 6.313432707957501225e-07 1.163582186549010687e-06 1.767895439000985861e-06 8.862480364179889207e-04 1.837345819811713843e-05 1.061624738623897239e-06 4.864149319482461511e-07 1.850434640021862586e-07 2.948211946679908608e-07 2.538078462572713181e-07 1.409257891804243470e-07 5.247277216142822354e-08 1.273391261924880421e-08 1.967758840232082104e-09 2.273339198500369301e-10
2.491022707290881649e-07 6.496123032350880068e-07 1.285570263608618628e-06 1.727321896423484691e-06 9.286467571074636220e-04 1.496171801531468297e-05 8.433929263886414901e-07 3.206664304012922273e-07 5.551048838681799907e-07 5.468538151528790427e-07 3.615633583091648235e-07 1.649526652798241738e-07 4.992755520254036360e-08 9.565336288933102231e-09 1.249953948068588306e-09 3.983899711472553325e-06 1.038926806990797855e-05 2.056016184548579423e-05 2.762510829243188009e-05 1.485187403901225625e-02 2.392831824049108025e-04 1.348840709586252889e-05 5.128427355622115331e-06 8.877808219920046555e-06 8.745848642923749811e-06 5.782493088605664587e-06 2.638092674512834079e-06 7.984928125454613006e-07 1.529786957384353709e-07 1.999054909651989599e-08 2.548632099347070720e-04 6.646357591642772407e-04 1.315301394166056405e-03 1.767269330080772742e-03 9.501233879528303561e-01 1.530773472421727115e-02 8.628979086642069767e-04 3.280824198477864679e-04 5.679426853034974260e-04 5.595007957453711732e-04 3.699251629611337430e-04 1.687674931162004663e-04 5.108221994873141146e-05 9.786551939358762361e-06 1.278861387103850217e-06 2.774996255803133110e-06 7.236673129975276207e-06 1.432123704711450236e-05 1.924234484540253835e-05 1.034511354069327961e-02 1.666733560933064207e-04 9.395386906948950928e-06 3.572220121160993762e-06 6.183861631624843116e-06 6.091944826834910891e-06 4.027811398936306675e-06 1.837570678085384661e-06 5.561923556254244310e-07 1.065577295204785486e-07 1.392447172667077221e-08 2.386967686883732095e-07 6.224766929204891437e-07 1.231869412298394477e-06 1.655168192382169272e-06 8.898553173590314667e-04 1.433673701098544543e-05 8.081627103373159311e-07 3.072715497116727201e-07 5.319170382295384278e-07 5.240106332224560628e-07 3.464601308206229250e-07 1.580622612294440961e-07 4.784198096820128773e-08 9.165772985141043228e-09 1.197740861775318137e-09
9.450278777201408877e-08 3.253861668792186039e-07 8.048583172811891088e-07 1.325895305293976651e-06 1.558707791164214271e-06 9.321776278195454454e-04 1.080684358763246876e-05 4.504911285531006774e-07 7.779817511560849660e-07 8.608273725407464248e-07 6.616418070179902165e-07 3.600346683506906133e-07 1.325042841068018858e-07 3.115006420404468981e-08 4.905930116122763709e-09 1.511385776758860748e-06 5.203910235555741091e-06 1.287212199474498064e-05 2.120508138582243276e-05 2.492845810403129439e-05 1.490834335488777293e-02 1.728341573309896998e-04 7.204717451233056578e-06 1.244228430712460639e-05 1.376723668979502733e-05 1.058165626656951045e-05 5.758044706554905617e-06 2.119144790117416363e-06 4.981838641278749418e-07 7.846068009304467088e-08 9.668833515190196543e-05 3.329113087426550563e-04 8.234721172334037633e-04 1.356559025156736523e-03 1.594755719583089947e-03 9.537359164171906878e-01 1.105677133309526140e-02 4.609095482514403009e-04 7.959739820513441659e-04 8.807355578223381287e-04 6.769434669144264475e-04 3.683611192907514228e-04 1.355686846158342656e-04 3.187046561028394876e-05 5.019388596702956340e-06 1.052759902439839143e-06 3.624797927924012364e-06 8.966111831779871539e-06 1.477045751935047347e-05 1.736398577063143675e-05 1.038444739733406473e-02 1.203881056762616460e-04 5.018465674152541418e-06 8.666707213155894061e-06 9.589606424308183685e-06 7.370681655305130547e-06 4.010781811455495333e-06 1.476096107827703340e-06 3.470113350683210493e-07 5.465200162016336699e-08 9.055521656707558330e-08 3.117941333197800031e-07 7.712377692290036386e-07 1.270509996020680731e-06 1.493597436873318494e-06 8.932386965115520763e-04 1.035542003105199461e-05 4.316732095362913872e-07 7.454838912385505327e-07 8.248688846656294353e-07 6.340037001753772859e-07 3.449952973112929381e-07 1.269693140937172120e-07 2.984886347353790256e-08 4.700999564163088254e-09
4.094539526962211856e-08 1.728355445883822388e-07 5.070785317589679144e-07 9.767346345848995038e-07 1.319890639731194505e-06 1.321426275671049870e-06 9.355235565888051635e-04 6.611982067468405651e-06 9.101847484993086968e-07 1.102379831257237789e-06 9.525770762440592608e-07 5.946655823693776002e-07 2.551440239101878584e-07 7.071237185069852268e-08 1.324546960562493036e-08 6.548408728806064673e-07 2.764163787839181981e-06 8.109721402602137899e-06 1.562094483329672424e-05 2.110904859843337693e-05 2.113360806776222136e-05 1.496185488900364860e-02 1.057456175479701700e-04 1.455661060944993580e-05 1.763039204269299613e-05 1.523459231462128223e-05 9.510503597940018596e-06 4.080525642197804843e-06 1.130904977256965017e-06 2.118351727012408216e-07 4.189233137023624812e-05 1.768326782236134234e-04 5.188056371979822079e-04 9.993233843116555108e-04 1.350415490874869390e-03 1.351986641164977781e-03 9.571592258228035499e-01 6.764896075870818586e-03 9.312344121038956812e-04 1.127874352727418084e-03 9.746071388719364671e-04 6.084182962955774843e-04 2.610446895529435971e-04 7.234772296221058199e-05 1.355179497521927447e-05 4.561312035936920285e-07 1.925385857377695449e-06 5.648848655256242733e-06 1.088081190891302155e-05 1.470356561826382083e-05 1.472067258389244800e-05 1.042172100298889917e-02 7.365739953698353796e-05 1.013944699011433108e-05 1.228049786643116272e-05 1.061169700382215539e-05 6.624567330117541845e-06 2.842301312505214047e-06 7.877349594217629725e-07 1.475543697549735030e-07 3.923502389167794062e-08 1.656158568406202189e-07 4.858968432838794522e-07 9.359344676347419217e-07 1.264756157395703763e-06 1.266227646738825296e-06 8.964448591175620687e-04 6.335786299782939585e-06 8.721645039217820947e-07 1.056331212149042950e-06 9.127860190136908793e-07 5.698252069172522846e-07 2.444861457073792168e-07 6.775857408947113200e-08 1.269217974356080159e-08
2.359891852583216951e-08 1.123092545341099375e-07 3.656080447377491813e-07 7.748739404851782502e-07 1.140266514660517549e-06 1.227541872093012430e-06 9.584892023963072531e-07 9.411679832867487052e-04 9.584892023963070414e-07 1.227541872093010524e-06 1.140266514660518396e-06 7.748739404851790972e-07 3.656080447377489166e-07 1.123092545341096992e-07 2.359891852583213973e-08 3.774181762011079638e-07 1.796165106903985647e-06 5.847179873871296889e-06 1.239258100253850888e-05 1.823631484956748515e-05 1.963211212703236438e-05 1.532914511658166947e-05 1.505212636596590069e-02 1.532914511658166608e-05 1.963211212703233388e-05 1.823631484956749870e-05 1.239258100253852243e-05 5.847179873871292654e-06 1.796165106903981624e-06 3.774181762011074344e-07 2.414468607161872731e-05 1.149066085674781904e-04 3.740633900569816138e-04 7.927942976544965223e-04 1.166637234003763948e-03 1.255930991456642850e-03 9.806559936025283607e-04 9.629341900664798448e-01 9.806559936025281438e-04 1.255930991456640899e-03 1.166637234003764815e-03 7.927942976544973897e-04 3.740633900569813428e-04 1.149066085674779329e-04 2.414468607161869343e-05 2.628916643694827543e-07 1.251123724854119706e-06 4.072869156388168019e-06 8.632086240210647742e-06 1.270255505716323772e-05 1.367480147382656405e-05 1.067755801700483456e-05 1.048459984751771296e-02 1.067755801700483287e-05 1.367480147382654033e-05 1.270255505716324619e-05 8.632086240210657907e-06 4.072869156388165477e-06 1.251123724854117165e-06 2.628916643694823837e-07 2.261314431285331476e-08 1.076178714574907400e-07 3.503358625754360913e-07 7.425059000597890907e-07 1.092635292710867574e-06 1.176264983216240943e-06 9.184511837851287341e-07 9.018535067784369096e-04 9.184511837851285224e-07 1.176264983216239037e-06 1.092635292710868421e-06 7.425059000597898318e-07 3.503358625754358795e-07 1.076178714574905150e-07 2.261314431285328167e-08
1.324546960562445391e-08 7.071237185069848297e-08 2.551440239101893407e-07 5.946655823693761179e-07 9.525770762440592608e-07 1.102379831257238425e-06 9.101847484993086968e-07 6.611982067468404804e-06 9.355235565888051635e-04 1.321426275671048600e-06 1.319890639731194294e-06 9.767346345849026802e-07 5.070785317589661145e-07 1.728355445883819476e-07 4.094539526962250899e-08 2.118351727012332248e-07 1.130904977256964382e-06 4.080525642197828560e-06 9.510503597939994880e-06 1.523459231462128223e-05 1.763039204269300630e-05 1.455661060944993580e-05 1.057456175479701564e-04 1.496185488900364860e-02 2.113360806776220103e-05 2.110904859843337354e-05 1.562094483329677506e-05 8.109721402602110794e-06 2.764163787839177322e-06 6.548408728806127142e-07 1.355179497521878658e-05 7.234772296221054133e-05 2.610446895529451149e-04 6.084182962955759664e-04 9.746071388719364671e-04 1.127874352727418735e-03 9.312344121038956812e-04 6.764896075870817718e-03 9.571592258228035499e-01 1.351986641164976480e-03 1.350415490874869173e-03 9.993233843116587634e-04 5.188056371979804732e-04 1.768326782236131524e-04 4.189233137023665469e-05 1.475543697549681826e-07 7.877349594217625490e-07 2.842301312505230988e-06 6.624567330117524904e-06 1.061169700382215539e-05 1.228049786643116950e-05 1.013944699011433108e-05 7.365739953698352441e-05 1.042172100298889917e-02 1.472067258389243445e-05 1.470356561826381914e-05 1.088081190891305543e-05 5.648848655256223251e-06 1.925385857377692061e-06 4.561312035936964225e-07 1.269217974356034499e-08 6.775857408947109229e-08 2.444861457073806462e-07 5.698252069172508023e-07 9.127860190136908793e-07 1.056331212149043586e-06 8.721645039217820947e-07 6.335786299782938737e-06 8.964448591175620687e-04 1.266227646738824026e-06 1.264756157395703551e-06 9.359344676347448863e-07 4.858968432838777581e-07 1.656158568406199542e-07 3.923502389167831781e-08
4.905930116122887786e-09 3.115006420404449791e-08 1.325042841068019122e-07 3.600346683506901898e-07 6.616418070179901106e-07 8.608273725407474836e-07 7.779817511560843307e-07 4.504911285531017362e-07 1.080684358763246876e-05 9.321776278195454454e-04 1.558707791164214906e-06 1.325895305293978557e-06 8.048583172811890030e-07 3.253861668792180216e-07 9.450278777201444611e-08 7.846068009304664288e-08 4.981838641278718713e-07 2.119144790117416786e-06 5.758044706554897994e-06 1.058165626656950706e-05 1.376723668979504427e-05 1.244228430712459622e-05 7.204717451233073518e-06 1.728341573309896998e-04 1.490834335488777293e-02 2.492845810403130456e-05 2.120508138582245986e-05 1.287212199474497895e-05 5.203910235555732621e-06 1.511385776758866466e-06 5.019388596703083395e-06 3.187046561028375225e-05 1.355686846158342927e-04 3.683611192907509349e-04 6.769434669144262307e-04 8.807355578223392129e-04 7.959739820513435154e-04 4.609095482514413851e-04 1.105677133309526140e-02 9.537359164171906878e-01 1.594755719583090597e-03 1.356559025156738475e-03 8.234721172334036549e-04 3.329113087426545142e-04 9.668833515190233135e-05 5.465200162016475003e-08 3.470113350683188788e-07 1.476096107827703552e-06 4.010781811455490251e-06 7.370681655305128006e-06 9.589606424308195543e-06 8.666707213155887285e-06 5.018465674152553276e-06 1.203881056762616460e-04 1.038444739733406473e-02 1.736398577063144353e-05 1.477045751935049380e-05 8.966111831779869845e-06 3.624797927924006011e-06 1.052759902439843166e-06 4.700999564163207368e-09 2.984886347353771727e-08 1.269693140937172385e-07 3.449952973112925146e-07 6.340037001753770741e-07 8.248688846656303882e-07 7.454838912385498975e-07 4.316732095362924460e-07 1.035542003105199461e-05 8.932386965115520763e-04 1.493597436873319130e-06 1.270509996020682425e-06 7.712377692290035328e-07 3.117941333197794208e-07 9.055521656707592741e-08
1.249953948068820331e-09 9.565336288933408288e-09 4.992755520253963569e-08 1.649526652798247032e-07 3.615633583091649294e-07 5.468538151528806309e-07 5.551048838681804143e-07 3.206664304012928096e-07 8.433929263886414901e-07 1.496171801531470160e-05 9.286467571074636220e-04 1.727321896423487020e-06 1.285570263608616298e-06 6.496123032350866304e-07 2.491022707290872650e-07 1.999054909652360837e-08 1.529786957384402678e-07 7.984928125454496539e-07 2.638092674512842549e-06 5.782493088605666281e-06 8.745848642923775222e-06 8.877808219920053332e-06 5.128427355622124648e-06 1.348840709586252889e-05 2.392831824049111006e-04 1.485187403901225625e-02 2.762510829243192075e-05 2.056016184548575696e-05 1.038926806990795484e-05 3.983899711472539772e-06 1.278861387104087809e-06 9.786551939359074069e-06 5.108221994873066607e-05 1.687674931162010084e-04 3.699251629611338514e-04 5.595007957453727995e-04 5.679426853034978597e-04 3.280824198477870642e-04 8.628979086642069767e-04 1.530773472421729196e-02 9.501233879528303561e-01 1.767269330080775127e-03 1.315301394166054020e-03 6.646357591642758312e-04 2.548632099347061504e-04 1.392447172667335797e-08 1.065577295204819632e-07 5.561923556254162783e-07 1.837570678085390378e-06 4.027811398936307522e-06 6.091944826834929526e-06 6.183861631624848198e-06 3.572220121161000115e-06 9.395386906948950928e-06 1.666733560933066375e-04 1.034511354069327961e-02 1.924234484540256884e-05 1.432123704711447695e-05 7.236673129975260114e-06 2.774996255803123369e-06 1.197740861775540442e-09 9.165772985141336050e-09 4.784198096820058628e-08 1.580622612294445991e-07 3.464601308206230309e-07 5.240106332224575452e-07 5.319170382295388513e-07 3.072715497116733024e-07 8.081627103373159311e-07 1.433673701098546576e-05 8.898553173590314667e-04 1.655168192382171813e-06 1.231869412298392360e-06 6.224766929204877673e-07 2.386967686883723625e-07
2.372440815164286796e-10 2.053539300270166812e-09 1.328902174147877764e-08 5.476021635603571257e-08 1.470691634496445422e-07 2.648720851101545255e-07 3.076733273534105212e-07 1.931100589245880370e-07 5.076192054490299695e-07 1.107904118294284574e-06 1.917441188436114105e-05 9.248822240620055207e-04 1.844963258977685064e-06 1.214306194599922715e-06 6.588654016094847967e-07 3.794251353612825289e-09 3.284231252448613355e-08 2.125317032505382058e-07 8.757817000321322449e-07 2.352081320329494016e-06 4.236106802073634148e-06 4.920628288467547013e-06 3.088414673139620798e-06 8.118368412328443205e-06 1.771874212263633560e-05 3.066569154515626856e-04 1.479166775478315578e-02 2.950654995478678354e-05 1.942043355986582850e-05 1.053725313578510704e-05 2.427307787131614217e-07 2.101031099644696394e-06 1.359635433275036436e-05 5.602664510592354324e-05 1.504704030576771196e-04 2.709977297103381417e-04 3.147888278620395905e-04 1.975760772639709444e-04 5.193588149420997344e-04 1.133526398863896707e-03 1.961785473554829642e-02 9.462717932922816155e-01 1.887631361281458166e-03 1.242389215054218784e-03 6.741028521242813923e-04 2.642896172695008763e-09 2.287640274299943251e-08 1.480395400168620104e-07 6.100281418961147976e-07 1.638348685952809731e-06 2.950671795548662882e-06 3.427477111779322284e-06 2.151243699646767316e-06 5.654871753564989801e-06 1.234203835660380528e-05 2.136027143815030825e-04 1.030317668851036747e-02 2.055286818852582068e-05 1.352735618808572584e-05 7.339752532938465689e-06 2.273339198501324954e-10 1.967758840232175162e-09 1.273391261924821857e-08 5.247277216142851471e-08 1.409257891804238706e-07 2.538078462572715828e-07 2.948211946679912313e-07 1.850434640021847498e-07 4.864149319482457276e-07 1.061624738623894698e-06 1.837345819811708083e-05 8.862480364179889207e-04 1.767895439000985437e-06 1.163582186549012382e-06 6.313432707957514989e-07
3.892780158182697028e-11 3.202182368891639925e-10 2.447064712004081315e-09 1.259777525308129910e-08 4.208180593895482875e-08 9.175399685105000197e-08 1.236325015096342033e-07 8.507916968441399807e-08 2.467925739574991375e-07 5.594972080825467859e-07 1.288947641752660113e-06 2.337115260471812171e-05 9.210300286251825019e-04 1.925470244184183590e-06 1.593518423748989825e-06 6.225734395603474787e-10 5.121259384015813274e-09 3.913597564395599991e-08 2.014765784713743407e-07 6.730155210860120986e-07 1.467424285260307015e-06 1.977258118327329120e-06 1.360673584251200801e-06 3.946960665212594686e-06 8.948054786196194034e-06 2.061417635034838963e-05 3.737755093367966619e-04 1.473005948343188848e-02 3.079410046244356389e-05 2.548518554254384071e-05 3.982807719017417543e-08 3.276238610524829503e-07 2.503657496151771611e-06 1.288912152281474819e-05 4.305502358553592258e-05 9.387597348411857057e-05 1.264917260480174219e-04 8.704677890283614319e-05 2.525000972603019291e-04 5.724365899358037184e-04 1.318756880269954072e-03 2.391165265285879332e-02 9.423305088894899928e-01 1.970000215695510894e-03 1.630371410818848808e-03 4.336552345349732258e-10 3.567227250905773780e-09 2.726027102701295034e-08 1.403390625722937975e-07 4.687908045809613788e-07 1.022138405127368772e-06 1.377264557969153922e-06 9.477809119526387419e-07 2.749266261955864389e-06 6.232792069767646256e-06 1.435886099842058748e-05 2.603543547879959329e-04 1.026026327835751102e-02 2.144971502119479045e-05 1.775177579278642295e-05 3.730170914350963326e-11 3.068420781425096950e-10 2.344845905326833620e-09 1.207154088468018135e-08 4.032396440546279956e-08 8.792124816239716343e-08 1.184681236699946392e-07 8.152524192943056321e-08 2.364835525887582067e-07 5.361258862417722431e-07 1.235105710575651852e-06 2.239489263161359631e-05 8.825567549196932163e-04 1.845039485778997667e-06 1.526953959435976235e-06
6.366498895975609361e-12 4.232679804585865143e-11 3.237761535347677048e-10 1.966285001745470929e-09 8.093229146248995158e-09 2.147263957660860352e-08 3.381271282835866393e-08 2.565034525887110817e-08 8.293342601116124960e-08 2.236726661695002659e-07 5.457709683441450001e-07 1.445184645058321226e-06 2.753064034450176042e-05 9.171606754072144036e-04 3.293113643052484185e-06 1.018195981936740177e-10 6.769336868303488990e-10 5.178161246276552579e-09 3.144685204273354946e-08 1.294352442723742760e-07 3.434125363989141539e-07 5.407676794223316224e-07 4.102267023776883274e-07 1.326356644563153854e-06 3.577203321386321887e-06 8.728530643066669789e-06 2.311287919464196028e-05 4.402983152425665801e-04 1.466817680719802348e-02 5.266686029799863826e-05 6.513735663368402280e-09 4.330568157669524028e-08 3.312640609363485218e-07 2.011758888124833915e-06 8.280399664414966527e-06 2.196923308747042255e-05 3.459469278547062731e-05 2.624355574710547282e-05 8.485141103781561876e-05 2.288454999136075620e-04 5.583929061515357541e-04 1.478607146012274592e-03 2.816733604724355744e-02 9.383716699009243545e-01 3.369272834372951785e-03 7.092272000250411375e-11 4.715200136619127357e-10 3.606862398915915734e-09 2.190439092231197544e-08 9.015847391701519412e-08 2.392049428248789642e-07 3.766732082474153998e-07 2.857445331393086985e-07 9.238773536199032512e-07 2.491710771359853908e-06 6.079881926601001100e-06 1.609933930848235227e-05 3.066909974455483360e-04 1.021715873073209511e-02 3.668524579345696355e-05 6.100557453288679224e-12 4.055872270012202470e-11 3.102513734656012768e-10 1.884149328961735784e-09 7.755158713768454307e-09 2.057568430486428062e-08 3.240028791826927950e-08 2.457887883202950105e-08 7.946913027801981458e-08 2.143294097733749499e-07 5.229730190992574085e-07 1.384816380532467972e-06 2.638063021633856226e-05 8.788490323552233330e-04 3.155553673676068551e-06
8.101121238105842374e-13 4.838238647273093915e-12 3.015918394394227667e-11 1.776894691148201972e-10 8.330883970227258965e-10 2.647394100044754151e-09 4.896782022245493879e-09 4.125472348217853998e-09 1.509098520377680528e-08 4.987600040245012505e-08 1.584198447105492861e-07 4.605394280685388451e-07 1.480636538518519944e-06 2.928004685858592103e-05 9.189160328922530308e-04 1.295614627222478214e-11 7.737808850353387094e-11 4.823366879027370658e-10 2.841792741055013627e-09 1.332360646418792777e-08 4.233984925329244655e-08 7.831437436708115894e-08 6.597879677952652493e-08 2.413505562321738806e-07 7.976682951590746711e-07 2.533613089060396119e-06 7.365420191610241398e-06 2.367986233660152788e-05 4.682766234543280404e-04 1.469625028945777470e-02 8.288474275127459782e-10 4.950131640571133071e-09 3.085666945735651189e-08 1.817988585075907802e-07 8.523550684750065940e-07 2.708619862535930921e-06 5.010028936658425214e-06 4.220881335550580157e-06 1.543999144951433385e-05 5.102947285092261740e-05 1.620835892909173190e-04 4.711902328128230767e-04 1.514878928437557839e-03 2.995720074159261351e-02 9.401676231931623828e-01 9.024639172398300619e-12 5.389791948330505927e-11 3.359729410637803708e-10 1.979458517363462022e-09 9.280594575572221951e-09 2.949193796490604235e-08 5.455009196601667252e-08 4.595771161064361852e-08 1.681133909951588959e-07 5.556180357816094068e-07 1.764795136672166342e-06 5.130403608122058719e-06 1.649427296896341017e-05 3.261793646621634845e-04 1.023671339169251494e-02 7.762721137101277656e-13 4.636135703890380686e-12 2.889937427156764628e-11 1.702670231930058368e-10 7.982886218543027686e-10 2.536807132571656430e-09 4.692233604536261734e-09 3.953143084367103693e-09 1.446060444941958562e-08 4.779257971563182420e-08 1.518023296931204440e-07 4.413017714041859441e-07 1.418787377216143461e-06 2.805696050755624997e-05 8.805310650333891993e-04
8.895555028973062533e-04 2.834451231214947848e-05 1.433328327599669737e-06 4.458246106013736444e-07 1.533581302165954675e-07 4.828239907934039161e-08 1.460880913124324934e-08 3.993658286553986737e-09 4.740323640525900451e-09 2.562806508686566360e-09 8.064701685952540078e-10 1.720120657388684375e-10 2.919555985477612224e-11 4.683650800149795015e-12 7.842280166331097584e-13 1.043115529437086374e-02 3.323749993207236373e-04 1.680757448446593589e-05 5.227853385301596405e-06 1.798316649982358471e-06 5.661717578509889230e-07 1.713066314777365330e-07 4.683065828271864806e-08 5.558624715248539397e-08 3.005212445368925945e-08 9.456875418672675785e-09 2.017057467896756148e-09 3.423546004261266212e-10 5.492168693447672378e-11 9.196058257244911978e-12 9.442586123777023666e-01 3.008755471380943070e-02 1.521470682034735573e-03 4.732405418202234419e-04 1.627888701306576312e-04 5.125151944812106716e-05 1.550717610517772147e-05 4.239247826234316902e-06 5.031829277032691287e-06 2.720405989062033571e-06 8.560639553591504969e-07 1.825899271914873048e-07 3.099093732349563275e-08 4.971671347101676669e-09 8.324540249167405446e-10 1.043115529437060353e-02 3.323749993207153431e-04 1.680757448446551576e-05 5.227853385301465962e-06 1.798316649982313790e-06 5.661717578509748411e-07 1.713066314777322449e-07 4.683065828271748339e-08 5.558624715248401092e-08 3.005212445368850506e-08 9.456875418672440866e-09 2.017057467896706103e-09 3.423546004261180909e-10 5.492168693447535377e-11 9.196058257244682565e-12 8.895555028973054943e-04 2.834451231214945137e-05 1.433328327599668255e-06 4.458246106013732208e-07 1.533581302165953352e-07 4.828239907934034528e-08 1.460880913124323611e-08 3.993658286553983428e-09 4.740323640525895488e-09 2.562806508686563878e-09 8.064701685952532840e-10 1.720120657388682566e-10 2.919555985477609639e-11 4.683650800149790169e-12 7.842280166331090516e-13
3.187894495238395352e-06 8.878562313050439303e-04 2.665100154979000634e-05 1.399009166994330783e-06 5.283328953180372472e-07 2.165260414627276199e-07 8.028359811086879463e-08 2.483078427136391530e-08 3.273235386881110557e-08 2.078656157187954046e-08 7.834640234315531265e-09 1.903459707915003287e-09 3.134310957409451620e-10 4.097440329065297606e-11 6.163081200281012312e-12 3.738206602465436040e-05 1.041122920116086155e-02 3.125164590752597276e-04 1.640513923148760253e-05 6.195366630004712341e-06 2.539039729861397541e-06 9.414260006910554056e-07 2.911721258223951528e-07 3.838279514249559484e-07 2.437485363038764898e-07 9.187099477603478523e-08 2.232045526689453971e-08 3.675373175827634399e-09 4.804763305121429494e-10 7.226986611016499947e-11 3.383933686741333931e-03 9.424548442816853555e-01 2.828990170924264302e-02 1.485041068744033564e-03 5.608226636580052786e-04 2.298412845396509256e-04 8.522062839468456832e-05 2.635775038652640609e-05 3.474522606330007160e-05 2.206482869482351441e-05 8.316430500444382923e-06 2.020512735471416293e-06 3.327055035648904666e-07 4.349411933063260793e-08 6.542079143115911313e-09 3.738206602465342528e-05 1.041122920116060134e-02 3.125164590752519214e-04 1.640513923148719257e-05 6.195366630004558181e-06 2.539039729861334437e-06 9.414260006910320063e-07 2.911721258223879001e-07 3.838279514249464193e-07 2.437485363038704547e-07 9.187099477603249559e-08 2.232045526689398384e-08 3.675373175827542995e-09 4.804763305121310586e-10 7.226986611016320294e-11 3.187894495238391964e-06 8.878562313050430629e-04 2.665100154978997923e-05 1.399009166994329301e-06 5.283328953180368237e-07 2.165260414627274346e-07 8.028359811086871522e-08 2.483078427136389214e-08 3.273235386881107248e-08 2.078656157187952060e-08 7.834640234315522993e-09 1.903459707915001632e-09 3.134310957409449035e-10 4.097440329065293729e-11 6.163081200281006658e-12
1.542603493762708410e-06 1.863949033502057972e-06 8.916019537916388803e-04 2.262441470647119548e-05 1.247764133637687227e-06 5.416205643283921158e-07 2.389072389422821723e-07 8.236078255865900089e-08 1.196822866488716318e-07 8.882234055137324032e-08 4.073723899128359705e-08 1.219526039323764924e-08 2.368877898079544641e-09 3.099868590348234863e-10 3.768400906402665528e-11 1.808896302554320812e-05 2.185714299549112720e-05 1.045515250085383117e-02 2.652996721157866193e-04 1.463160129562304351e-05 6.351181234597419718e-06 2.801487374581512184e-06 9.657835966807156238e-07 1.403425097089092477e-06 1.041553477982171356e-06 4.776952812926787127e-07 1.430047418096157855e-07 2.777806797640955752e-08 3.634985175489138148e-09 4.418923264271243483e-10 1.637465711498755369e-03 1.978572356851126830e-03 9.464309095255337700e-01 2.401570038857534298e-02 1.324495240112528354e-03 5.749274562882413821e-04 2.535988110869688084e-04 8.742554905217541261e-05 1.270421345820176029e-04 9.428445978245141772e-05 4.324237064097955440e-05 1.294520647559045909e-05 2.514551761691510349e-06 3.290494639336025824e-07 4.000138270375520465e-08 1.808896302554275750e-05 2.185714299549058171e-05 1.045515250085356923e-02 2.652996721157800056e-04 1.463160129562267928e-05 6.351181234597261322e-06 2.801487374581442304e-06 9.657835966806914834e-07 1.403425097089057537e-06 1.041553477982145309e-06 4.776952812926668543e-07 1.430047418096122121e-07 2.777806797640886600e-08 3.634985175489047572e-09 4.418923264271133365e-10 1.542603493762706927e-06 1.863949033502056278e-06 8.916019537916380130e-04 2.262441470647117515e-05 1.247764133637686168e-06 5.416205643283916923e-07 2.389072389422819606e-07 8.236078255865892148e-08 1.196822866488715259e-07 8.882234055137316091e-08 4.073723899128355734e-08 1.219526039323763931e-08 2.368877898079542160e-09 3.099868590348232278e-10 3.768400906402662297e-11
6.378138183372867175e-07 1.175507575168518542e-06 1.786014348341863860e-06 8.953310667099064488e-04 1.856176516244655359e-05 1.072505179835980168e-06 4.914001295224873082e-07 1.869399481914730700e-07 2.978427752321543998e-07 2.564090868368260125e-07 1.423701175844812659e-07 5.301055815299949053e-08 1.286442068166747933e-08 1.987926121194707157e-09 2.296638329167264815e-10 7.479167928591800768e-06 1.378430241435728439e-05 2.094326094869799251e-05 1.049888103250137643e-02 2.176600047062778205e-04 1.257646998804276306e-05 5.762283574243451457e-06 2.192105634730714198e-06 3.492580543466846512e-06 3.006718518373919721e-06 1.669468404123860371e-06 6.216153601818044323e-07 1.508514864620889724e-07 2.331093002783907150e-08 2.693096831903226245e-09 6.770361029715507746e-04 1.247795273204266612e-03 1.895845087528671112e-03 9.503893437976329572e-01 1.970321869572646406e-02 1.138458757864300791e-03 5.216187218378592937e-04 1.984357979938414771e-04 3.161585811469095979e-04 2.721769330289062019e-04 1.511251509731733895e-04 5.627043609969935675e-05 1.365551669609162732e-05 2.110173400754515986e-06 2.437869829110910832e-07 7.479167928591614421e-06 1.378430241435694050e-05 2.094326094869747073e-05 1.049888103250111622e-02 2.176600047062723995e-04 1.257646998804244966e-05 5.762283574243307462e-06 2.192105634730659565e-06 3.492580543466759691e-06 3.006718518373844758e-06 1.669468404123818866e-06 6.216153601817888680e-07 1.508514864620852137e-07 2.331093002783848917e-08 2.693096831903159243e-09 6.378138183372860822e-07 1.175507575168517483e-06 1.786014348341862166e-06 8.953310667099055814e-04 1.856176516244653664e-05 1.072505179835979321e-06 4.914001295224867788e-07 1.869399481914729111e-07 2.978427752321540821e-07 2.564090868368257478e-07 1.423701175844811336e-07 5.301055815299944420e-08 1.286442068166746609e-08 1.987926121194705503e-09 2.296638329167262747e-10
2.411431379794604057e-07 6.288563681642972218e-07 1.244494666998892012e-06 1.672131776177953273e-06 8.989753181611363168e-04 1.448367219301908805e-05 8.164454552091249824e-07 3.104207321969236770e-07 5.373685804304705985e-07 5.293811438010561676e-07 3.500109515094951924e-07 1.596822189024209711e-07 4.833230663833293998e-08 9.259711691069651185e-09 1.210016337807223767e-09 2.827706098431094388e-06 7.374130577362207069e-06 1.459326269378430485e-05 1.960784478669906408e-05 1.054161445688659403e-02 1.698392437414717739e-04 9.573848180278041528e-06 3.640072883133221010e-06 6.301321384139606897e-06 6.207658659763220672e-06 4.104317918370004128e-06 1.872474531039090262e-06 5.667569866495503386e-07 1.085817470816091706e-07 1.418896098926182717e-08 2.559722064685791940e-04 6.675278154692634120e-04 1.321024718012997869e-03 1.774959320181659396e-03 9.542576980569074108e-01 1.537434388587281472e-02 8.666526710327704559e-04 3.295100180740224028e-04 5.704139971480001042e-04 5.619353740563768620e-04 3.715348331980466599e-04 1.695018578954250168e-04 5.130449606649729617e-05 9.829136556346397183e-06 1.284426148082747413e-06 2.827706098431023661e-06 7.374130577362024110e-06 1.459326269378394232e-05 1.960784478669857619e-05 1.054161445688633209e-02 1.698392437414675455e-04 9.573848180277802665e-06 3.640072883133130378e-06 6.301321384139450196e-06 6.207658659763066512e-06 4.104317918369901637e-06 1.872474531039043675e-06 5.667569866495361508e-07 1.085817470816064574e-07 1.418896098926147314e-08 2.411431379794601939e-07 6.288563681642966924e-07 1.244494666998890953e-06 1.672131776177951791e-06 8.989753181611355578e-04 1.448367219301907450e-05 8.164454552091242413e-07 3.104207321969233594e-07 5.373685804304700691e-07 5.293811438010556382e-07 3.500109515094948748e-07 1.596822189024208388e-07 4.833230663833289366e-08 9.259711691069642914e-09 1.210016337807222733e-09
9.148330412425011521e-08 3.149896671222944051e-07 7.791420756221565362e-07 1.283531272577390611e-06 1.508905104936407157e-06 9.023933730862043236e-04 1.046155126064290959e-05 4.360973669699989650e-07 7.531242497928262445e-07 8.333228487461144853e-07 6.405015140798864674e-07 3.485311051295114928e-07 1.282706045662111814e-07 3.015478023720741819e-08 4.749179441227939197e-09 1.072756617270206040e-06 3.693649382386150752e-06 9.136419212429305219e-06 1.505101591281130477e-05 1.769380710118283474e-05 1.058169544296553612e-02 1.226748251956858425e-04 5.113789239135819714e-06 8.831327533760920481e-06 9.771756812595131929e-06 7.510684536137663773e-06 4.086964861308195811e-06 1.504133909098475205e-06 3.536026639118535349e-07 5.569009253602594154e-08 9.710905899265088754e-05 3.343599191073171116e-04 8.270553245703362536e-04 1.362461874992447345e-03 1.601695044273552474e-03 9.578859458616405531e-01 1.110488310680854580e-02 4.629151225027038313e-04 7.994375356469121978e-04 8.845679378709656255e-04 6.798890782430596367e-04 3.699639838415485485e-04 1.361585900846505961e-04 3.200914484885962317e-05 5.041229664141945083e-06 1.072756617270179359e-06 3.693649382386058849e-06 9.136419212429076520e-06 1.505101591281092869e-05 1.769380710118239429e-05 1.058169544296527244e-02 1.226748251956827796e-04 5.113789239135692659e-06 8.831327533760700252e-06 9.771756812594889678e-06 7.510684536137476579e-06 4.086964861308094167e-06 1.504133909098437724e-06 3.536026639118446940e-07 5.569009253602455188e-08 9.148330412425002256e-08 3.149896671222941404e-07 7.791420756221557951e-07 1.283531272577389340e-06 1.508905104936405674e-06 9.023933730862034562e-04 1.046155126064289943e-05 4.360973669699985415e-07 7.531242497928255033e-07 8.333228487461137441e-07 6.405015140798858321e-07 3.485311051295111752e-07 1.282706045662110755e-07 3.015478023720739172e-08 4.749179441227935061e-09
3.963713808078530791e-08 1.673132302425238743e-07 4.908767310409599846e-07 9.455267271055054273e-07 1.277718463677301328e-06 1.279205034105771985e-06 9.056323951975383960e-04 6.400720873987064634e-06 8.811031940887868017e-07 1.067157400759882971e-06 9.221410333212541983e-07 5.756652645566991084e-07 2.469918495015334497e-07 6.845302209465862977e-08 1.282226009166196562e-08 4.647952167104115522e-07 1.961957721331835604e-06 5.756146069811330480e-06 1.108748818178505845e-05 1.498285342926098492e-05 1.500028533423475236e-05 1.061967704449032386e-02 7.505648969065856820e-05 1.033204135995026522e-05 1.251376056312091282e-05 1.081326155653726894e-05 6.750398095012670939e-06 2.896289585307419100e-06 8.026976411395613574e-07 1.503571006028396945e-07 4.207461915628947513e-05 1.776021373671106721e-04 5.210631370291791227e-04 1.003671780338304207e-03 1.356291608102817587e-03 1.357869595002361880e-03 9.613241512511272457e-01 6.794332440193734911e-03 9.352865298478033442e-04 1.132782117752187487e-03 9.788479861059210148e-04 6.110657312937832790e-04 2.621805838076464185e-04 7.266253251836107547e-05 1.361076344563567752e-05 4.647952167103999584e-07 1.961957721331786477e-06 5.756146069811187331e-06 1.108748818178478063e-05 1.498285342926061223e-05 1.500028533423437797e-05 1.061967704449005845e-02 7.505648969065669795e-05 1.033204135995000773e-05 1.251376056312060111e-05 1.081326155653699959e-05 6.750398095012502379e-06 2.896289585307346679e-06 8.026976411395413462e-07 1.503571006028359357e-07 3.963713808078527483e-08 1.673132302425237155e-07 4.908767310409594552e-07 9.455267271055045802e-07 1.277718463677300057e-06 1.279205034105770714e-06 9.056323951975376371e-04 6.400720873987058704e-06 8.811031940887859547e-07 1.067157400759881913e-06 9.221410333212533512e-07 5.756652645566984731e-07 2.469918495015331850e-07 6.845302209465856360e-08 1.282226009166195239e-08
2.284490321820368367e-08 1.087208317420075788e-07 3.539264050887702993e-07 7.501157376053017520e-07 1.103833556688775310e-06 1.188320356018032971e-06 9.278642595620698774e-07 9.110964753203464701e-04 9.278642595620696657e-07 1.188320356018030853e-06 1.103833556688776157e-06 7.501157376053025990e-07 3.539264050887700346e-07 1.087208317420073406e-07 2.284490321820365389e-08 2.678851767852707684e-07 1.274888273907928460e-06 4.150231528257518031e-06 8.796048950546200775e-06 1.294383454596827884e-05 1.393454835894277269e-05 1.088037357091784796e-05 1.068375024522513414e-02 1.088037357091784458e-05 1.393454835894274897e-05 1.294383454596828731e-05 8.796048950546209245e-06 4.150231528257515490e-06 1.274888273907925707e-06 2.678851767852703979e-07 2.424974781502106614e-05 1.154066063139280729e-04 3.756910671278618544e-04 7.962440153614880030e-04 1.171713669512552611e-03 1.261395974482890005e-03 9.849231614613368838e-04 9.671242443289381763e-01 9.849231614613366669e-04 1.261395974482887837e-03 1.171713669512553478e-03 7.962440153614888704e-04 3.756910671278615834e-04 1.154066063139278289e-04 2.424974781502103226e-05 2.678851767852640981e-07 1.274888273907896696e-06 4.150231528257414693e-06 8.796048950545980546e-06 1.294383454596795697e-05 1.393454835894242541e-05 1.088037357091757522e-05 1.068375024522486873e-02 1.088037357091757353e-05 1.393454835894240169e-05 1.294383454596796544e-05 8.796048950545990710e-06 4.150231528257412152e-06 1.274888273907893944e-06 2.678851767852637275e-07 2.284490321820366382e-08 1.087208317420074729e-07 3.539264050887699287e-07 7.501157376053010108e-07 1.103833556688774251e-06 1.188320356018031700e-06 9.278642595620690304e-07 9.110964753203456027e-04 9.278642595620688186e-07 1.188320356018029795e-06 1.103833556688775098e-06 7.501157376053018579e-07 3.539264050887697169e-07 1.087208317420072347e-07 2.284490321820363073e-08
1.282226009166150406e-08 6.845302209465859007e-08 2.469918495015348790e-07 5.756652645566975202e-07 9.221410333212541983e-07 1.067157400759883607e-06 8.811031940887868017e-07 6.400720873987063787e-06 9.056323951975383960e-04 1.279205034105770714e-06 1.277718463677301116e-06 9.455267271055083919e-07 4.908767310409582905e-07 1.673132302425235831e-07 3.963713808078569173e-08 1.503571006028342682e-07 8.026976411395608280e-07 2.896289585307436041e-06 6.750398095012653151e-06 1.081326155653726894e-05 1.251376056312091960e-05 1.033204135995026522e-05 7.505648969065855465e-05 1.061967704449032386e-02 1.500028533423473881e-05 1.498285342926098323e-05 1.108748818178509234e-05 5.756146069811310998e-06 1.961957721331832216e-06 4.647952167104159991e-07 1.361076344563518624e-05 7.266253251836103481e-05 2.621805838076479364e-04 6.110657312937816527e-04 9.788479861059210148e-04 1.132782117752188138e-03 9.352865298478033442e-04 6.794332440193734043e-03 9.613241512511272457e-01 1.357869595002360579e-03 1.356291608102817370e-03 1.003671780338307460e-03 5.210631370291772795e-04 1.776021373671103740e-04 4.207461915628987493e-05 1.503571006028305359e-07 8.026976411395409227e-07 2.896289585307364043e-06 6.750398095012485438e-06 1.081326155653699959e-05 1.251376056312060789e-05 1.033204135995000773e-05 7.505648969065668440e-05 1.061967704449005845e-02 1.500028533423436442e-05 1.498285342926060884e-05 1.108748818178481620e-05 5.756146069811167002e-06 1.961957721331783088e-06 4.647952167104044583e-07 1.282226009166149082e-08 6.845302209465852389e-08 2.469918495015346673e-07 5.756652645566969908e-07 9.221410333212533512e-07 1.067157400759882548e-06 8.811031940887859547e-07 6.400720873987057857e-06 9.056323951975376371e-04 1.279205034105769656e-06 1.277718463677299845e-06 9.455267271055075448e-07 4.908767310409577611e-07 1.673132302425234243e-07 3.963713808078565202e-08
4.749179441228059965e-09 3.015478023720723290e-08 1.282706045662112078e-07 3.485311051295110693e-07 6.405015140798862556e-07 8.333228487461154382e-07 7.531242497928256092e-07 4.360973669700000238e-07 1.046155126064290959e-05 9.023933730862043236e-04 1.508905104936407792e-06 1.283531272577392305e-06 7.791420756221564303e-07 3.149896671222938757e-07 9.148330412425045931e-08 5.569009253602734444e-08 3.536026639118513115e-07 1.504133909098475417e-06 4.086964861308190729e-06 7.510684536137661232e-06 9.771756812595143788e-06 8.831327533760913704e-06 5.113789239135832420e-06 1.226748251956858425e-04 1.058169544296553612e-02 1.769380710118284152e-05 1.505101591281132510e-05 9.136419212429303525e-06 3.693649382386144400e-06 1.072756617270210276e-06 5.041229664142072138e-06 3.200914484885941988e-05 1.361585900846506232e-04 3.699639838415480606e-04 6.798890782430594198e-04 8.845679378709667097e-04 7.994375356469115472e-04 4.629151225027049697e-04 1.110488310680854580e-02 9.578859458616405531e-01 1.601695044273553125e-03 1.362461874992449296e-03 8.270553245703361452e-04 3.343599191073165153e-04 9.710905899265125346e-05 5.569009253602596140e-08 3.536026639118425235e-07 1.504133909098437936e-06 4.086964861308088238e-06 7.510684536137474038e-06 9.771756812594899842e-06 8.831327533760693476e-06 5.113789239135704518e-06 1.226748251956827796e-04 1.058169544296527244e-02 1.769380710118240106e-05 1.505101591281095071e-05 9.136419212429076520e-06 3.693649382386052496e-06 1.072756617270183382e-06 4.749179441228055002e-09 3.015478023720720643e-08 1.282706045662111020e-07 3.485311051295106987e-07 6.405015140798856203e-07 8.333228487461146971e-07 7.531242497928249739e-07 4.360973669699996003e-07 1.046155126064289943e-05 9.023933730862034562e-04 1.508905104936406310e-06 1.283531272577391246e-06 7.791420756221556892e-07 3.149896671222935581e-07 9.148330412425036667e-08
1.210016337807448554e-09 9.259711691069947316e-09 4.833230663833223191e-08 1.596822189024214740e-07 3.500109515094952983e-07 5.293811438010577558e-07 5.373685804304710221e-07 3.104207321969242064e-07 8.164454552091249824e-07 1.448367219301910838e-05 8.989753181611363168e-04 1.672131776177955814e-06 1.244494666998889895e-06 6.288563681642958454e-07 2.411431379794595586e-07 1.418896098926446091e-08 1.085817470816126381e-07 5.667569866495420800e-07 1.872474531039096192e-06 4.104317918370004975e-06 6.207658659763239307e-06 6.301321384139611979e-06 3.640072883133227363e-06 9.573848180278041528e-06 1.698392437414720179e-04 1.054161445688659403e-02 1.960784478669909457e-05 1.459326269378427944e-05 7.374130577362190976e-06 2.827706098431084224e-06 1.284426148082985853e-06 9.829136556346710585e-06 5.130449606649654400e-05 1.695018578954255589e-04 3.715348331980467683e-04 5.619353740563784883e-04 5.704139971480005379e-04 3.295100180740229991e-04 8.666526710327704559e-04 1.537434388587283554e-02 9.542576980569074108e-01 1.774959320181661998e-03 1.321024718012995484e-03 6.675278154692618942e-04 2.559722064685783266e-04 1.418896098926410853e-08 1.085817470816099382e-07 5.667569866495278922e-07 1.872474531039049393e-06 4.104317918369902484e-06 6.207658659763085147e-06 6.301321384139454431e-06 3.640072883133136731e-06 9.573848180277802665e-06 1.698392437414677624e-04 1.054161445688633209e-02 1.960784478669860329e-05 1.459326269378391691e-05 7.374130577362007170e-06 2.827706098431013920e-06 1.210016337807447313e-09 9.259711691069939044e-09 4.833230663833219221e-08 1.596822189024213152e-07 3.500109515094949806e-07 5.293811438010572264e-07 5.373685804304704927e-07 3.104207321969239417e-07 8.164454552091242413e-07 1.448367219301909313e-05 8.989753181611355578e-04 1.672131776177954120e-06 1.244494666998888624e-06 6.288563681642953160e-07 2.411431379794593469e-07
2.296638329168230290e-10 1.987926121194801042e-09 1.286442068166688872e-08 5.301055815299978831e-08 1.423701175844807895e-07 2.564090868368262772e-07 2.978427752321547174e-07 1.869399481914715612e-07 4.914001295224867788e-07 1.072505179835977627e-06 1.856176516244649599e-05 8.953310667099064488e-04 1.786014348341863437e-06 1.175507575168520236e-06 6.378138183372880940e-07 2.693096831904358242e-09 2.331093002784017331e-08 1.508514864620820373e-07 6.216153601818078204e-07 1.669468404123854865e-06 3.006718518373923109e-06 3.492580543466850747e-06 2.192105634730696411e-06 5.762283574243445528e-06 1.257646998804273257e-05 2.176600047062771429e-04 1.049888103250137643e-02 2.094326094869798912e-05 1.378430241435730303e-05 7.479167928591817709e-06 2.437869829111935741e-07 2.110173400754615512e-06 1.365551669609100052e-05 5.627043609969966845e-05 1.511251509731729016e-04 2.721769330289065271e-04 3.161585811469099774e-04 1.984357979938398779e-04 5.216187218378587516e-04 1.138458757864298189e-03 1.970321869572640161e-02 9.503893437976329572e-01 1.895845087528670678e-03 1.247795273204268130e-03 6.770361029715522925e-04 2.693096831904291240e-09 2.331093002783959097e-08 1.508514864620782786e-07 6.216153601817923621e-07 1.669468404123813361e-06 3.006718518373848146e-06 3.492580543466763503e-06 2.192105634730641777e-06 5.762283574243301532e-06 1.257646998804241917e-05 2.176600047062717219e-04 1.049888103250111622e-02 2.094326094869746735e-05 1.378430241435695913e-05 7.479167928591631362e-06 2.296638329168227963e-10 1.987926121194799388e-09 1.286442068166687549e-08 5.301055815299973537e-08 1.423701175844806571e-07 2.564090868368260655e-07 2.978427752321544527e-07 1.869399481914713759e-07 4.914001295224863553e-07 1.072505179835976568e-06 1.856176516244647905e-05 8.953310667099055814e-04 1.786014348341861743e-06 1.175507575168518965e-06 6.378138183372875646e-07
3.768400906426341634e-11 3.099868590346265139e-10 2.368877898079162070e-09 1.219526039323766744e-08 4.073723899128346470e-08 8.882234055137437852e-08 1.196822866488716848e-07 8.236078255865873619e-08 2.389072389422824370e-07 5.416205643283913746e-07 1.247764133637689345e-06 2.262441470647125986e-05 8.916019537916388803e-04 1.863949033502057972e-06 1.542603493762706292e-06 4.418923264299006766e-10 3.634985175486828246e-09 2.777806797640507089e-08 1.430047418096159708e-07 4.776952812926772304e-07 1.041553477982184485e-06 1.403425097089093112e-06 9.657835966807124474e-07 2.801487374581515572e-06 6.351181234597410400e-06 1.463160129562306722e-05 2.652996721157873782e-04 1.045515250085383117e-02 2.185714299549112720e-05 1.808896302554318102e-05 4.000138270400652198e-08 3.290494639333934182e-07 2.514551761691104197e-06 1.294520647559047603e-05 4.324237064097941210e-05 9.428445978245262389e-05 1.270421345820176571e-04 8.742554905217512801e-05 2.535988110869691337e-04 5.749274562882405147e-04 1.324495240112530522e-03 2.401570038857541237e-02 9.464309095255337700e-01 1.978572356851126830e-03 1.637465711498752984e-03 4.418923264298896648e-10 3.634985175486737670e-09 2.777806797640437606e-08 1.430047418096124238e-07 4.776952812926652661e-07 1.041553477982158650e-06 1.403425097089057960e-06 9.657835966806885188e-07 2.801487374581445692e-06 6.351181234597252005e-06 1.463160129562270300e-05 2.652996721157807646e-04 1.045515250085356923e-02 2.185714299549058171e-05 1.808896302554273040e-05 3.768400906426338403e-11 3.099868590346262037e-10 2.368877898079159589e-09 1.219526039323765586e-08 4.073723899128342499e-08 8.882234055137429911e-08 1.196822866488715789e-07 8.236078255865865678e-08 2.389072389422822253e-07 5.416205643283908452e-07 1.247764133637688074e-06 2.262441470647123953e-05 8.916019537916380130e-04 1.863949033502056278e-06 1.542603493762704810e-06
6.163081200443894192e-12 4.097440329037265231e-11 3.134310957414179474e-10 1.903459707914591351e-09 7.834640234314881101e-09 2.078656157188015588e-08 3.273235386881056294e-08 2.483078427136341569e-08 8.028359811086830494e-08 2.165260414627253964e-07 5.283328953180338591e-07 1.399009166994324219e-06 2.665100154978980305e-05 8.878562313050441471e-04 3.187894495238411869e-06 7.226986611207498536e-11 4.804763305088558370e-10 3.675373175833178163e-09 2.232045526688971228e-08 9.187099477602717516e-08 2.437485363038837425e-07 3.838279514249495957e-07 2.911721258223892765e-07 9.414260006910496881e-07 2.539039729861371283e-06 6.195366630004672531e-06 1.640513923148752799e-05 3.125164590752573424e-04 1.041122920116086328e-02 3.738206602465455691e-05 6.542079143288809431e-09 4.349411933033504129e-08 3.327055035653923336e-07 2.020512735470978800e-06 8.316430500443693438e-06 2.206482869482416832e-05 3.474522606329949562e-05 2.635775038652587754e-05 8.522062839468405333e-05 2.298412845396485403e-04 5.608226636580017008e-04 1.485041068744026842e-03 2.828990170924243139e-02 9.424548442816855776e-01 3.383933686741351712e-03 7.226986611207318882e-11 4.804763305088438429e-10 3.675373175833086760e-09 2.232045526688915641e-08 9.187099477602488553e-08 2.437485363038776545e-07 3.838279514249400136e-07 2.911721258223820238e-07 9.414260006910262888e-07 2.539039729861308179e-06 6.195366630004518371e-06 1.640513923148711803e-05 3.125164590752495361e-04 1.041122920116060481e-02 3.738206602465362179e-05 6.163081200443888537e-12 4.097440329037261354e-11 3.134310957414176372e-10 1.903459707914589696e-09 7.834640234314872829e-09 2.078656157188013603e-08 3.273235386881052985e-08 2.483078427136339253e-08 8.028359811086823877e-08 2.165260414627251847e-07 5.283328953180334356e-07 1.399009166994322948e-06 2.665100154978977933e-05 8.878562313050432798e-04 3.187894495238408905e-06
7.842280163850696755e-13 4.683650800460948212e-12 2.919555985521875434e-11 1.720120657384623436e-10 8.064701685952152337e-10 2.562806508686531204e-09 4.740323640525525738e-09 3.993658286554424315e-09 1.460880913124250488e-08 4.828239907934009382e-08 1.533581302165936941e-07 4.458246106013726914e-07 1.433328327599661690e-06 2.834451231214955640e-05 8.895555028973062533e-04 9.196058254336331687e-12 5.492168693812539162e-11 3.423546004313169727e-10 2.017057467891994482e-09 9.456875418672222490e-09 3.005212445368884255e-08 5.558624715248100660e-08 4.683065828272377658e-08 1.713066314777277980e-07 5.661717578509855349e-07 1.798316649982337718e-06 5.227853385301585394e-06 1.680757448446584102e-05 3.323749993207245046e-04 1.043115529437086374e-02 8.324540246534473013e-10 4.971671347431964924e-09 3.099093732396548458e-08 1.825899271910562444e-07 8.560639553591093099e-07 2.720405989061996301e-06 5.031829277032294029e-06 4.239247826234781076e-06 1.550717610517692865e-05 5.125151944812075545e-05 1.627888701306557610e-04 4.732405418202224119e-04 1.521470682034727117e-03 3.008755471380951049e-02 9.442586123777023666e-01 9.196058254336102273e-12 5.492168693812402160e-11 3.423546004313084424e-10 2.017057467891944438e-09 9.456875418671985916e-09 3.005212445368809478e-08 5.558624715247962356e-08 4.683065828272260529e-08 1.713066314777235099e-07 5.661717578509713471e-07 1.798316649982293037e-06 5.227853385301454951e-06 1.680757448446542428e-05 3.323749993207162105e-04 1.043115529437060353e-02 7.842280163850689687e-13 4.683650800460944173e-12 2.919555985521872849e-11 1.720120657384621885e-10 8.064701685952145099e-10 2.562806508686528723e-09 4.740323640525521602e-09 3.993658286554420179e-09 1.460880913124249165e-08 4.828239907934005412e-08 1.533581302165935617e-07 4.458246106013722679e-07 1.433328327599660420e-06 2.834451231214952930e-05 8.895555028973054943e-04
8.805310650333901751e-04 2.805696050755620254e-05 1.418787377216152990e-06 4.413017714041873205e-07 1.518023296931223498e-07 4.779257971563216831e-08 1.446060444942033836e-08 3.953143084366675213e-09 4.692233604536637274e-09 2.536807132571693653e-09 7.982886218543419563e-10 1.702670231934079758e-10 2.889937427112953782e-11 4.636135703582389194e-12 7.762721139556522783e-13 1.023671339169277168e-02 3.261793646621708028e-04 1.649427296896391839e-05 5.130403608122197632e-06 1.764795136672230928e-06 5.556180357816267709e-07 1.681133909951716808e-07 4.595771161063974070e-08 5.455009196602234367e-08 2.949193796490718386e-08 9.280594575572900239e-09 1.979458517368184809e-09 3.359729410586951746e-10 5.389791947972575829e-11 9.024639175252889604e-12 9.401676231931623828e-01 2.995720074159253024e-02 1.514878928437566295e-03 4.711902328128241067e-04 1.620835892909191893e-04 5.102947285092292911e-05 1.543999144951511989e-05 4.220881335550117677e-06 5.010028936658820779e-06 2.708619862535967767e-06 8.523550684750475692e-07 1.817988585080199612e-07 3.085666945688869824e-08 4.950131640242275837e-09 8.288474277748985395e-10 1.469625028945750235e-02 4.682766234543181199e-04 2.367986233660122295e-05 7.365420191610121119e-06 2.533613089060378331e-06 7.976682951590648244e-07 2.413505562321817157e-07 6.597879677951808107e-08 7.831437436708588380e-08 4.233984925329224803e-08 1.332360646418832151e-08 2.841792741061669536e-09 4.823366878954155868e-10 7.737808849839190946e-11 1.295614627632238609e-11 9.189160328922534645e-04 2.928004685858585327e-05 1.480636538518528838e-06 4.605394280685400097e-07 1.584198447105511919e-07 4.987600040245044931e-08 1.509098520377758283e-08 4.125472348217404012e-09 4.896782022245882654e-09 2.647394100044791375e-09 8.330883970227663250e-10 1.776894691152397588e-10 3.015918394348505259e-11 4.838238646951672855e-12 8.101121240668114091e-13
3.155553673676055422e-06 8.788490323552240920e-04 2.638063021633878927e-05 1.384816380532475807e-06 5.229730190992613260e-07 2.143294097733773852e-07 7.946913027802038368e-08 2.457887883203002052e-08 3.240028791826984860e-08 2.057568430486369167e-08 7.755158713769106126e-09 1.884149328962145652e-09 3.102513734651336096e-10 4.055872270039955026e-11 6.100557453127456553e-12 3.668524579345769539e-05 1.021715873073234838e-02 3.066909974455583649e-04 1.609933930848282999e-05 6.079881926601192530e-06 2.491710771359941999e-06 9.238773536199319444e-07 2.857445331393216157e-07 3.766732082474310699e-07 2.392049428248778525e-07 9.015847391702493500e-08 2.190439092231726278e-08 3.606862398910565529e-09 4.715200136651505274e-10 7.092272000063150609e-11 3.369272834372934004e-03 9.383716699009241324e-01 2.816733604724376908e-02 1.478607146012281531e-03 5.583929061515393319e-04 2.288454999136099472e-04 8.485141103781613375e-05 2.624355574710600137e-05 3.459469278547120329e-05 2.196923308746976864e-05 8.280399664415654317e-06 2.011758888125269290e-06 3.312640609358488253e-07 4.330568157699151653e-08 6.513735663196252760e-09 5.266686029799739143e-05 1.466817680719774940e-02 4.402983152425617554e-04 2.311287919464163841e-05 8.728530643066564757e-06 3.577203321386292665e-06 1.326356644563137337e-06 4.102267023776890156e-07 5.407676794223305636e-07 3.434125363988976367e-07 1.294352442723826404e-07 3.144685204273976986e-08 5.178161246268646386e-09 6.769336868349675653e-10 1.018195981909811830e-10 3.293113643052468515e-06 9.171606754072146204e-04 2.753064034450198065e-05 1.445184645058328425e-06 5.457709683441487059e-07 2.236726661695026747e-07 8.293342601116179223e-08 2.565034525887163426e-08 3.381271282835923965e-08 2.147263957660797818e-08 8.093229146249670137e-09 1.966285001745896927e-09 3.237761535342794614e-10 4.232679804614825512e-11 6.366498895807354039e-12
1.526953959435980047e-06 1.845039485778999573e-06 8.825567549196941921e-04 2.239489263161355905e-05 1.235105710575651217e-06 5.361258862417736195e-07 2.364835525887581538e-07 8.152524192943090732e-08 1.184681236699947186e-07 8.792124816239613111e-08 4.032396440546297162e-08 1.207154088468017638e-08 2.344845905327214950e-09 3.068420781427050130e-10 3.730170914327531496e-11 1.775177579278689391e-05 2.144971502119532916e-05 1.026026327835776776e-02 2.603543547880017334e-04 1.435886099842092460e-05 6.232792069767811428e-06 2.749266261955929611e-06 9.477809119526655293e-07 1.377264557969187803e-06 1.022138405127381477e-06 4.687908045809746137e-07 1.403390625722971326e-07 2.726027102701803585e-08 3.567227250908130004e-09 4.336552345322595564e-10 1.630371410818850977e-03 1.970000215695510894e-03 9.423305088894899928e-01 2.391165265285872393e-02 1.318756880269951904e-03 5.724365899358045857e-04 2.525000972603016038e-04 8.704677890283642780e-05 1.264917260480173677e-04 9.387597348411737795e-05 4.305502358553606488e-05 1.288912152281472956e-05 2.503657496152176069e-06 3.276238610526911616e-07 3.982807718992394337e-08 2.548518554254340364e-05 3.079410046244299468e-05 1.473005948343161613e-02 3.737755093367886930e-04 2.061417635034797628e-05 8.948054786196043262e-06 3.946960665212516759e-06 1.360673584251180049e-06 1.977258118327291427e-06 1.467424285260261275e-06 6.730155210860018283e-07 2.014765784713703437e-07 3.913597564396159165e-08 5.121259384018973104e-09 6.225734395564244713e-10 1.593518423748992789e-06 1.925470244184184437e-06 9.210300286251829355e-04 2.337115260471806411e-05 1.288947641752658631e-06 5.594972080825478447e-07 2.467925739574989257e-07 8.507916968441430247e-08 1.236325015096342033e-07 9.175399685104886377e-08 4.208180593895498095e-08 1.259777525308128752e-08 2.447064712004477535e-09 3.202182368893676857e-10 3.892780158158240916e-11
6.313432707957507577e-07 1.163582186549011958e-06 1.767895439000987766e-06 8.862480364179898965e-04 1.837345819811715876e-05 1.061624738623898510e-06 4.864149319482466805e-07 1.850434640021864703e-07 2.948211946679911784e-07 2.538078462572715828e-07 1.409257891804245058e-07 5.247277216142828310e-08 1.273391261924881745e-08 1.967758840232084172e-09 2.273339198500371886e-10 7.339752532938633402e-06 1.352735618808604602e-05 2.055286818852633906e-05 1.030317668851062594e-02 2.136027143815090999e-04 1.234203835660414409e-05 5.654871753565137185e-06 2.151243699646838890e-06 3.427477111779404023e-06 2.950671795548733610e-06 1.638348685952856106e-06 6.100281418961267619e-07 1.480395400168725189e-07 2.287640274299892627e-08 2.642896172693964034e-09 6.741028521242798744e-04 1.242389215054217049e-03 1.887631361281458600e-03 9.462717932922816155e-01 1.961785473554835540e-02 1.133526398863899526e-03 5.193588149421001681e-04 1.975760772639725436e-04 3.147888278620392111e-04 2.709977297103378165e-04 1.504704030576776346e-04 5.602664510592323831e-05 1.359635433275098778e-05 2.101031099644597291e-06 2.427307787130593542e-07 1.053725313578488851e-05 1.942043355986544225e-05 2.950654995478624483e-05 1.479166775478288343e-02 3.066569154515579694e-04 1.771874212263605100e-05 8.118368412328300904e-06 3.088414673139588611e-06 4.920628288467450452e-06 4.236106802073551138e-06 2.352081320329458441e-06 8.757817000321112808e-07 2.125317032505440291e-07 3.284231252448397626e-08 3.794251353611161002e-09 6.588654016094837379e-07 1.214306194599921656e-06 1.844963258977686123e-06 9.248822240620058460e-04 1.917441188436120881e-05 1.107904118294287751e-06 5.076192054490307107e-07 1.931100589245897046e-07 3.076733273534103094e-07 2.648720851101543667e-07 1.470691634496450981e-07 5.476021635603543464e-08 1.328902174147939307e-08 2.053539300270070859e-09 2.372440815163291078e-10
2.386967686883734212e-07 6.224766929204897790e-07 1.231869412298395748e-06 1.655168192382171178e-06 8.898553173590324425e-04 1.433673701098546067e-05 8.081627103373167782e-07 3.072715497116730907e-07 5.319170382295389572e-07 5.240106332224565922e-07 3.464601308206232956e-07 1.580622612294442549e-07 4.784198096820134067e-08 9.165772985141053154e-09 1.197740861775319378e-09 2.774996255803202990e-06 7.236673129975457472e-06 1.432123704711486150e-05 1.924234484540302285e-05 1.034511354069353982e-02 1.666733560933105949e-04 9.395386906949186403e-06 3.572220121161083548e-06 6.183861631624998123e-06 6.091944826835063357e-06 4.027811398936407472e-06 1.837570678085430612e-06 5.561923556254383012e-07 1.065577295204812221e-07 1.392447172667112128e-08 2.548632099347070720e-04 6.646357591642772407e-04 1.315301394166056405e-03 1.767269330080772742e-03 9.501233879528303561e-01 1.530773472421727115e-02 8.628979086642069767e-04 3.280824198477864679e-04 5.679426853034974260e-04 5.595007957453711732e-04 3.699251629611337430e-04 1.687674931162004663e-04 5.108221994873141146e-05 9.786551939358762361e-06 1.278861387103850217e-06 3.983899711472480480e-06 1.038926806990778712e-05 2.056016184548541137e-05 2.762510829243137187e-05 1.485187403901198043e-02 2.392831824049063572e-04 1.348840709586227987e-05 5.128427355622020463e-06 8.877808219919882231e-06 8.745848642923587180e-06 5.782493088605557861e-06 2.638092674512785374e-06 7.984928125454465834e-07 1.529786957384325651e-07 1.999054909651952872e-08 2.491022707290882708e-07 6.496123032350883245e-07 1.285570263608619263e-06 1.727321896423485326e-06 9.286467571074640557e-04 1.496171801531468975e-05 8.433929263886419136e-07 3.206664304012923861e-07 5.551048838681802025e-07 5.468538151528792545e-07 3.615633583091649823e-07 1.649526652798242532e-07 4.992755520254038346e-08 9.565336288933107194e-09 1.249953948068588720e-09
9.055521656707567594e-08 3.117941333197803207e-07 7.712377692290044857e-07 1.270509996020682002e-06 1.493597436873320188e-06 8.932386965115530521e-04 1.035542003105200647e-05 4.316732095362918636e-07 7.454838912385512739e-07 8.248688846656302823e-07 6.340037001753780271e-07 3.449952973112933087e-07 1.269693140937173443e-07 2.984886347353793565e-08 4.700999564163094045e-09 1.052759902439865401e-06 3.624797927924103420e-06 8.966111831780096850e-06 1.477045751935084447e-05 1.736398577063187382e-05 1.038444739733432494e-02 1.203881056762646682e-04 5.018465674152667626e-06 8.666707213156110901e-06 9.589606424308424242e-06 7.370681655305315200e-06 4.010781811455595283e-06 1.476096107827740398e-06 3.470113350683297314e-07 5.465200162016473680e-08 9.668833515190196543e-05 3.329113087426550563e-04 8.234721172334037633e-04 1.356559025156736523e-03 1.594755719583089947e-03 9.537359164171906878e-01 1.105677133309526140e-02 4.609095482514403009e-04 7.959739820513441659e-04 8.807355578223381287e-04 6.769434669144264475e-04 3.683611192907514228e-04 1.355686846158342656e-04 3.187046561028394876e-05 5.019388596702956340e-06 1.511385776758832796e-06 5.203910235555645376e-06 1.287212199474474178e-05 2.120508138582203974e-05 2.492845810403083361e-05 1.490834335488749884e-02 1.728341573309865014e-04 7.204717451232923593e-06 1.244228430712437600e-05 1.376723668979477322e-05 1.058165626656931563e-05 5.758044706554798891e-06 2.119144790117376976e-06 4.981838641278657303e-07 7.846068009304321504e-08 9.450278777201412847e-08 3.253861668792187627e-07 8.048583172811895324e-07 1.325895305293977286e-06 1.558707791164214906e-06 9.321776278195458790e-04 1.080684358763247384e-05 4.504911285531008892e-07 7.779817511560852836e-07 8.608273725407468483e-07 6.616418070179905341e-07 3.600346683506907721e-07 1.325042841068019652e-07 3.115006420404470967e-08 4.905930116122766191e-09
3.923502389167798032e-08 1.656158568406204042e-07 4.858968432838799816e-07 9.359344676347428746e-07 1.264756157395705034e-06 1.266227646738826567e-06 8.964448591175630445e-04 6.335786299782946361e-06 8.721645039217829417e-07 1.056331212149044221e-06 9.127860190136919381e-07 5.698252069172529198e-07 2.444861457073794815e-07 6.775857408947121141e-08 1.269217974356081483e-08 4.561312035937034634e-07 1.925385857377743730e-06 5.648848655256384188e-06 1.088081190891329429e-05 1.470356561826419014e-05 1.472067258389281731e-05 1.042172100298916111e-02 7.365739953698538110e-05 1.013944699011458519e-05 1.228049786643147104e-05 1.061169700382242136e-05 6.624567330117707863e-06 2.842301312505285198e-06 7.877349594217827719e-07 1.475543697549771823e-07 4.189233137023624812e-05 1.768326782236134234e-04 5.188056371979822079e-04 9.993233843116555108e-04 1.350415490874869390e-03 1.351986641164977781e-03 9.571592258228035499e-01 6.764896075870818586e-03 9.312344121038956812e-04 1.127874352727418084e-03 9.746071388719364671e-04 6.084182962955774843e-04 2.610446895529435971e-04 7.234772296221058199e-05 1.355179497521927447e-05 6.548408728805942912e-07 2.764163787839130735e-06 8.109721402601988822e-06 1.562094483329643624e-05 2.110904859843298729e-05 2.113360806776183172e-05 1.496185488900337278e-02 1.057456175479682184e-04 1.455661060944966644e-05 1.763039204269267087e-05 1.523459231462100101e-05 9.510503597939844108e-06 4.080525642197729457e-06 1.130904977256944053e-06 2.118351727012369041e-07 4.094539526962213841e-08 1.728355445883823182e-07 5.070785317589681262e-07 9.767346345848999273e-07 1.319890639731195141e-06 1.321426275671050505e-06 9.355235565888055972e-04 6.611982067468408192e-06 9.101847484993091203e-07 1.102379831257238425e-06 9.525770762440596843e-07 5.946655823693779179e-07 2.551440239101879643e-07 7.071237185069854915e-08 1.324546960562493533e-08
2.261314431285333792e-08 1.076178714574908591e-07 3.503358625754364618e-07 7.425059000597898318e-07 1.092635292710868844e-06 1.176264983216242214e-06 9.184511837851297929e-07 9.018535067784378854e-04 9.184511837851295811e-07 1.176264983216240308e-06 1.092635292710869691e-06 7.425059000597906789e-07 3.503358625754362501e-07 1.076178714574906208e-07 2.261314431285330814e-08 2.628916643694893188e-07 1.251123724854151258e-06 4.072869156388270510e-06 8.632086240210864583e-06 1.270255505716355620e-05 1.367480147382690625e-05 1.067755801700510223e-05 1.048459984751797490e-02 1.067755801700510053e-05 1.367480147382688423e-05 1.270255505716356467e-05 8.632086240210873053e-06 4.072869156388267121e-06 1.251123724854148505e-06 2.628916643694890011e-07 2.414468607161872731e-05 1.149066085674781904e-04 3.740633900569816138e-04 7.927942976544965223e-04 1.166637234003763948e-03 1.255930991456642850e-03 9.806559936025283607e-04 9.629341900664798448e-01 9.806559936025281438e-04 1.255930991456640899e-03 1.166637234003764815e-03 7.927942976544973897e-04 3.740633900569813428e-04 1.149066085674779329e-04 2.414468607161869343e-05 3.774181762011009758e-07 1.796165106903952401e-06 5.847179873871189316e-06 1.239258100253828018e-05 1.823631484956714634e-05 1.963211212703200184e-05 1.532914511658138487e-05 1.505212636596562140e-02 1.532914511658138148e-05 1.963211212703196796e-05 1.823631484956715989e-05 1.239258100253829373e-05 5.847179873871185080e-06 1.796165106903948378e-06 3.774181762011004464e-07 2.359891852583218275e-08 1.123092545341099904e-07 3.656080447377493401e-07 7.748739404851785678e-07 1.140266514660517973e-06 1.227541872093013065e-06 9.584892023963076766e-07 9.411679832867491389e-04 9.584892023963074649e-07 1.227541872093010948e-06 1.140266514660518820e-06 7.748739404851794148e-07 3.656080447377490754e-07 1.123092545341097522e-07 2.359891852583214966e-08
1.269217974356035822e-08 6.775857408947117170e-08 2.444861457073809109e-07 5.698252069172514375e-07 9.127860190136919381e-07 1.056331212149044856e-06 8.721645039217829417e-07 6.335786299782945514e-06 8.964448591175630445e-04 1.266227646738825508e-06 1.264756157395704822e-06 9.359344676347458393e-07 4.858968432838782875e-07 1.656158568406201395e-07 3.923502389167835752e-08 1.475543697549718884e-07 7.877349594217823484e-07 2.842301312505302139e-06 6.624567330117690923e-06 1.061169700382242136e-05 1.228049786643147782e-05 1.013944699011458519e-05 7.365739953698536755e-05 1.042172100298916111e-02 1.472067258389280376e-05 1.470356561826418675e-05 1.088081190891332817e-05 5.648848655256364706e-06 1.925385857377740342e-06 4.561312035937078574e-07 1.355179497521878658e-05 7.234772296221054133e-05 2.610446895529451149e-04 6.084182962955759664e-04 9.746071388719364671e-04 1.127874352727418735e-03 9.312344121038956812e-04 6.764896075870817718e-03 9.571592258228035499e-01 1.351986641164976480e-03 1.350415490874869173e-03 9.993233843116587634e-04 5.188056371979804732e-04 1.768326782236131524e-04 4.189233137023665469e-05 2.118351727012293073e-07 1.130904977256943418e-06 4.080525642197753174e-06 9.510503597939818697e-06 1.523459231462100101e-05 1.763039204269268103e-05 1.455661060944966644e-05 1.057456175479682049e-04 1.496185488900337278e-02 2.113360806776181140e-05 2.110904859843298391e-05 1.562094483329648368e-05 8.109721402601960023e-06 2.764163787839126077e-06 6.548408728806005381e-07 1.324546960562445887e-08 7.071237185069850944e-08 2.551440239101894995e-07 5.946655823693763297e-07 9.525770762440596843e-07 1.102379831257239060e-06 9.101847484993091203e-07 6.611982067468407345e-06 9.355235565888055972e-04 1.321426275671049235e-06 1.319890639731194929e-06 9.767346345849031037e-07 5.070785317589664321e-07 1.728355445883820270e-07 4.094539526962252884e-08
4.700999564163212332e-09 2.984886347353775036e-08 1.269693140937173708e-07 3.449952973112928852e-07 6.340037001753778153e-07 8.248688846656312352e-07 7.454838912385507445e-07 4.316732095362928695e-07 1.035542003105200647e-05 8.932386965115530521e-04 1.493597436873320824e-06 1.270509996020683696e-06 7.712377692290043798e-07 3.117941333197797914e-07 9.055521656707602005e-08 5.465200162016611984e-08 3.470113350683275609e-07 1.476096107827740610e-06 4.010781811455590201e-06 7.370681655305312659e-06 9.589606424308436101e-06 8.666707213156104125e-06 5.018465674152679484e-06 1.203881056762646682e-04 1.038444739733432494e-02 1.736398577063188060e-05 1.477045751935086480e-05 8.966111831780095156e-06 3.624797927924097067e-06 1.052759902439869424e-06 5.019388596703083395e-06 3.187046561028375225e-05 1.355686846158342927e-04 3.683611192907509349e-04 6.769434669144262307e-04 8.807355578223392129e-04 7.959739820513435154e-04 4.609095482514413851e-04 1.105677133309526140e-02 9.537359164171906878e-01 1.594755719583090597e-03 1.356559025156738475e-03 8.234721172334036549e-04 3.329113087426545142e-04 9.668833515190233135e-05 7.846068009304520028e-08 4.981838641278626598e-07 2.119144790117377399e-06 5.758044706554791268e-06 1.058165626656931224e-05 1.376723668979478847e-05 1.244228430712436752e-05 7.204717451232940534e-06 1.728341573309865014e-04 1.490834335488749884e-02 2.492845810403084038e-05 2.120508138582207023e-05 1.287212199474474008e-05 5.203910235555636059e-06 1.511385776758838513e-06 4.905930116122890268e-09 3.115006420404451114e-08 1.325042841068019652e-07 3.600346683506903486e-07 6.616418070179903224e-07 8.608273725407479071e-07 7.779817511560846484e-07 4.504911285531019480e-07 1.080684358763247384e-05 9.321776278195458790e-04 1.558707791164215541e-06 1.325895305293979192e-06 8.048583172811894265e-07 3.253861668792181804e-07 9.450278777201449905e-08
1.197740861775541682e-09 9.165772985141345976e-09 4.784198096820063922e-08 1.580622612294447579e-07 3.464601308206234015e-07 5.240106332224581804e-07 5.319170382295393807e-07 3.072715497116736201e-07 8.081627103373167782e-07 1.433673701098548100e-05 8.898553173590324425e-04 1.655168192382173507e-06 1.231869412298393630e-06 6.224766929204884026e-07 2.386967686883726272e-07 1.392447172667370704e-08 1.065577295204846234e-07 5.561923556254302544e-07 1.837570678085436541e-06 4.027811398936408319e-06 6.091944826835081992e-06 6.183861631625003205e-06 3.572220121161089477e-06 9.395386906949186403e-06 1.666733560933108117e-04 1.034511354069353982e-02 1.924234484540304996e-05 1.432123704711483609e-05 7.236673129975441379e-06 2.774996255803193249e-06 1.278861387104087809e-06 9.786551939359074069e-06 5.108221994873066607e-05 1.687674931162010084e-04 3.699251629611338514e-04 5.595007957453727995e-04 5.679426853034978597e-04 3.280824198477870642e-04 8.628979086642069767e-04 1.530773472421729196e-02 9.501233879528303561e-01 1.767269330080775127e-03 1.315301394166054020e-03 6.646357591642758312e-04 2.548632099347061504e-04 1.999054909652323780e-08 1.529786957384374355e-07 7.984928125454349367e-07 2.638092674512793845e-06 5.782493088605559555e-06 8.745848642923614285e-06 8.877808219919889007e-06 5.128427355622029781e-06 1.348840709586227987e-05 2.392831824049066825e-04 1.485187403901198043e-02 2.762510829243140914e-05 2.056016184548537749e-05 1.038926806990776341e-05 3.983899711472466080e-06 1.249953948068820744e-09 9.565336288933413251e-09 4.992755520253965554e-08 1.649526652798247561e-07 3.615633583091650882e-07 5.468538151528809485e-07 5.551048838681806260e-07 3.206664304012929684e-07 8.433929263886419136e-07 1.496171801531470838e-05 9.286467571074640557e-04 1.727321896423487867e-06 1.285570263608616934e-06 6.496123032350869480e-07 2.491022707290873708e-07
2.273339198501327280e-10 1.967758840232177230e-09 1.273391261924823180e-08 5.247277216142857426e-08 1.409257891804240294e-07 2.538078462572718475e-07 2.948211946679915490e-07 1.850434640021849616e-07 4.864149319482461511e-07 1.061624738623895969e-06 1.837345819811710116e-05 8.862480364179898965e-04 1.767895439000987343e-06 1.163582186549013652e-06 6.313432707957521342e-07 2.642896172695074938e-09 2.287640274300000492e-08 1.480395400168657161e-07 6.100281418961301501e-07 1.638348685952850812e-06 2.950671795548736998e-06 3.427477111779408258e-06 2.151243699646821103e-06 5.654871753565131256e-06 1.234203835660411360e-05 2.136027143815084222e-04 1.030317668851062594e-02 2.055286818852633567e-05 1.352735618808606465e-05 7.339752532938649496e-06 2.427307787131614217e-07 2.101031099644696394e-06 1.359635433275036436e-05 5.602664510592354324e-05 1.504704030576771196e-04 2.709977297103381417e-04 3.147888278620395905e-04 1.975760772639709444e-04 5.193588149420997344e-04 1.133526398863896707e-03 1.961785473554829642e-02 9.462717932922816155e-01 1.887631361281458166e-03 1.242389215054218784e-03 6.741028521242813923e-04 3.794251353612755806e-09 3.284231252448553136e-08 2.125317032505342883e-07 8.757817000321160454e-07 2.352081320329450394e-06 4.236106802073556221e-06 4.920628288467456381e-06 3.088414673139563623e-06 8.118368412328292433e-06 1.771874212263600695e-05 3.066569154515569936e-04 1.479166775478288343e-02 2.950654995478623805e-05 1.942043355986546935e-05 1.053725313578491222e-05 2.372440815164287830e-10 2.053539300270168053e-09 1.328902174147878261e-08 5.476021635603573904e-08 1.470691634496445951e-07 2.648720851101546843e-07 3.076733273534106270e-07 1.931100589245881164e-07 5.076192054490301813e-07 1.107904118294284998e-06 1.917441188436115121e-05 9.248822240620058460e-04 1.844963258977685911e-06 1.214306194599923350e-06 6.588654016094851143e-07
3.730170914350967203e-11 3.068420781425100052e-10 2.344845905326836101e-09 1.207154088468019458e-08 4.032396440546284589e-08 8.792124816239725607e-08 1.184681236699947715e-07 8.152524192943064262e-08 2.364835525887584449e-07 5.361258862417728784e-07 1.235105710575653122e-06 2.239489263161362003e-05 8.825567549196941921e-04 1.845039485778999573e-06 1.526953959435977929e-06 4.336552345349841342e-10 3.567227250905863115e-09 2.726027102701363194e-08 1.403390625722973179e-07 4.687908045809731314e-07 1.022138405127394394e-06 1.377264557969188438e-06 9.477809119526625647e-07 2.749266261955933422e-06 6.232792069767802110e-06 1.435886099842094662e-05 2.603543547880024381e-04 1.026026327835776776e-02 2.144971502119532916e-05 1.775177579278687019e-05 3.982807719017417543e-08 3.276238610524829503e-07 2.503657496151771611e-06 1.288912152281474819e-05 4.305502358553592258e-05 9.387597348411857057e-05 1.264917260480174219e-04 8.704677890283614319e-05 2.525000972603019291e-04 5.724365899358037184e-04 1.318756880269954072e-03 2.391165265285879332e-02 9.423305088894899928e-01 1.970000215695510894e-03 1.630371410818848808e-03 6.225734395603360016e-10 5.121259384015718976e-09 3.913597564395527199e-08 2.014765784713706084e-07 6.730155210859997107e-07 1.467424285260279910e-06 1.977258118327292274e-06 1.360673584251175602e-06 3.946960665212521841e-06 8.948054786196029710e-06 2.061417635034801016e-05 3.737755093367897772e-04 1.473005948343161613e-02 3.079410046244299468e-05 2.548518554254336976e-05 3.892780158182698321e-11 3.202182368891641476e-10 2.447064712004082143e-09 1.259777525308130407e-08 4.208180593895484198e-08 9.175399685105004167e-08 1.236325015096342563e-07 8.507916968441403777e-08 2.467925739574992433e-07 5.594972080825471035e-07 1.288947641752660748e-06 2.337115260471813187e-05 9.210300286251829355e-04 1.925470244184184437e-06 1.593518423748990460e-06
6.100557453288685686e-12 4.055872270012206348e-11 3.102513734656016387e-10 1.884149328961737852e-09 7.755158713768462579e-09 2.057568430486430048e-08 3.240028791826931258e-08 2.457887883202952752e-08 7.946913027801990723e-08 2.143294097733751617e-07 5.229730190992580438e-07 1.384816380532469454e-06 2.638063021633858937e-05 8.788490323552242004e-04 3.155553673676071939e-06 7.092272000250589735e-11 4.715200136619246264e-10 3.606862398916005896e-09 2.190439092231252469e-08 9.015847391701745728e-08 2.392049428248849464e-07 3.766732082474248231e-07 2.857445331393158453e-07 9.238773536199264387e-07 2.491710771359916165e-06 6.079881926601153566e-06 1.609933930848275545e-05 3.066909974455560338e-04 1.021715873073235012e-02 3.668524579345788512e-05 6.513735663368402280e-09 4.330568157669524028e-08 3.312640609363485218e-07 2.011758888124833915e-06 8.280399664414966527e-06 2.196923308747042255e-05 3.459469278547062731e-05 2.624355574710547282e-05 8.485141103781561876e-05 2.288454999136075620e-04 5.583929061515357541e-04 1.478607146012274592e-03 2.816733604724355744e-02 9.383716699009243545e-01 3.369272834372951785e-03 1.018195981936721307e-10 6.769336868303363879e-10 5.178161246276456626e-09 3.144685204273296713e-08 1.294352442723718937e-07 3.434125363989078011e-07 5.407676794223216698e-07 4.102267023776807570e-07 1.326356644563129290e-06 3.577203321386255819e-06 8.728530643066508853e-06 2.311287919464153338e-05 4.402983152425583944e-04 1.466817680719775287e-02 5.266686029799766926e-05 6.366498895975611784e-12 4.232679804585867082e-11 3.237761535347678599e-10 1.966285001745471756e-09 8.093229146249000121e-09 2.147263957660861345e-08 3.381271282835868378e-08 2.565034525887112141e-08 8.293342601116128931e-08 2.236726661695003718e-07 5.457709683441452119e-07 1.445184645058321861e-06 2.753064034450177397e-05 9.171606754072148373e-04 3.293113643052485879e-06
7.762721137101285734e-13 4.636135703890385533e-12 2.889937427156767859e-11 1.702670231930060177e-10 7.982886218543035958e-10 2.536807132571658911e-09 4.692233604536266697e-09 3.953143084367107829e-09 1.446060444941960216e-08 4.779257971563187714e-08 1.518023296931206028e-07 4.413017714041864205e-07 1.418787377216144943e-06 2.805696050755628046e-05 8.805310650333901751e-04 9.024639172398526801e-12 5.389791948330640990e-11 3.359729410637887977e-10 1.979458517363511652e-09 9.280594575572453561e-09 2.949193796490678020e-08 5.455009196601803571e-08 4.595771161064476996e-08 1.681133909951631046e-07 5.556180357816233828e-07 1.764795136672210600e-06 5.130403608122187468e-06 1.649427296896382352e-05 3.261793646621716702e-04 1.023671339169277168e-02 8.288474275127459782e-10 4.950131640571133071e-09 3.085666945735651189e-08 1.817988585075907802e-07 8.523550684750065940e-07 2.708619862535930921e-06 5.010028936658425214e-06 4.220881335550580157e-06 1.543999144951433385e-05 5.102947285092261740e-05 1.620835892909173190e-04 4.711902328128230767e-04 1.514878928437557839e-03 2.995720074159261351e-02 9.401676231931623828e-01 1.295614627222454303e-11 7.737808850353243630e-11 4.823366879027281736e-10 2.841792741054961101e-09 1.332360646418768127e-08 4.233984925329166570e-08 7.831437436707970311e-08 6.597879677952530732e-08 2.413505562321694337e-07 7.976682951590599539e-07 2.533613089060349108e-06 7.365420191610105872e-06 2.367986233660109081e-05 4.682766234543194210e-04 1.469625028945750235e-02 8.101121238105845403e-13 4.838238647273096338e-12 3.015918394394229606e-11 1.776894691148203006e-10 8.330883970227263101e-10 2.647394100044755392e-09 4.896782022245496361e-09 4.125472348217855653e-09 1.509098520377681190e-08 4.987600040245015152e-08 1.584198447105493655e-07 4.605394280685390568e-07 1.480636538518520580e-06 2.928004685858593458e-05 9.189160328922534645e-04
8.688404178586143101e-04 2.768445346139307694e-05 1.399950401098302102e-06 4.354426898658269146e-07 1.497868783964846850e-07 4.715804652399897895e-08 1.426861369376680981e-08 3.900657938906209125e-09 4.629935691708104256e-09 2.503126416109718703e-09 7.876898923008499429e-10 1.680064195955348640e-10 2.851568265411343614e-11 4.574582592150814473e-12 7.659656934825383936e-13 1.001295348234247304e-02 3.190495504067502480e-04 1.613373175977762274e-05 5.018260325179894398e-06 1.726219239829784922e-06 5.434730204273061307e-07 1.644386727833501340e-07 4.495314178530018107e-08 5.335770499900292543e-08 2.884728639432130465e-08 9.077734055649359747e-09 1.936190386136883309e-09 3.286290532346544633e-10 5.271978807021104549e-11 8.827373474191797856e-12 9.343754589443509229e-01 2.977264107068981411e-02 1.505546095276632038e-03 4.682873342726487430e-04 1.610850282385598942e-04 5.071509158423035736e-05 1.534486908593904594e-05 4.194877421602077373e-06 4.979163259330061987e-06 2.691932656186406002e-06 8.471038979038396982e-07 1.806788360537809145e-07 3.066656835868393708e-08 4.919634976874800136e-09 8.237410825653371402e-10 2.058296584670770563e-02 6.558490470379456025e-04 3.316504469705755666e-05 1.031570565719854098e-05 3.548474655355534094e-06 1.117181522693477485e-06 3.380256975872641136e-07 9.240719870522971081e-08 1.096839031150927294e-07 5.929945761473805640e-08 1.866049716124462557e-08 3.980098445564335637e-09 6.755409970587764571e-10 1.083725794999860954e-10 1.814584748204754128e-11 1.059815280979102808e-03 3.376961547927635819e-05 1.707665524301430710e-06 5.311548671364243585e-07 1.827106789138644794e-07 5.752358810659127507e-08 1.740491639225576553e-08 4.758039341348840202e-09 5.647615482848420956e-09 3.053324375210215656e-09 9.608275206518671217e-10 2.049349536808837884e-10 3.478355242596236622e-11 5.580095533782331119e-12 9.343282494376895643e-13
3.113657974472511989e-06 8.671807172154639412e-04 2.603037949566063117e-05 1.366430431019108550e-06 5.160296035958175186e-07 2.114837980643305358e-07 7.841403341629704358e-08 2.425254962936193146e-08 3.197011532191825444e-08 2.030250477135272454e-08 7.652194913958560889e-09 1.859133828766644828e-09 3.061322236852982553e-10 4.002023208288571331e-11 6.019561486504452489e-12 3.588335880501285007e-05 9.993826258294313813e-03 2.999871710160071682e-04 1.574743078409362177e-05 5.946984406010178326e-06 2.437245538721982459e-06 9.036827164364243112e-07 2.794985664519583784e-07 3.684396708114285027e-07 2.339762649988410590e-07 8.818773866451644289e-08 2.142559227478174813e-08 3.528021547111961820e-09 4.612132607575047574e-10 6.937245080865663391e-11 3.348515491560526917e-03 9.325905701221022248e-01 2.799380333582898381e-02 1.469497775259774944e-03 5.549527712777006100e-04 2.274356335340391741e-04 8.432866030980742510e-05 2.608187501953126861e-05 3.438156255442786761e-05 2.183388551399041417e-05 8.229385958222279685e-06 1.999364887713457622e-06 3.292232165126469965e-07 4.303888487562379848e-08 6.473605982165084273e-09 7.376304604342871839e-05 2.054364727801367974e-02 6.166637752149449047e-04 3.237095134557286592e-05 1.222482229001372575e-05 5.010084364420646867e-06 1.857640757192401572e-06 5.745467066864434234e-07 7.573770490652202783e-07 4.809695241173455278e-07 1.812816983751210721e-07 4.404317215844562705e-08 7.252320420614401060e-09 9.480855784420912789e-10 1.426043562686104748e-10 3.798053397678605885e-06 1.057790770991645386e-03 3.175196893714896823e-05 1.666777720537135291e-06 6.294551313304951494e-07 2.579688470530492760e-07 9.564977543588576584e-08 2.958336441489594255e-08 3.899728426117806932e-08 2.476508269707613024e-08 9.334180289208845553e-09 2.267779445583652136e-09 3.734214039690178961e-10 4.881685133192598640e-11 7.342687007948166028e-12
1.506680875724599298e-06 1.820543239697148580e-06 8.708392130370689850e-04 2.209755980751466694e-05 1.218707441781644194e-06 5.290078425676654974e-07 2.333438044461439053e-07 8.044284645574131102e-08 1.168952444266813598e-07 8.675393410358606385e-08 3.978859063016679883e-08 1.191126928161830614e-08 2.313713822375253599e-09 3.027681929427486220e-10 3.680646128896638261e-11 1.736374737094749103e-05 2.098085493836568272e-05 1.003598860217716493e-02 2.546633810743491300e-04 1.404499683983389659e-05 6.096552152211628077e-06 2.689171234771294717e-06 9.270637771821859681e-07 1.347159525147554435e-06 9.997959219373796711e-07 4.585437082793025293e-07 1.372714514438106753e-07 2.666440050290820162e-08 3.489252766739913553e-09 4.241761515243318350e-10 1.620327054083872328e-03 1.957863481204752919e-03 9.365250195815131296e-01 2.376433826315927159e-02 1.310632311558650566e-03 5.689099350402907840e-04 2.509445001517719015e-04 8.651050300022366352e-05 1.257124385727718409e-04 9.329762442803064251e-05 4.278977113247148961e-05 1.280971450321382768e-05 2.488233017492478481e-06 3.256054430937724784e-07 3.958270523804278064e-08 3.569350639023061595e-05 4.312895504734544545e-05 2.063031761815739898e-02 5.234946596230632011e-04 2.887137054828185925e-05 1.253227880793946981e-05 5.527951346109447414e-06 1.905703656479658187e-06 2.769266684907453670e-06 2.055214313259792172e-06 9.425979560755508723e-07 2.821798385240227537e-07 5.481224354453898216e-08 7.172626004404079816e-09 8.719508439952038715e-10 1.837855816592263473e-06 2.220706478952290099e-06 1.062253419940104157e-03 2.695469855566122566e-05 1.486584582501914097e-06 6.452860430834994185e-07 2.846337769176686271e-07 9.812453031291150952e-08 1.425893222400069020e-07 1.058228221871193688e-07 4.853429409097169334e-08 1.452941753288727974e-08 2.822278078187763524e-09 3.693179447912960956e-10 4.489667988622523999e-11
6.229610436170171661e-07 1.148133522280383485e-06 1.744423420079687818e-06 8.744814860774771832e-04 1.812951721101917649e-05 1.047529744427646006e-06 4.799568913682315490e-07 1.825866763480610664e-07 2.909069085020866238e-07 2.504380866898780044e-07 1.390547436891757224e-07 5.177610092519154793e-08 1.256484682986588490e-08 1.941633272106526616e-09 2.243156496794955238e-10 7.179316043356267868e-06 1.323166753504124326e-05 2.010361189436405926e-05 1.007796398657915052e-02 2.089336646408207195e-04 1.207225905555301070e-05 5.531264347306001914e-06 2.104220590099392594e-06 3.352557365715754827e-06 2.886174331545270846e-06 1.602536727619579866e-06 5.966937994652270178e-07 1.448036074683148100e-07 2.237635730769462702e-08 2.585126243479753567e-09 6.699498539314311871e-04 1.234735130594144699e-03 1.876002083037845575e-03 9.404420226050600462e-01 1.949699348268826501e-02 1.126542994074565844e-03 5.161591604485795282e-04 1.963588548635010250e-04 3.128494836965007935e-04 2.693281727900451237e-04 1.495433882705327511e-04 5.568147736906669788e-05 1.351259020863356717e-05 2.088087112933302205e-06 2.412353682097995135e-07 1.475804488492964043e-05 2.719946332009035060e-05 4.132566457507979695e-05 2.071660363806871602e-02 4.294911078048295689e-04 2.481614403494904848e-05 1.137025407643029620e-05 4.325507016119937709e-06 6.891630314606462744e-06 5.932917575079261421e-06 3.294228699939181420e-06 1.226583956171719273e-06 2.976631932083164461e-07 4.599759691785352710e-08 5.314072942893916085e-09 7.598905620749355068e-07 1.400498211761509033e-06 2.127855195381955727e-06 1.066696280270239966e-03 2.211446311897801052e-05 1.277781290562858441e-06 5.854534817072171024e-07 2.227200136174492389e-07 3.548494989825298001e-07 3.054854559681559538e-07 1.696195748094245481e-07 6.315671074013469721e-08 1.532665423907646988e-08 2.368412621626924658e-09 2.736211948783564534e-10
2.355276360872549744e-07 6.142121856470537927e-07 1.215514111234675871e-06 1.633192832147358882e-06 8.780408738204070534e-04 1.414639082027312486e-05 7.974328843475819226e-07 3.031919624975756617e-07 5.248548746476583751e-07 5.170534415092915589e-07 3.418602441040802358e-07 1.559636979861240345e-07 4.720679188532624471e-08 9.044080722018782635e-09 1.181838679129104172e-09 2.714338807764280639e-06 7.078489808668922620e-06 1.400819529427580416e-05 1.882173471659071641e-05 1.011898415917127786e-02 1.630301149842243067e-04 9.190017190892078150e-06 3.494136499992303418e-06 6.048691263443146849e-06 5.958783628503005358e-06 3.939769204237716883e-06 1.797404012025713045e-06 5.440347864609960722e-07 1.042285300024576286e-07 1.362010269609542976e-08 2.532930542129992993e-04 6.605410856318724190e-04 1.307198113938403501e-03 1.756381575621681181e-03 9.442698884449779451e-01 1.521342716499845746e-02 8.575817859924182327e-04 3.260611768098144506e-04 5.644437163579214172e-04 5.560538354094141014e-04 3.676461360612688699e-04 1.677277540144973800e-04 5.076751371886566145e-05 9.726259162981539490e-06 1.270982605679310143e-06 5.579686660397351220e-06 1.455078306665778786e-05 2.879572004649294135e-05 3.869059449148142367e-05 2.080092609227553527e-02 3.351302185336913582e-04 1.889131017180517048e-05 7.182665171660338244e-06 1.243389434618680730e-05 1.224907717085541195e-05 8.098722831154577141e-06 3.694804480766016704e-06 1.118336307952958697e-06 2.142556915975251788e-07 2.799794377520661003e-08 2.872976241521694644e-07 7.492186674702442274e-07 1.482689344157414191e-06 1.992175645513046394e-06 1.071038036757793925e-03 1.725582840515102560e-05 9.727120642819088197e-07 3.698348607180739522e-07 6.402202349413237549e-07 6.307040132236970620e-07 4.170025970404483502e-07 1.902451900328167248e-07 5.758304790812630894e-08 1.103200858821440364e-08 1.441611907144272235e-09
8.935293179966549566e-08 3.076545006043026832e-07 7.609981888144558382e-07 1.253641671113893553e-06 1.473767221507808294e-06 8.813793324772161743e-04 1.021793304537133114e-05 4.259419646229729252e-07 7.355862402719514192e-07 8.139172539066279219e-07 6.255861509706015438e-07 3.404148589167997778e-07 1.252835661263396618e-07 2.945256566498310007e-08 4.638585267319038179e-09 1.029748077127970246e-06 3.545565031121145489e-06 8.770125454713814474e-06 1.444759644967642494e-05 1.698443388387596310e-05 1.015745823397979329e-02 1.177565939222249608e-04 4.908769194300329266e-06 8.477265392702768791e-06 9.379991347466513595e-06 7.209569099357482849e-06 3.923111859175460019e-06 1.443830758721854635e-06 3.394261637435735576e-07 5.345738705390518449e-08 9.609265975920778407e-05 3.308603159909848297e-04 8.183988881201390833e-04 1.348201565813232899e-03 1.584930783224205346e-03 9.478601609225302260e-01 1.098865301669831561e-02 4.580699867291548942e-04 7.910701628513560442e-04 8.753095413494996289e-04 6.727729683237484168e-04 3.660917281171205536e-04 1.347334760116246746e-04 3.167411873878257512e-05 4.988465256584125710e-06 2.116784976542149292e-06 7.288383399717427577e-06 1.802816651690724144e-05 2.969896792341197603e-05 3.491377675667574695e-05 2.088001470176162333e-02 2.420644373510816793e-04 1.009063198524093755e-05 1.742615346802330219e-05 1.928182747356076864e-05 1.482023409009569333e-05 8.064481429242757006e-06 2.967987342356610859e-06 6.977359026118799883e-07 1.098888129186987424e-07 1.089930907622430277e-07 3.752782839063244344e-07 9.282688658646458316e-07 1.529197505789710903e-06 1.797707599526360561e-06 1.075110302995273617e-03 1.246387870421112301e-05 5.195658415964095971e-07 8.972712616657313768e-07 9.928197692146996396e-07 7.630926793226531299e-07 4.152395099684217388e-07 1.528214331505206910e-07 3.592636635473490793e-08 5.658166272404281353e-09
3.871410777704423226e-08 1.634170059133127245e-07 4.794456812706989432e-07 9.235082397884662903e-07 1.247964225134146818e-06 1.249416177786951394e-06 8.845429274586411256e-04 6.251667243514633158e-06 8.605849380227350656e-07 1.042306499119221078e-06 9.006671288142271382e-07 5.622597436304912781e-07 2.412401486243833647e-07 6.685895610414108873e-08 1.252366803380622501e-08 4.461608280578605084e-07 1.883299677133524820e-06 5.525372905309192371e-06 1.064297292747107837e-05 1.438216670984707060e-05 1.439889974168153469e-05 1.019391709194136450e-02 7.204735416277869035e-05 9.917813185146346131e-06 1.201206375245117841e-05 1.037974048918999514e-05 6.479763765872664106e-06 2.780172672218400296e-06 7.705162002001638115e-07 1.443290423342243928e-07 4.163424200608869321e-05 1.757432513048798610e-04 5.156093907098785022e-04 9.931667745361008083e-04 1.342095880483776997e-03 1.343657351265343039e-03 9.512623800779976824e-01 6.723219051230784268e-03 9.254972833877083251e-04 1.120925768941017243e-03 9.686028004038262735e-04 6.046699660859528340e-04 2.594364511060215026e-04 7.190200468380254393e-05 1.346830537142278165e-05 9.171432886658521580e-07 3.871374515213107444e-06 1.135814342899524860e-05 2.187805512727930760e-05 2.956446833718684217e-05 2.959886532338757025e-05 2.095496076333639573e-02 1.481029780766744198e-04 2.038739223385842631e-05 2.469240453390550568e-05 2.133694562383061979e-05 1.332002156235817765e-05 5.715016978869871379e-06 1.583899162322356936e-06 2.966876610674504287e-07 4.722363528242323694e-08 1.993367671196030725e-07 5.848299054301244449e-07 1.126499325445977374e-06 1.522272132749286553e-06 1.524043230844024337e-06 1.078969269768949302e-03 7.625810609275194814e-06 1.049745211145745444e-06 1.271409953456080459e-06 1.098637639977084488e-06 6.858468551079265993e-07 2.942657715302056856e-07 8.155484240031117287e-08 1.527642416641950140e-08
2.231291380177666981e-08 1.061890489946942695e-07 3.456845184892571756e-07 7.326477873281745562e-07 1.078128577155857351e-06 1.160647931815218250e-06 9.062570782466953334e-07 8.898797655105119631e-04 9.062570782466951216e-07 1.160647931815216344e-06 1.078128577155857986e-06 7.326477873281752973e-07 3.456845184892569638e-07 1.061890489946940313e-07 2.231291380177663672e-08 2.571452286984464249e-07 1.223775950178095708e-06 3.983842063574610730e-06 8.443401184694804585e-06 1.242489537681979617e-05 1.337588987778183569e-05 1.044416187485009272e-05 1.025542149488786053e-02 1.044416187485009102e-05 1.337588987778181367e-05 1.242489537681980464e-05 8.443401184694813055e-06 3.983842063574607342e-06 1.223775950178093167e-06 2.571452286984460544e-07 2.399593601470034174e-05 1.141986944320857891e-04 3.717588684576113539e-04 7.879100677849975145e-04 1.159449840701303391e-03 1.248193479114979550e-03 9.746143894817276346e-04 9.570017660475395038e-01 9.746143894817274177e-04 1.248193479114977382e-03 1.159449840701304258e-03 7.879100677849983818e-04 3.717588684576110828e-04 1.141986944320855452e-04 2.399593601470031124e-05 5.285964295427588852e-07 2.515635234994141621e-06 8.189320491485044517e-06 1.735654105665207861e-05 2.554103518417316621e-05 2.749593164586422851e-05 2.146937240311984051e-05 2.108139129429834752e-02 2.146937240311983373e-05 2.749593164586418108e-05 2.554103518417318654e-05 1.735654105665209893e-05 8.189320491485039435e-06 2.515635234994136116e-06 5.285964295427581440e-07 2.721738828469256731e-08 1.295298589752408437e-07 4.216674633942222082e-07 8.936869241185345479e-07 1.315105878414570381e-06 1.415763342371036926e-06 1.105456284352574785e-06 1.085479167793057965e-03 1.105456284352574573e-06 1.415763342371034596e-06 1.315105878414571228e-06 8.936869241185355008e-07 4.216674633942219435e-07 1.295298589752405525e-07 2.721738828469252761e-08
1.252366803380577336e-08 6.685895610414104903e-08 2.412401486243847941e-07 5.622597436304897958e-07 9.006671288142271382e-07 1.042306499119221714e-06 8.605849380227350656e-07 6.251667243514632311e-06 8.845429274586411256e-04 1.249416177786950335e-06 1.247964225134146606e-06 9.235082397884692549e-07 4.794456812706973550e-07 1.634170059133124598e-07 3.871410777704460284e-08 1.443290423342192047e-07 7.705162002001633880e-07 2.780172672218416813e-06 6.479763765872647166e-06 1.037974048918999514e-05 1.201206375245118518e-05 9.917813185146346131e-06 7.204735416277869035e-05 1.019391709194136450e-02 1.439889974168152114e-05 1.438216670984706891e-05 1.064297292747111225e-05 5.525372905309173736e-06 1.883299677133521644e-06 4.461608280578647965e-07 1.346830537142229714e-05 7.190200468380250327e-05 2.594364511060230204e-04 6.046699660859512077e-04 9.686028004038262735e-04 1.120925768941017676e-03 9.254972833877083251e-04 6.723219051230783401e-03 9.512623800779976824e-01 1.343657351265341738e-03 1.342095880483776781e-03 9.931667745361038441e-04 5.156093907098766591e-04 1.757432513048795629e-04 4.163424200608909301e-05 2.966876610674397878e-07 1.583899162322356089e-06 5.715016978869904413e-06 1.332002156235814377e-05 2.133694562383061979e-05 2.469240453390551923e-05 2.038739223385842631e-05 1.481029780766744198e-04 2.095496076333639573e-02 2.959886532338754314e-05 2.956446833718683878e-05 2.187805512727937875e-05 1.135814342899520794e-05 3.871374515213101515e-06 9.171432886658609459e-07 1.527642416641895215e-08 8.155484240031113317e-08 2.942657715302073797e-07 6.858468551079247994e-07 1.098637639977084488e-06 1.271409953456081094e-06 1.049745211145745444e-06 7.625810609275193967e-06 1.078969269768949302e-03 1.524043230844022855e-06 1.522272132749286341e-06 1.126499325445980974e-06 5.848299054301224332e-07 1.993367671196027548e-07 4.722363528242368692e-08
4.638585267319155639e-09 2.945256566498291809e-08 1.252835661263396883e-07 3.404148589167993013e-07 6.255861509706013321e-07 8.139172539066288748e-07 7.355862402719508898e-07 4.259419646229739840e-07 1.021793304537133114e-05 8.813793324772161743e-04 1.473767221507808929e-06 1.253641671113895247e-06 7.609981888144557323e-07 3.076545006043021538e-07 8.935293179966583977e-08 5.345738705390653445e-08 3.394261637435714400e-07 1.443830758721854847e-06 3.923111859175454936e-06 7.209569099357480307e-06 9.379991347466525454e-06 8.477265392702762014e-06 4.908769194300341124e-06 1.177565939222249608e-04 1.015745823397979329e-02 1.698443388387596987e-05 1.444759644967644527e-05 8.770125454713812780e-06 3.545565031121139560e-06 1.029748077127974057e-06 4.988465256584251918e-06 3.167411873878237861e-05 1.347334760116247017e-04 3.660917281171201200e-04 6.727729683237482000e-04 8.753095413495006047e-04 7.910701628513553936e-04 4.580699867291559784e-04 1.098865301669831561e-02 9.478601609225302260e-01 1.584930783224205997e-03 1.348201565813234633e-03 8.183988881201389749e-04 3.308603159909842334e-04 9.609265975920814999e-05 1.098888129187015218e-07 6.977359026118756473e-07 2.967987342356611283e-06 8.064481429242746841e-06 1.482023409009568825e-05 1.928182747356079236e-05 1.742615346802328863e-05 1.009063198524096127e-05 2.420644373510816793e-04 2.088001470176162333e-02 3.491377675667576051e-05 2.969896792341202008e-05 1.802816651690723805e-05 7.288383399717414871e-06 2.116784976542157339e-06 5.658166272404424455e-09 3.592636635473468955e-08 1.528214331505207175e-07 4.152395099684212094e-07 7.630926793226529181e-07 9.928197692147009101e-07 8.972712616657306357e-07 5.195658415964108676e-07 1.246387870421112301e-05 1.075110302995273617e-03 1.797707599526361408e-06 1.529197505789713020e-06 9.282688658646457257e-07 3.752782839063237991e-07 1.089930907622434380e-07
1.181838679129323582e-09 9.044080722019072148e-09 4.720679188532555649e-08 1.559636979861245109e-07 3.418602441040803417e-07 5.170534415092931471e-07 5.248548746476587986e-07 3.031919624975761911e-07 7.974328843475819226e-07 1.414639082027314350e-05 8.780408738204070534e-04 1.633192832147361212e-06 1.215514111234673754e-06 6.142121856470524162e-07 2.355276360872541539e-07 1.362010269609795927e-08 1.042285300024609505e-07 5.440347864609881313e-07 1.797404012025718762e-06 3.939769204237717730e-06 5.958783628503023993e-06 6.048691263443151931e-06 3.494136499992309347e-06 9.190017190892078150e-06 1.630301149842245236e-04 1.011898415917127786e-02 1.882173471659074013e-05 1.400819529427577874e-05 7.078489808668906527e-06 2.714338807764271322e-06 1.270982605679546042e-06 9.726259162981851198e-06 5.076751371886492284e-05 1.677277540144979221e-04 3.676461360612689783e-04 5.560538354094157277e-04 5.644437163579218509e-04 3.260611768098150469e-04 8.575817859924182327e-04 1.521342716499847827e-02 9.442698884449779451e-01 1.756381575621683783e-03 1.307198113938401332e-03 6.605410856318710095e-04 2.532930542129984319e-04 2.799794377521180803e-08 2.142556915975320344e-07 1.118336307952942391e-06 3.694804480766028139e-06 8.098722831154580529e-06 1.224907717085544922e-05 1.243389434618681746e-05 7.182665171660350949e-06 1.889131017180517048e-05 3.351302185336918460e-04 2.080092609227553527e-02 3.869059449148147788e-05 2.879572004649289053e-05 1.455078306665775567e-05 5.579686660397331738e-06 1.441611907144539828e-09 1.103200858821475602e-08 5.758304790812546852e-08 1.902451900328173336e-07 4.170025970404484561e-07 6.307040132236989678e-07 6.402202349413241784e-07 3.698348607180745875e-07 9.727120642819088197e-07 1.725582840515104931e-05 1.071038036757793925e-03 1.992175645513049359e-06 1.482689344157411438e-06 7.492186674702426392e-07 2.872976241521684585e-07
2.243156496795897965e-10 1.941633272106618433e-09 1.256484682986530753e-08 5.177610092519183248e-08 1.390547436891752724e-07 2.504380866898782691e-07 2.909069085020869415e-07 1.825866763480595841e-07 4.799568913682310196e-07 1.047529744427643465e-06 1.812951721101912228e-05 8.744814860774771832e-04 1.744423420079687395e-06 1.148133522280384968e-06 6.229610436170185425e-07 2.585126243480840068e-09 2.237635730769568250e-08 1.448036074683081396e-07 5.966937994652303000e-07 1.602536727619574572e-06 2.886174331545274234e-06 3.352557365715758638e-06 2.104220590099375654e-06 5.531264347305995984e-06 1.207225905555298190e-05 2.089336646408200689e-04 1.007796398657915052e-02 2.010361189436405248e-05 1.323166753504126189e-05 7.179316043356283962e-06 2.412353682099008928e-07 2.088087112933400461e-06 1.351259020863294714e-05 5.568147736906700282e-05 1.495433882705322361e-04 2.693281727900454490e-04 3.128494836965011730e-04 1.963588548634994258e-04 5.161591604485789861e-04 1.126542994074563242e-03 1.949699348268820603e-02 9.404420226050600462e-01 1.876002083037845141e-03 1.234735130594146434e-03 6.699498539314325965e-04 5.314072942896150300e-09 4.599759691785570424e-08 2.976631932083027877e-07 1.226583956171726050e-06 3.294228699939170409e-06 5.932917575079269044e-06 6.891630314606471214e-06 4.325507016119902980e-06 1.137025407643028434e-05 2.481614403494898749e-05 4.294911078048282136e-04 2.071660363806871602e-02 4.132566457507978340e-05 2.719946332009038787e-05 1.475804488492967262e-05 2.736211948784714315e-10 2.368412621627036741e-09 1.532665423907576512e-08 6.315671074013505456e-08 1.696195748094239922e-07 3.054854559681563243e-07 3.548494989825302236e-07 2.227200136174474390e-07 5.854534817072164671e-07 1.277781290562855265e-06 2.211446311897794276e-05 1.066696280270239966e-03 2.127855195381955304e-06 1.400498211761510938e-06 7.598905620749370950e-07
3.680646128919763129e-11 3.027681929425561991e-10 2.313713822374879714e-09 1.191126928161832268e-08 3.978859063016666648e-08 8.675393410358716235e-08 1.168952444266814128e-07 8.044284645574104632e-08 2.333438044461441964e-07 5.290078425676647562e-07 1.218707441781646100e-06 2.209755980751472793e-05 8.708392130370689850e-04 1.820543239697148580e-06 1.506680875724597180e-06 4.241761515269968558e-10 3.489252766737695881e-09 2.666440050290389697e-08 1.372714514438108606e-07 4.585437082793010470e-07 9.997959219373923766e-07 1.347159525147555070e-06 9.270637771821830035e-07 2.689171234771298105e-06 6.096552152211618759e-06 1.404499683983391862e-05 2.546633810743498890e-04 1.003598860217716493e-02 2.098085493836568272e-05 1.736374737094746731e-05 3.958270523829147084e-08 3.256054430935655376e-07 2.488233017492076564e-06 1.280971450321384631e-05 4.278977113247135408e-05 9.329762442803183513e-05 1.257124385727718952e-04 8.651050300022339247e-05 2.509445001517722268e-04 5.689099350402900251e-04 1.310632311558652735e-03 2.376433826315934097e-02 9.365250195815131296e-01 1.957863481204752919e-03 1.620327054083869943e-03 8.719508440006821853e-10 7.172626004399521224e-09 5.481224354453012802e-08 2.821798385240231243e-07 9.425979560755479077e-07 2.055214313259818430e-06 2.769266684907454940e-06 1.905703656479652046e-06 5.527951346109454190e-06 1.253227880793945118e-05 2.887137054828190668e-05 5.234946596230646105e-04 2.063031761815739898e-02 4.312895504734544545e-05 3.569350639023056174e-05 4.489667988650731504e-11 3.693179447910613831e-10 2.822278078187307334e-09 1.452941753288730125e-08 4.853429409097154114e-08 1.058228221871207187e-07 1.425893222400069814e-07 9.812453031291119188e-08 2.846337769176689977e-07 6.452860430834984656e-07 1.486584582501916638e-06 2.695469855566130020e-05 1.062253419940104157e-03 2.220706478952290099e-06 1.837855816592260932e-06
6.019561486663540970e-12 4.002023208261191653e-11 3.061322236857600288e-10 1.859133828766242612e-09 7.652194913957925615e-09 2.030250477135332672e-08 3.197011532191772505e-08 2.425254962936144177e-08 7.841403341629656712e-08 2.114837980643283389e-07 5.160296035958141304e-07 1.366430431019102409e-06 2.603037949566043804e-05 8.671807172154641580e-04 3.113657974472528506e-06 6.937245081049005389e-11 4.612132607543493735e-10 3.528021547117283487e-09 2.142559227477711261e-08 8.818773866450912400e-08 2.339762649988479941e-07 3.684396708114224147e-07 2.794985664519527668e-07 9.036827164364188054e-07 2.437245538721957048e-06 5.946984406010140209e-06 1.574743078409355062e-05 2.999871710160048914e-04 9.993826258294315548e-03 3.588335880501303981e-05 6.473605982336173348e-09 4.303888487532934865e-08 3.292232165131435696e-07 1.999364887713025212e-06 8.229385958221596976e-06 2.183388551399106131e-05 3.438156255442729840e-05 2.608187501953074684e-05 8.432866030980691011e-05 2.274356335340368160e-04 5.549527712776971405e-04 1.469497775259768222e-03 2.799380333582877564e-02 9.325905701221023358e-01 3.348515491560544698e-03 1.426043562723792906e-10 9.480855784356049421e-10 7.252320420625340524e-09 4.404317215843609793e-08 1.812816983751060373e-07 4.809695241173598215e-07 7.573770490652076787e-07 5.745467066864318826e-07 1.857640757192390348e-06 5.010084364420594351e-06 1.222482229001364613e-05 3.237095134557271684e-05 6.166637752149403510e-04 2.054364727801368321e-02 7.376304604342909786e-05 7.342687008142222277e-12 4.881685133159200576e-11 3.734214039695811544e-10 2.267779445583161617e-09 9.334180289208071312e-09 2.476508269707686478e-08 3.899728426117742081e-08 2.958336441489534698e-08 9.564977543588519674e-08 2.579688470530466290e-07 6.294551313304911260e-07 1.666777720537127667e-06 3.175196893714873106e-05 1.057790770991645602e-03 3.798053397678625791e-06
7.659656932402744386e-13 4.574582592454722569e-12 2.851568265454575756e-11 1.680064195951382568e-10 7.876898923008120993e-10 2.503126416109684375e-09 4.629935691707739470e-09 3.900657938906636777e-09 1.426861369376608189e-08 4.715804652399868778e-08 1.497868783964829380e-07 4.354426898658260147e-07 1.399950401098294267e-06 2.768445346139315148e-05 8.688404178586143101e-04 8.827373471399827413e-12 5.271978807371343160e-11 3.286290532396367789e-10 1.936190386132312723e-09 9.077734055648922996e-09 2.884728639432090760e-08 5.335770499899871012e-08 4.495314178530510445e-08 1.644386727833417430e-07 5.434730204273028484e-07 1.726219239829765017e-06 5.018260325179884234e-06 1.613373175977753126e-05 3.190495504067511153e-04 1.001295348234247304e-02 8.237410823047996491e-10 4.919634977201631603e-09 3.066656835914886553e-08 1.806788360533543805e-07 8.471038979037990406e-07 2.691932656186369157e-06 4.979163259329668964e-06 4.194877421602536465e-06 1.534486908593826328e-05 5.071509158423005242e-05 1.610850282385580239e-04 4.682873342726477130e-04 1.505546095276623798e-03 2.977264107068989391e-02 9.343754589443509229e-01 1.814584747630827139e-11 1.083725795071857204e-10 6.755409970690181938e-10 3.980098445554939692e-09 1.866049716124372891e-08 5.929945761473724246e-08 1.096839031150840738e-07 9.240719870523982226e-08 3.380256975872468553e-07 1.117181522693470709e-06 3.548474655355493013e-06 1.031570565719851896e-05 3.316504469705737371e-05 6.558490470379473372e-04 2.058296584670770563e-02 9.343282491421748476e-13 5.580095534153038896e-12 3.478355242648971971e-11 2.049349536803999912e-10 9.608275206518207996e-10 3.053324375210173883e-09 5.647615482847975105e-09 4.758039341349361326e-09 1.740491639225487879e-08 5.752358810659093097e-08 1.827106789138623618e-07 5.311548671364232997e-07 1.707665524301421181e-06 3.376961547927644628e-05 1.059815280979102808e-03
