1.206769117252080338e-02 3.869487848691955376e-04 2.087800774031953340e-05 6.647836290484785164e-06 2.289193758174657399e-06 7.212786943682853574e-07 2.184677811555756474e-07 5.978221008369584797e-08 7.104837626729894428e-08 3.852793608651878949e-08 1.220921007631468684e-08 2.644423488755265118e-09 4.609265710037232397e-10 7.592208701574813991e-11 1.290901550867689288e-11 1.384825100968513356e-01 4.440421804100517893e-03 2.395850934837101163e-04 7.628709113103441012e-05 2.626958986586748709e-05 8.277016924575067287e-06 2.507021954506480922e-06 6.860293649525133035e-07 8.153139936332885161e-07 4.421264367670810222e-07 1.401065069942991078e-07 3.034602039831663363e-08 5.289352172707014407e-09 8.712421482639033474e-10 1.481371079988728141e-10 7.965066567007266229e-01 2.553987159137671367e-02 1.378016051792953960e-03 4.387787011060642834e-04 1.510941936445817069e-04 4.760672718481085932e-05 1.441958030557593497e-05 3.945819262625229933e-06 4.689422677101904353e-06 2.542968420647943199e-06 8.058473621686864451e-07 1.745405050408947031e-07 3.042264479643757111e-08 5.011103353088474887e-09 8.520367845945002803e-10 1.773654826666807779e-02 5.687198737061662001e-04 3.068555423768727457e-05 9.770689981160751052e-06 3.364553749608320199e-06 1.060102897355643350e-06 3.210940924641122674e-07 8.786519637261079529e-08 1.044236993570751721e-07 5.662662295913714906e-08 1.794454636936246481e-08 3.886654387760658639e-09 6.774490875780036396e-10 1.115868596245906409e-10 1.897308883460489050e-11 1.736915329167650936e-03 5.569394065805445700e-05 3.004993346964054180e-06 9.568299845982928488e-07 3.294860361576436193e-07 1.038143919114403478e-07 3.144429473654636793e-08 8.604515612923323354e-09 1.022606661762663795e-08 5.545365872657413523e-09 1.757284292033250103e-09 3.806146203748570532e-10 6.634164028161935593e-11 1.092754486958809016e-11 1.858008015032767804e-12
4.754414329478119639e-05 1.204012252653401116e-02 3.638149505934212087e-04 2.046850173762445433e-05 7.878370429556098324e-06 3.230682538152249742e-06 1.198297812272691597e-06 3.707362606626794378e-07 4.889086257141102277e-07 3.107766726494881670e-07 1.173963089717863752e-07 2.867965802316375663e-08 4.788853454646831356e-09 6.441680589284744754e-10 1.000808259119210493e-10 5.455917134222083549e-04 1.381661467393835996e-01 4.174950025541190012e-03 2.348858168497443104e-04 9.040805709729116146e-05 3.707362251928882584e-05 1.375103874591648327e-05 4.254375358676333844e-06 5.610459592391866098e-06 3.566310497408813166e-06 1.347178620176979005e-06 3.291127503172083695e-07 5.495437672415526497e-08 7.392135616443478230e-09 1.148475196018274375e-09 3.138067264072683885e-03 7.946870368802667617e-01 2.401296369058257552e-02 1.350987330851846245e-03 5.199979350967085228e-04 2.132354988653178301e-04 7.909153213652733944e-05 2.446979254578292046e-05 3.226955093004320275e-05 2.051226576598848693e-05 7.748536172440890750e-06 1.892950209014884523e-06 3.160798200799247493e-07 4.251717579074724628e-08 6.605658274423682986e-09 6.987823770842494918e-05 1.769602911406456189e-02 5.347188073580570354e-04 3.008368078248728494e-05 1.157927356516227200e-05 4.748311499941172425e-06 1.761204084639970833e-06 5.448914367663658955e-07 7.185758496798924323e-07 4.567655383122251260e-07 1.725438006855969665e-07 4.215206799107382224e-08 7.038440843908434148e-09 9.467691628575339003e-10 1.470942845634652719e-10 6.843077944262538076e-06 1.732947345306090452e-03 5.236426385396841392e-05 2.946052722506669136e-06 1.133942041798097518e-06 4.649954944959644269e-07 1.724722491891321214e-07 5.336045520369333716e-08 7.036912649031114279e-08 4.473040940107654478e-08 1.689697272872815995e-08 4.127892978331291265e-09 6.892646534951093925e-10 9.271577803223809435e-11 1.440473726059590526e-11
2.301063030993601133e-05 2.779633202696052443e-05 1.209062526088257490e-02 3.089967644889933984e-04 1.833682820429266487e-05 8.077013131332283624e-06 3.563873102921958020e-06 1.228770220218222754e-06 1.785887557736503186e-06 1.325912873203142732e-06 6.086419419789635988e-07 1.825866029940487547e-07 3.566531704324054280e-08 4.739698151798461372e-09 5.972098411725964082e-10 2.640579543075089342e-04 3.189761633396951258e-04 1.387456896958083608e-01 3.545885202604413203e-03 2.104238466698141478e-04 9.268757681329332552e-05 4.089714311575255062e-05 1.410072415637854782e-05 2.049391123873327885e-05 1.521548241713448968e-05 6.984456485545162491e-06 2.095268326906594355e-06 4.092765183446650032e-07 5.439029618665247908e-08 6.853267677950306679e-09 1.518776040480575166e-03 1.834647835681468700e-03 7.980203807250129122e-01 2.039478606934375451e-02 1.210289981629172939e-03 5.331089960285650920e-04 2.352271540208011207e-04 8.110280964001399199e-05 1.178743562061996175e-04 8.751453899618500808e-05 4.017233714410966872e-05 1.205130647031247140e-05 2.354026303139884579e-06 3.128354110731695817e-07 3.941778150772747909e-08 3.381998671527007387e-05 4.085379527735566468e-05 1.777025575547976077e-02 4.541495095667481634e-04 2.695064315563687634e-05 1.187122965000950258e-05 5.238019966088626200e-06 1.805991055618994528e-06 2.624816993888882694e-06 1.948766946117633433e-06 8.945544782924273431e-07 2.683575549418398859e-07 5.241927458534031402e-08 6.966194596546878419e-09 8.777520920826059643e-10 3.311943929270181071e-06 4.000754949894556406e-06 1.740216256334792093e-03 4.447422537015655253e-05 2.639238735979075727e-06 1.162532892260693636e-06 5.129519586786358154e-07 1.768581745265126926e-07 2.570446517777726127e-07 1.908400175048722039e-07 8.760246710695374431e-08 2.627987948209690057e-08 5.133346139408091092e-09 6.821896796822538912e-10 8.595703295958474957e-11
9.517241818874791896e-06 1.753150481427587321e-05 2.663367277694287047e-05 1.214089082883056982e-02 2.536557598290664563e-04 1.582334083034062230e-05 7.328131520577804554e-06 2.788189187441444876e-06 4.442660745300602730e-06 3.825329114808910514e-06 2.124835972010124598e-06 7.918822352047627261e-07 1.926172385758960068e-07 2.996567405711473723e-08 3.542980130723678047e-09 1.092148877059135801e-04 2.011823767900430403e-04 3.056340940881719813e-04 1.393225110547053058e-01 2.910820787462659910e-03 1.815803806193887421e-04 8.409380326207721091e-05 3.199580033842849331e-05 5.098165031923510671e-05 4.389747551475063907e-05 2.438350590360517149e-05 9.087226219541516984e-06 2.210374652829487507e-06 3.438703974810549773e-07 4.065738629797866217e-08 6.281687485859660221e-04 1.157136032644648501e-03 1.757908563945507130e-03 8.013380708200816827e-01 1.674210073210952512e-02 1.044391683747240016e-03 4.836803870660683286e-04 1.840295062401898195e-04 2.932299813200942430e-04 2.524840966227620684e-04 1.402460480557433974e-04 5.226678928442362362e-05 1.271336086809762652e-05 1.977831427553049527e-06 2.338481502663723326e-07 1.398801282472358688e-05 2.576701515479486808e-05 3.914497114431989889e-05 1.784413382041493204e-02 3.728117966402033135e-04 2.325643276456595572e-05 1.077055723096280532e-05 4.097954728263658145e-06 6.529622412022317315e-06 5.622296221434229001e-06 3.122988087574477740e-06 1.163872797657315448e-06 2.831001307667753403e-07 4.404219636209311301e-08 5.207312417765483149e-09 1.369826503701119768e-06 2.523327703697891472e-06 3.833412196000367816e-06 1.747451031757036796e-03 3.650893706842696027e-05 2.277469886654545168e-06 1.054745583913499103e-06 4.013069667637944808e-07 6.394367771339066664e-07 5.505835941304590203e-07 3.058298492221270461e-07 1.139764329033109740e-07 2.772359928353474520e-08 4.312990602308541766e-09 5.099448114816889492e-10
3.600270925542750712e-06 9.380415937245698539e-06 1.855971783289156045e-05 2.493517588706377483e-05 1.218995997057907912e-02 1.980410132058539282e-04 1.208001307252117042e-05 4.629080195102830345e-06 8.014100887066233315e-06 7.895739807511995565e-06 5.221497981394379478e-06 2.383231243359166371e-06 7.221448229667363862e-07 1.387757934098312947e-07 1.835539716915459259e-08 4.131482548485931248e-05 1.076447454754463621e-04 2.129816114320758405e-04 2.861430324310961534e-04 1.398856028525054529e-01 2.272615052771649862e-03 1.386239097744548451e-04 5.312090239077231480e-05 9.196562881369358387e-05 9.060737899107900676e-05 5.991917895410407854e-05 2.734871484556532668e-05 8.286956163213630110e-06 1.592518397871884819e-06 2.106369343953134339e-07 2.376295280617352057e-04 6.191377977629385727e-04 1.225001418170806877e-03 1.645802274529121470e-03 8.045767929155125398e-01 1.307134753973562824e-02 7.973199419624377388e-04 3.055342680791117986e-04 5.289565843841574069e-04 5.211443702322152973e-04 3.446357584622602652e-04 1.573009718806219891e-04 4.766389447425857160e-05 9.159651308574692929e-06 1.211515593381174871e-06 5.291515844337925015e-06 1.378691231436499377e-05 2.727823628006038274e-05 3.664859701297615025e-05 1.791625343207753351e-02 2.910717501210087705e-04 1.775465843960581335e-05 6.803613312352279703e-06 1.177876407055134740e-05 1.160480229357208521e-05 7.674322258278830122e-06 3.502765804508191172e-06 1.061375894109699370e-06 2.039664027584218567e-07 2.697793498278320259e-08 5.181907351069170805e-07 1.350133012391894935e-06 2.671319471812576237e-06 3.588945773848935362e-06 1.754513604313265090e-03 2.850424880149524500e-05 1.738688833037541151e-06 6.662683222395517677e-07 1.153477867575701104e-06 1.136442034414613996e-06 7.515356297610132488e-07 3.430209491081240322e-07 1.039390547005499802e-07 1.997414413784572523e-08 2.641911386385385558e-09
1.367048839359049034e-06 4.699878369671089257e-06 1.162111292789027100e-05 1.914129883219044351e-05 2.250091236509219601e-05 1.223589322029655126e-02 1.430470239137436670e-04 6.460497217559111821e-06 1.123094093700393877e-05 1.242757540967997124e-05 9.553118853869022509e-06 5.199713135912351319e-06 1.914819669033249385e-06 4.508695561666556820e-07 7.147324445636180986e-08 1.568753724246020945e-05 5.393334520061259500e-05 1.333578118105789557e-04 2.196555306976714060e-04 2.582086978561909710e-04 1.404127087940517105e-01 1.641532804433009154e-03 7.413728594567805001e-05 1.288804021806025954e-04 1.426123533115647608e-04 1.096265937886932744e-04 5.966918746515274303e-05 2.197346869087599418e-05 5.173943132252801958e-06 8.201895586805368944e-07 9.022964583846187234e-05 3.102071766346676737e-04 7.670310478621517915e-04 1.263387645555133802e-03 1.485133007169249161e-03 8.076085359921976181e-01 9.441566339381595938e-03 4.264137162458930515e-04 7.412784342464835523e-04 8.202601805886818769e-04 6.305367489587846482e-04 3.431978881858693624e-04 1.263842926507270854e-04 2.975884928247025601e-05 4.717465352040383814e-06 2.009226734057984869e-06 6.907669276535494112e-06 1.708018770212449609e-05 2.813301780517352057e-05 3.307082626677471370e-05 1.798376405105276896e-02 2.102440647326702348e-04 9.495347460236346928e-06 1.650673050557180556e-05 1.826548988868451488e-05 1.404074327280541096e-05 7.642303874824192650e-06 2.814315596599683369e-06 6.626677407133750639e-07 1.050481514610074428e-07 1.967607598552410109e-07 6.764583770666682684e-07 1.672638858409282523e-06 2.755027029322424352e-06 3.238579695856001264e-06 1.761124824671177029e-03 2.058890678221526725e-05 9.298660771809729943e-07 1.616480998360170056e-06 1.788713841352893452e-06 1.374990322625195451e-06 7.484001143156524341e-07 2.756019845211898578e-07 6.489412368656878385e-08 1.028721833752972852e-08
5.929882370614227813e-07 2.497313284481680652e-06 7.322668895221111737e-06 1.410164520693069830e-05 1.905404898819487629e-05 1.907545298440795168e-05 1.227926465534522234e-02 8.737816848773707055e-05 1.313901518370195783e-05 1.591396244990245099e-05 1.375246959898689850e-05 8.586729427888452443e-06 3.685616826380907082e-06 1.022469053069206432e-06 1.922995989909871155e-07 6.804822757907793921e-06 2.865786066192432132e-05 8.403111703152168978e-05 1.618231024338578222e-04 2.186542971369735927e-04 2.188999181989742028e-04 1.409104166907966249e-01 1.002706145430783428e-03 1.507764639339549543e-04 1.826203069123767621e-04 1.578161458452802647e-04 9.853681434972462331e-05 4.229421039002307622e-05 1.173331989865605829e-05 2.206729587141655512e-06 3.913914197938408638e-05 1.648307556532628690e-04 4.833198361207826483e-04 9.307542028692757400e-04 1.257628873595770594e-03 1.259041606588352487e-03 8.104711910132006425e-01 5.767241790979819177e-03 8.672175072014577961e-04 1.050373003801763653e-03 9.077074831522460776e-04 5.667519205475742526e-04 2.432626336134007363e-04 6.748626521820343474e-05 1.269239562792080627e-05 8.715473687423951825e-07 3.670438443773023708e-06 1.076252851056247409e-05 2.072596218087579552e-05 2.800478191918976089e-05 2.803624054756411038e-05 1.804750943035839106e-02 1.284244915352827205e-04 1.931113198462261797e-05 2.338962433421947474e-05 2.021275961915125043e-05 1.262038767592601346e-05 5.416953400531371212e-06 1.502778903741880429e-06 2.826332784295221123e-07 8.534941309348547272e-08 3.594408958216789866e-07 1.053959342570072541e-06 2.029664446681814736e-06 2.742469068620839178e-06 2.745549768035204724e-06 1.767367320382003202e-03 1.257643057907667390e-05 1.891112107235946498e-06 2.290513150516762075e-06 1.979407238626139302e-06 1.235896888435119802e-06 5.304746592916003277e-07 1.471650331854210660e-07 2.767788108804139188e-08
3.421269767299167151e-07 1.623268294907265839e-06 5.280397700615554092e-06 1.118796701890107605e-05 1.646148673840856108e-05 1.772042742193648390e-05 1.383618339319095255e-05 1.235267578847879834e-02 1.383618339319097118e-05 1.772042742193645680e-05 1.646148673840857124e-05 1.118796701890108452e-05 5.280397700615556633e-06 1.623268294907262663e-06 3.421269767299163975e-07 3.926070184600942595e-06 1.862777766067385244e-05 6.059508131563627034e-05 1.283872559803474764e-04 1.889034091833375804e-04 2.033503537915143779e-04 1.587768015486269366e-04 1.417528444460362524e-01 1.587768015486271534e-04 2.033503537915140797e-04 1.889034091833376888e-04 1.283872559803475848e-04 6.059508131563629745e-05 1.862777766067381856e-05 3.926070184600938360e-06 2.258148725439663022e-05 1.071409587816617918e-04 3.485233304730767437e-04 7.384420166298822199e-04 1.086511378099367644e-03 1.169605535920104078e-03 9.132328643861506966e-04 8.153165632870604806e-01 9.132328643861519976e-04 1.169605535920102343e-03 1.086511378099368295e-03 7.384420166298828704e-04 3.485233304730769063e-04 1.071409587816615885e-04 2.258148725439660650e-05 5.028428014396913265e-07 2.385806535050777274e-06 7.760890409379546075e-06 1.644356937874624712e-05 2.419435084167062886e-05 2.604468508365974724e-05 2.033579837861727697e-05 1.815540580320387440e-02 2.033579837861730746e-05 2.604468508365970997e-05 2.419435084167064241e-05 1.644356937874626067e-05 7.760890409379549463e-06 2.385806535050772615e-06 5.028428014396907971e-07 4.924269124131433686e-08 2.336386923122849140e-07 7.600131275471585099e-07 1.610295717676386607e-06 2.369318890256224542e-06 2.550519530914952165e-06 1.991456252007166352e-06 1.777933461050371046e-03 1.991456252007168893e-06 2.550519530914948777e-06 2.369318890256225812e-06 1.610295717676387878e-06 7.600131275471587216e-07 2.336386923122844640e-07 4.924269124131428392e-08
1.922995989909802068e-07 1.022469053069208550e-06 3.685616826380926563e-06 8.586729427888445667e-06 1.375246959898689342e-05 1.591396244990246115e-05 1.313901518370196291e-05 8.737816848773708410e-05 1.227926465534522234e-02 1.907545298440794151e-05 1.905404898819486952e-05 1.410164520693072032e-05 7.322668895221098184e-06 2.497313284481671335e-06 5.929882370614286047e-07 2.206729587141576738e-06 1.173331989865608370e-05 4.229421039002330662e-05 9.853681434972454199e-05 1.578161458452802105e-04 1.826203069123768976e-04 1.507764639339550085e-04 1.002706145430783428e-03 1.409104166907966249e-01 2.188999181989741214e-04 2.186542971369735114e-04 1.618231024338580661e-04 8.403111703152154070e-05 2.865786066192421629e-05 6.804822757907860836e-06 1.269239562792035057e-05 6.748626521820358382e-05 2.432626336134020102e-04 5.667519205475738189e-04 9.077074831522457523e-04 1.050373003801764304e-03 8.672175072014581213e-04 5.767241790979819177e-03 8.104711910132006425e-01 1.259041606588352053e-03 1.257628873595770160e-03 9.307542028692771495e-04 4.833198361207817809e-04 1.648307556532622726e-04 3.913914197938446585e-05 2.826332784295120008e-07 1.502778903741883817e-06 5.416953400531400011e-06 1.262038767592600329e-05 2.021275961915124366e-05 2.338962433421949168e-05 1.931113198462262474e-05 1.284244915352827476e-04 1.804750943035839106e-02 2.803624054756409683e-05 2.800478191918974734e-05 2.072596218087582941e-05 1.076252851056245545e-05 3.670438443773010156e-06 8.715473687424037587e-07 2.767788108804039927e-08 1.471650331854213572e-07 5.304746592916030805e-07 1.235896888435118955e-06 1.979407238626138455e-06 2.290513150516763769e-06 1.891112107235947345e-06 1.257643057907667560e-05 1.767367320382003202e-03 2.745549768035203877e-06 2.742469068620837907e-06 2.029664446681818124e-06 1.053959342570070635e-06 3.594408958216776631e-07 8.534941309348630651e-08
7.147324445636362304e-08 4.508695561666529820e-07 1.914819669033246844e-06 5.199713135912352166e-06 9.553118853869017426e-06 1.242757540967998479e-05 1.123094093700393200e-05 6.460497217559118597e-06 1.430470239137436128e-04 1.223589322029655126e-02 2.250091236509219939e-05 1.914129883219046384e-05 1.162111292789026423e-05 4.699878369671087563e-06 1.367048839359055386e-06 8.201895586805576467e-07 5.173943132252770618e-06 2.197346869087596707e-05 5.966918746515274981e-05 1.096265937886932202e-04 1.426123533115649235e-04 1.288804021806025141e-04 7.413728594567813132e-05 1.641532804433008287e-03 1.404127087940517105e-01 2.582086978561910252e-04 2.196555306976716499e-04 1.333578118105788744e-04 5.393334520061257467e-05 1.568753724246028060e-05 4.717465352040503246e-06 2.975884928247007644e-05 1.263842926507269227e-04 3.431978881858694166e-04 6.305367489587843230e-04 8.202601805886827442e-04 7.412784342464830102e-04 4.264137162458934852e-04 9.441566339381592468e-03 8.076085359921976181e-01 1.485133007169249378e-03 1.263387645555135320e-03 7.670310478621513578e-04 3.102071766346675653e-04 9.022964583846227891e-05 1.050481514610100898e-07 6.626677407133711464e-07 2.814315596599679980e-06 7.642303874824194344e-06 1.404074327280540588e-05 1.826548988868453521e-05 1.650673050557179540e-05 9.495347460236357092e-06 2.102440647326701535e-04 1.798376405105276896e-02 3.307082626677471370e-05 2.813301780517355106e-05 1.708018770212448592e-05 6.907669276535491570e-06 2.009226734057994186e-06 1.028721833752998991e-08 6.489412368656840004e-08 2.756019845211895402e-07 7.484001143156525400e-07 1.374990322625194816e-06 1.788713841352895357e-06 1.616480998360168997e-06 9.298660771809739472e-07 2.058890678221525708e-05 1.761124824671177029e-03 3.238579695856001688e-06 2.755027029322427317e-06 1.672638858409281464e-06 6.764583770666680566e-07 1.967607598552419109e-07
1.835539716915795425e-08 1.387757934098357681e-07 7.221448229667253748e-07 2.383231243359178229e-06 5.221497981394386255e-06 7.895739807512026058e-06 8.014100887066224845e-06 4.629080195102835427e-06 1.208001307252117551e-05 1.980410132058543348e-04 1.218995997057907912e-02 2.493517588706380532e-05 1.855971783289152657e-05 9.380415937245673128e-06 3.600270925542738854e-06 2.106369343953520004e-07 1.592518397871936064e-06 8.286956163213503055e-06 2.734871484556546220e-05 5.991917895410415307e-05 9.060737899107935913e-05 9.196562881369348900e-05 5.312090239077237578e-05 1.386239097744549264e-04 2.272615052771654199e-03 1.398856028525054529e-01 2.861430324310965329e-04 2.129816114320754340e-04 1.076447454754460639e-04 4.131482548485918374e-05 1.211515593381396582e-06 9.159651308574987696e-06 4.766389447425783976e-05 1.573009718806227752e-04 3.446357584622606988e-04 5.211443702322173573e-04 5.289565843841568648e-04 3.055342680791121781e-04 7.973199419624380641e-04 1.307134753973565253e-02 8.045767929155124287e-01 1.645802274529123638e-03 1.225001418170804492e-03 6.191377977629368380e-04 2.376295280617344468e-04 2.697793498278814251e-08 2.039664027584284212e-07 1.061375894109683064e-06 3.502765804508208536e-06 7.674322258278838593e-06 1.160480229357213095e-05 1.177876407055133554e-05 6.803613312352287327e-06 1.775465843960582352e-05 2.910717501210093126e-04 1.791625343207753351e-02 3.664859701297619769e-05 2.727823628006033192e-05 1.378691231436495650e-05 5.291515844337908074e-06 2.641911386385869458e-09 1.997414413784636713e-08 1.039390547005483788e-07 3.430209491081257262e-07 7.515356297610143076e-07 1.136442034414618443e-06 1.153477867575699834e-06 6.662683222395526147e-07 1.738688833037541998e-06 2.850424880149530260e-05 1.754513604313265090e-03 3.588945773848940021e-06 2.671319471812571155e-06 1.350133012391891123e-06 5.181907351069153865e-07
3.542980130725122305e-09 2.996567405711621292e-08 1.926172385758871658e-07 7.918822352047679141e-07 2.124835972010120363e-06 3.825329114808904584e-06 4.442660745300600189e-06 2.788189187441430476e-06 7.328131520577812177e-06 1.582334083034058503e-05 2.536557598290654805e-04 1.214089082883057155e-02 2.663367277694287386e-05 1.753150481427589354e-05 9.517241818874808837e-06 4.065738629799523887e-08 3.438703974810719179e-07 2.210374652829385863e-06 9.087226219541576276e-06 2.438350590360512405e-05 4.389747551475056453e-05 5.098165031923507283e-05 3.199580033842832391e-05 8.409380326207730578e-05 1.815803806193883355e-04 2.910820787462648634e-03 1.393225110547053336e-01 3.056340940881720355e-04 2.011823767900432572e-04 1.092148877059137833e-04 2.338481502664676503e-07 1.977831427553146936e-06 1.271336086809704206e-05 5.226678928442396921e-05 1.402460480557431264e-04 2.524840966227616347e-04 2.932299813200940804e-04 1.840295062401888437e-04 4.836803870660688707e-04 1.044391683747237631e-03 1.674210073210945920e-02 8.013380708200817937e-01 1.757908563945507563e-03 1.157136032644649586e-03 6.281687485859671063e-04 5.207312417767605695e-09 4.404219636209527691e-08 2.831001307667623172e-07 1.163872797657323071e-06 3.122988087574471811e-06 5.622296221434219683e-06 6.529622412022313079e-06 4.097954728263636970e-06 1.077055723096281718e-05 2.325643276456590151e-05 3.728117966402018498e-04 1.784413382041493551e-02 3.914497114431990567e-05 2.576701515479489518e-05 1.398801282472361229e-05 5.099448114818968817e-10 4.312990602308753525e-09 2.772359928353347465e-08 1.139764329033117284e-07 3.058298492221264638e-07 5.505835941304581732e-07 6.394367771339062429e-07 4.013069667637923632e-07 1.054745583913500374e-06 2.277469886654540086e-06 3.650893706842681119e-05 1.747451031757037013e-03 3.833412196000367816e-06 2.523327703697894013e-06 1.369826503701122309e-06
5.972098411761287797e-10 4.739698151795552177e-09 3.566531704323481209e-08 1.825866029940493900e-07 6.086419419789773631e-07 1.325912873203148238e-06 1.785887557736519491e-06 1.228770220218219366e-06 3.563873102921977501e-06 8.077013131332305647e-06 1.833682820429266487e-05 3.089967644889946453e-04 1.209062526088257317e-02 2.779633202696049732e-05 2.301063030993592663e-05 6.853267677990842665e-09 5.439029618661910069e-08 4.092765183445991994e-07 2.095268326906601979e-06 6.984456485545320040e-06 1.521548241713455236e-05 2.049391123873346520e-05 1.410072415637851224e-05 4.089714311575277423e-05 9.268757681329358301e-05 2.104238466698141749e-04 3.545885202604428382e-03 1.387456896958083330e-01 3.189761633396948548e-04 2.640579543075079584e-04 3.941778150796062490e-08 3.128354110729775699e-07 2.354026303139505955e-06 1.205130647031251206e-05 4.017233714411057674e-05 8.751453899618537400e-05 1.178743562062006882e-04 8.110280964001378870e-05 2.352271540208024218e-04 5.331089960285666099e-04 1.210289981629173155e-03 2.039478606934384125e-02 7.980203807250128012e-01 1.834647835681466749e-03 1.518776040480569528e-03 8.777520920877976600e-10 6.966194596542602722e-09 5.241927458533189001e-08 2.683575549418408389e-07 8.945544782924475660e-07 1.948766946117641480e-06 2.624816993888906410e-06 1.805991055618989870e-06 5.238019966088654999e-06 1.187122965000953646e-05 2.695064315563687972e-05 4.541495095667501150e-04 1.777025575547975730e-02 4.085379527735562402e-05 3.381998671526994512e-05 8.595703296009316838e-11 6.821896796818352344e-10 5.133346139407266393e-09 2.627987948209699322e-08 8.760246710695572955e-08 1.908400175048730244e-07 2.570446517777749420e-07 1.768581745265122426e-07 5.129519586786386742e-07 1.162532892260696813e-06 2.639238735979076150e-06 4.447422537015673549e-05 1.740216256334791876e-03 4.000754949894553018e-06 3.311943929270168789e-06
1.000808259143493931e-10 6.441680589242954555e-10 4.788853454653870663e-09 2.867965802315762888e-08 1.173963089717769255e-07 3.107766726494962667e-07 4.889086257141012280e-07 3.707362606626727674e-07 1.198297812272683127e-06 3.230682538152216284e-06 7.878370429556015315e-06 2.046850173762438318e-05 3.638149505934172513e-04 1.204012252653401290e-02 4.754414329478148099e-05 1.148475196046140643e-09 7.392135616395522434e-09 5.495437672423605074e-08 3.291127503171380128e-07 1.347178620176870585e-06 3.566310497408905916e-06 5.610459592391761913e-06 4.254375358676256764e-06 1.375103874591638502e-05 3.707362251928843959e-05 9.040805709729021278e-05 2.348858168497434701e-04 4.174950025541144909e-03 1.381661467393836273e-01 5.455917134222116075e-04 6.605658274583960810e-09 4.251717579047142456e-08 3.160798200803893998e-07 1.892950209014480065e-06 7.748536172440267334e-06 2.051226576598902225e-05 3.226955093004260644e-05 2.446979254578247662e-05 7.909153213652677023e-05 2.132354988653156346e-04 5.199979350967029934e-04 1.350987330851841257e-03 2.401296369058231531e-02 7.946870368802668727e-01 3.138067264072702967e-03 1.470942845670343236e-10 9.467691628513918775e-10 7.038440843918780523e-09 4.215206799106481590e-08 1.725438006855830698e-07 4.567655383122369845e-07 7.185758496798790915e-07 5.448914367663560488e-07 1.761204084639958127e-06 4.748311499941124144e-06 1.157927356516215002e-05 3.008368078248717652e-05 5.347188073580511807e-04 1.769602911406456883e-02 6.987823770842536931e-05 1.440473726094541976e-11 9.271577803163660480e-11 6.892646534961225854e-10 4.127892978330409490e-09 1.689697272872679676e-08 4.473040940107770946e-08 7.036912649030983253e-08 5.336045520369237763e-08 1.724722491891308774e-07 4.649954944959596623e-07 1.133942041798085448e-06 2.946052722506658548e-06 5.236426385396784471e-05 1.732947345306090669e-03 6.843077944262579581e-06
1.290901550497883816e-11 7.592208702038779597e-11 4.609265710103234689e-10 2.644423488749213051e-09 1.220921007631411443e-08 3.852793608651836597e-08 7.104837626729326651e-08 5.978221008370234630e-08 2.184677811555644772e-07 7.212786943682837692e-07 2.289193758174631141e-06 6.647836290484754671e-06 2.087800774031940804e-05 3.869487848691966219e-04 1.206769117252080338e-02 1.481371079564358637e-10 8.712421483171455514e-10 5.289352172782755200e-09 3.034602039824717692e-08 1.401065069942925698e-07 4.421264367670761518e-07 8.153139936332235063e-07 6.860293649525879483e-07 2.507021954506353020e-06 8.277016924575048652e-06 2.626958986586718894e-05 7.628709113103405775e-05 2.395850934837086797e-04 4.440421804100530903e-03 1.384825100968513356e-01 8.520367843504166523e-10 5.011103353394707076e-09 3.042264479687320413e-08 1.745405050404952212e-07 8.058473621686487522e-07 2.542968420647915247e-06 4.689422677101529964e-06 3.945819262625659379e-06 1.441958030557519805e-05 4.760672718481075090e-05 1.510941936445799993e-04 4.387787011060622776e-04 1.378016051792945720e-03 2.553987159137678306e-02 7.965066567007265119e-01 1.897308882916965471e-11 1.115868596314097886e-10 6.774490875877044002e-10 3.886654387751763139e-09 1.794454636936162770e-08 5.662662295913652702e-08 1.044236993570668341e-07 8.786519637262036412e-08 3.210940924640958032e-07 1.060102897355641021e-06 3.364553749608282082e-06 9.770689981160705313e-06 3.068555423768709161e-05 5.687198737061678264e-04 1.773654826666807433e-02 1.858008014500502929e-12 1.092754487025588017e-11 6.634164028256933409e-11 3.806146203739859286e-10 1.757284292033167798e-09 5.545365872657352312e-09 1.022606661762582235e-08 8.604515612924258068e-09 3.144429473654475989e-08 1.038143919114401096e-07 3.294860361576398605e-07 9.568299845982884019e-07 3.004993346964036392e-06 5.569394065805461286e-05 1.736915329167650719e-03
3.097398511544285568e-03 9.931763857421914909e-05 5.358730943175725616e-06 1.706291446869735514e-06 5.875643681827430350e-07 1.851296592203276671e-07 5.607383968463882579e-08 1.534422168108793919e-08 1.823589382193321130e-08 9.888914969832512406e-09 3.133721983507562960e-09 6.787407185737860209e-10 1.183054201957936726e-10 1.948682278606832682e-11 3.313340128650775131e-12 7.848594400417174821e-02 2.516640526141507208e-03 1.357865496389805058e-04 4.323624953478980807e-05 1.488847622550359697e-05 4.691058000100122654e-06 1.420872459641376064e-06 3.888120043839723326e-07 4.620849839114439161e-07 2.505782913278814303e-07 7.940635575484618969e-08 1.719882211887987658e-08 2.997777828803709905e-09 4.937826619035970354e-10 8.395775578596930136e-11 8.622533228073523404e-01 2.764802900073187047e-02 1.491762698458888158e-03 4.749971514022789578e-04 1.635660787401166665e-04 5.153636615306999755e-05 1.560982689519682491e-05 4.271522079286544298e-06 5.076505326556900088e-06 2.752874633314854989e-06 8.723650453640408321e-07 1.889477371844889949e-07 3.293384473768726598e-08 5.424738739823341721e-09 9.223671170732477218e-10 2.069470544782324103e-02 6.635727590125582850e-04 3.580338727155487456e-05 1.140027631882086789e-05 3.925704582687303979e-06 1.236910185415706366e-06 3.746471728700806028e-07 1.025196295641979110e-07 1.218398116406829236e-07 6.607098884322160933e-08 2.093739412682939045e-08 4.534882803738818755e-09 7.904361723904393820e-10 1.301976662572075562e-10 2.213748013222036826e-11 1.998950795043891605e-03 6.409607025052602245e-05 3.458334289037533055e-06 1.101179790583780504e-06 3.791931378997058963e-07 1.194760952151983332e-07 3.618806104574764972e-08 9.902614731175805982e-09 1.176879704623962042e-08 6.381953877550158398e-09 2.022392671473136485e-09 4.380351104208675326e-10 7.635010893076107132e-11 1.257610209209715571e-11 2.138311831600620425e-12
1.220309308289515140e-05 3.090322503232171159e-03 9.337990758427970443e-05 5.253623573001682042e-06 2.022131035095437861e-06 8.292150620933235927e-07 3.075655323838467302e-07 9.515639118830773008e-08 1.254875375843511754e-07 7.976664214602488076e-08 3.013195709698024745e-08 7.361170318546565811e-09 1.229148753508278795e-09 1.653377732645974179e-10 2.568761470459088484e-11 3.092179701165684346e-04 7.830664282930265008e-02 2.366182514280491117e-03 1.331232013035437594e-04 5.123940706953788321e-05 2.101173829854533902e-05 7.793498660996153748e-06 2.411197384711405745e-06 3.179767734554865115e-06 2.021231748365616467e-06 7.635230302576080014e-07 1.865269836197363984e-07 3.114578246263516474e-08 4.189545247682637393e-09 6.509064564314242691e-10 3.397095181661876663e-03 8.602835046981898159e-01 2.599508435801656595e-02 1.462502924862972521e-03 5.629205275538154765e-04 2.308367618654906138e-04 8.562004575470735204e-05 2.648962159136799738e-05 3.493320147528335530e-05 2.220542561225143430e-05 8.388129597378200103e-06 2.049201464797334159e-06 3.421702415710854156e-07 4.602670397484286083e-08 7.150914243509932416e-09 8.153274948691525688e-05 2.064742838379038381e-02 6.239008881159896448e-04 3.510113147268361901e-05 1.351050114870040985e-05 5.540249793160798630e-06 2.054943228927048881e-06 6.357701405809938874e-07 8.384221849406239411e-07 5.329463282239671962e-07 2.013211972448311212e-07 4.918232217320619398e-08 8.212334096051054620e-09 1.104674295011491892e-09 1.716271309575983964e-10 7.875442094109467609e-06 1.994384191041042014e-03 6.026406993191718830e-05 3.390501732009014458e-06 1.305011423367554526e-06 5.351458979062403550e-07 1.984918515313226883e-07 6.141054924331963564e-08 8.098519195622482301e-08 5.147855277307550629e-08 1.944609302637224583e-08 4.750637415840886798e-09 7.932488728509071986e-10 1.067031162074374390e-10 1.657787257440184481e-11
5.906108389149594406e-06 7.134448190284085046e-06 3.103284974011698543e-03 7.930979544617263019e-05 4.706489714929888355e-06 2.073116397582317553e-06 9.147346486177372227e-07 3.153868454804713501e-07 4.583814239226188648e-07 3.403203231823291621e-07 1.562193312869860788e-07 4.686426461007606267e-08 9.154170283627867388e-09 1.216532126209782449e-09 1.532850689235194863e-10 1.496567169467164773e-04 1.807820011136126385e-04 7.863510290699878003e-02 2.009655567783926594e-03 1.192592063454008672e-04 5.253134102322940609e-05 2.317874569336344251e-05 7.991685345548641621e-06 1.161506943212360249e-05 8.623482489972786853e-06 3.958490211079266663e-06 1.187508173156984389e-06 2.319603672590572730e-07 3.082608582044313201e-08 3.884138024657582776e-09 1.644141547955220266e-03 1.986086593488504189e-03 8.638919953266261942e-01 2.207824869798192743e-02 1.310191885329477527e-03 5.771138249467721096e-04 2.546436912518619381e-04 8.779734169552540332e-05 1.276041505209436029e-04 9.473831939582496003e-05 4.348831349498775566e-05 1.304606679778322687e-05 2.548336520206788843e-06 3.386580267978799719e-07 4.267147398807322450e-08 3.946059023429640685e-05 4.766751946202507412e-05 2.073403477740054512e-02 5.298939899946384898e-04 3.144555599825697110e-05 1.385115058560170536e-05 6.111633374106601007e-06 2.107199911477448031e-06 3.062592209390221007e-06 2.273788413056005336e-06 1.043751081493303058e-06 3.131150701208389353e-07 6.116192570404632915e-08 8.128038392829717926e-09 1.024146340581776035e-09 3.811592217179633343e-06 4.604319020950727644e-06 2.002749708482176854e-03 5.118372016742944914e-05 3.037401006832144620e-06 1.337915562276027127e-06 5.903371962934699406e-07 2.035394487244233044e-07 2.958230619561558289e-07 2.196306281091801285e-07 1.008183981859194283e-07 3.024452896593944456e-08 5.907775799021031278e-09 7.851065504874449487e-10 9.892472965652035547e-11
2.442778011332887017e-06 4.499788413588188038e-06 6.836029961067367084e-06 3.116186571601349542e-03 6.510549215314954041e-05 4.061356197708950498e-06 1.880901933911279111e-06 7.156408724437892621e-07 1.140291923539162030e-06 9.818422212656863025e-07 5.453788701492864941e-07 2.032513777139721866e-07 4.943881472715258975e-08 7.691250372173739745e-09 9.093720767667068007e-10 6.189831159843436090e-05 1.140215377979960081e-04 1.732202888118752654e-04 7.896202050000841743e-02 1.649728309886894836e-03 1.029119675515873840e-04 4.766075896016918093e-05 1.813384659170512279e-05 2.889421161847303133e-05 2.487920534344470179e-05 1.381952477347000034e-05 5.150249859865828571e-06 1.252745499116716133e-06 1.948909847352919004e-07 2.304286181776601866e-08 6.800201683129151846e-04 1.252650408749628229e-03 1.903012972587165468e-03 8.674835400857969780e-01 1.812405692481348918e-02 1.130599715705554427e-03 5.236051920168256291e-04 1.992199963619654989e-04 3.174342908661826040e-04 2.733250870378954350e-04 1.518224862646700747e-04 5.658108736924116094e-05 1.376276966469217482e-05 2.141089099524245292e-06 2.531508593220632674e-07 1.632097750113183614e-05 3.006451880494614588e-05 4.567369227741073826e-05 2.082023445785143728e-02 4.349905180503388542e-04 2.713521360490794187e-05 1.256690456635111353e-05 4.781424478138455729e-06 7.618653329309365236e-06 6.560000429263251540e-06 3.643849841452587505e-06 1.357987155342758925e-06 3.303164590073447570e-07 5.138769208558803162e-08 6.075804324506995580e-09 1.576482015365556705e-06 2.904003341302953411e-06 4.411730513425766703e-06 2.011075940532411691e-03 4.201676820603114187e-05 2.621054788432466315e-06 1.213867186343092508e-06 4.618491568345817535e-07 7.359038362823681313e-07 6.336460360175525144e-07 3.519681184135122172e-07 1.311712075668768928e-07 3.190605200994859188e-08 4.963659338324217027e-09 5.868763832191610699e-10
9.240768301500100533e-07 2.407659091231275344e-06 4.763698504415065937e-06 6.400078985577233720e-06 3.128781084043023158e-03 5.083092786840014821e-05 3.100561157503227389e-06 1.188139959927029605e-06 2.056968794120994469e-06 2.026589210620310004e-06 1.340195058391113403e-06 6.117008465260998959e-07 1.853519673149992351e-07 3.561940140834737248e-08 4.711255786857153511e-09 2.341547013611304564e-05 6.100842236193187632e-05 1.207088376509449148e-04 1.621735914872151035e-04 7.928115676696691205e-02 1.288020686873215821e-03 7.856608327353388108e-05 3.010664789060625256e-05 5.212217187810862213e-05 5.135237416540938882e-05 3.395961931133920233e-05 1.550007795535982957e-05 4.696691134036566083e-06 9.025710879559507837e-07 1.193799753239514196e-07 2.572443663146440967e-04 6.702437687188173877e-04 1.326117659376158629e-03 1.781653006862232366e-03 8.709895985285504016e-01 1.415030590753940838e-02 8.631337397045637464e-04 3.307542199006536197e-04 5.726186575706635005e-04 5.641615937729836704e-04 3.730832949007856138e-04 1.702851878811780634e-04 5.159825224638447510e-05 9.915723503542235779e-06 1.311518663701942875e-06 6.174051462812303117e-06 1.608633681655743087e-05 3.182778613203204209e-05 4.276096503426325213e-05 2.090438240467453607e-02 3.396176100541948889e-04 2.071583609223729458e-05 7.938341291840850291e-06 1.374326330662392772e-05 1.354028763854924923e-05 8.954269808247701797e-06 4.086968077843597521e-06 1.238395496563351282e-06 2.379845595024881726e-07 3.147739964198259863e-08 5.963663078629949489e-07 1.553817513850315998e-06 3.074321524098061096e-06 4.130383264820781430e-06 2.019203990754119167e-03 3.280447230043308352e-05 2.000991854220005666e-06 7.667832565514539646e-07 1.327494473527917689e-06 1.307888571231051475e-06 8.649142070353538266e-07 3.947699622554319984e-07 1.196195649498586327e-07 2.298749434366591795e-08 3.040476860078905070e-09
3.508786378193804532e-07 1.206311634806075362e-06 2.982775857514456510e-06 4.912972138933714652e-06 5.775279750837925672e-06 3.140570711178100865e-03 3.671569255601992766e-05 1.658207372017424228e-06 2.882630922867015600e-06 3.189769528051845553e-06 2.451986522986118310e-06 1.334603570590704187e-06 4.914742603162256567e-07 1.157240993497776230e-07 1.834494418439214267e-08 8.891022907614710722e-06 3.056710561075531683e-05 7.558148493238463304e-05 1.244913286918825611e-04 1.463416094000442619e-04 7.957989779486662751e-02 9.303503502329245117e-04 4.201783221061109364e-05 7.304388129380029134e-05 8.082656191374974427e-05 6.213164893855497022e-05 3.381793486332023200e-05 1.245361910354863173e-05 2.932368937238056440e-06 4.648482449544406619e-07 9.767754140588009570e-05 3.358128479677343356e-04 8.303446859503721368e-04 1.367672430869563667e-03 1.607721491678265916e-03 8.742715931230438109e-01 1.022090886516806296e-02 4.616115140162611505e-04 8.024663543956026511e-04 8.879675522220963155e-04 6.825836323752615918e-04 3.715267373840921072e-04 1.368165292430089817e-04 3.221525703629410012e-05 5.106862749740615589e-06 2.344331874165334000e-06 8.059752036281340695e-06 1.992887500851938946e-05 3.282513080239842472e-05 3.858648245516858855e-05 2.098315265654582609e-02 2.453092296415036538e-04 1.107901130817051205e-05 1.925977482108918903e-05 2.131186561349624243e-05 1.638250249882464482e-05 8.916911298319678944e-06 3.283695983749965872e-06 7.731895461085682871e-07 1.225684118261788618e-07 2.264445887149578012e-07 7.785106089768404118e-07 1.924977412365170308e-06 3.170657416715047943e-06 3.727160068848409018e-06 2.026812596636474399e-03 2.369500164473549455e-05 1.070148039487904971e-06 1.860347434663878499e-06 2.058563762570869415e-06 1.582424861151073788e-06 8.613056597520616053e-07 3.171800011335678204e-07 7.468421629919441548e-08 1.183917427019858204e-08
1.522015153171715297e-07 6.409821348284916855e-07 1.879499849004808338e-06 3.619450833621956896e-06 4.890577835577683654e-06 4.896071571294291342e-06 3.151702800692389710e-03 2.242724023561898258e-05 3.372373844453886082e-06 4.084615930290084019e-06 3.529828386970732704e-06 2.203944612830151821e-06 9.459824509057401635e-07 2.624357947018216443e-07 4.935728659029201500e-08 3.856681522900905464e-06 1.624204562452026966e-05 4.762523109475301958e-05 9.171439012278482193e-05 1.239238724757505132e-04 1.240630799533225487e-04 7.986197727253523115e-02 5.682908139654575851e-04 8.545362946693491209e-05 1.035013531479550493e-04 8.944341907945019645e-05 5.584643784975554395e-05 2.397054347188269993e-05 6.649942205011286879e-06 1.250679632306050965e-06 4.236983450124864837e-05 1.784365084299276323e-04 5.232148798355041848e-04 1.007582168195844761e-03 1.361438308134395574e-03 1.362967653440986084e-03 8.773705424954637566e-01 6.243291698658365307e-03 9.388009138285508589e-04 1.137074756495734616e-03 9.826330852363471778e-04 6.135337634512812340e-04 2.633424496624561014e-04 7.305683629724908927e-05 1.374007387445132779e-05 1.016906774011080636e-06 4.282605686079119614e-06 1.255753679076650160e-05 2.418270319608944487e-05 3.267550733291751274e-05 3.271221273005632280e-05 2.105752969025924057e-02 1.498435312582053233e-04 2.253190317965277271e-05 2.729061928253309917e-05 2.358390710057649780e-05 1.472525553810537401e-05 6.320409888278691580e-06 1.753417085362978871e-06 3.297717435721977987e-07 9.822544271142460993e-08 4.136670639082615820e-07 1.212962330630124762e-06 2.335864789282036575e-06 3.156204930110192047e-06 3.159750391676582333e-06 2.033996851133321095e-03 1.447374289505915961e-05 2.176410091381919854e-06 2.636065792267547269e-06 2.278025650947226907e-06 1.422347437576904977e-06 6.105034161047642355e-07 1.693667245309132784e-07 3.185343665116008621e-08
8.781328369551160518e-08 4.166421504000521995e-07 1.355312772296608837e-06 2.871600863507348614e-06 4.225148273387734084e-06 4.548278932230023184e-06 3.551315097051099607e-06 3.170545140229259068e-03 3.551315097051104265e-06 4.548278932230017254e-06 4.225148273387736625e-06 2.871600863507351155e-06 1.355312772296609472e-06 4.166421504000514054e-07 8.781328369551152577e-08 2.225128100649902503e-06 1.055742500172266170e-05 3.434269176476600498e-05 7.276438718994541241e-05 1.070623458875163546e-04 1.152502541277390712e-04 8.998787750735870504e-05 8.033942917298861341e-02 8.998787750735882701e-05 1.152502541277389221e-04 1.070623458875164224e-04 7.276438718994546662e-05 3.434269176476601853e-05 1.055742500172264307e-05 2.225128100649900386e-06 2.444544845323401073e-05 1.159847779564315807e-04 3.772917617802267658e-04 7.993958081619849778e-04 1.176196128623416401e-03 1.266149191895465280e-03 9.886145522945712603e-04 8.826158700871753471e-01 9.886145522945727782e-04 1.266149191895463546e-03 1.176196128623417268e-03 7.993958081619856283e-04 3.772917617802269284e-04 1.159847779564313639e-04 2.444544845323398701e-05 5.867085018965501288e-07 2.783718836159023932e-06 9.055276067259141306e-06 1.918607948331797723e-05 2.822956060230803445e-05 3.038849939593721243e-05 2.372746665046930896e-05 2.118342135877075011e-02 2.372746665046934284e-05 3.038849939593717177e-05 2.822956060230805139e-05 1.918607948331799417e-05 9.055276067259144694e-06 2.783718836159018426e-06 5.867085018965494935e-07 5.667156893254934806e-08 2.688860198927855171e-07 8.746706417072261150e-07 1.853229026798629613e-06 2.726760366413374416e-06 2.935297396759466215e-06 2.291892409143805781e-06 2.046157026666863433e-03 2.291892409143808745e-06 2.935297396759462403e-06 2.726760366413376110e-06 1.853229026798631095e-06 8.746706417072264327e-07 2.688860198927849877e-07 5.667156893254929512e-08
4.935728659029024814e-08 2.624357947018221737e-07 9.459824509057451398e-07 2.203944612830150126e-06 3.529828386970731010e-06 4.084615930290086560e-06 3.372373844453887776e-06 2.242724023561898258e-05 3.151702800692389710e-03 4.896071571294289648e-06 4.890577835577681113e-06 3.619450833621962402e-06 1.879499849004804738e-06 6.409821348284892503e-07 1.522015153171730384e-07 1.250679632306006072e-06 6.649942205011301279e-06 2.397054347188282868e-05 5.584643784975550329e-05 8.944341907945015579e-05 1.035013531479551171e-04 8.545362946693495275e-05 5.682908139654576935e-04 7.986197727253523115e-02 1.240630799533224944e-04 1.239238724757504590e-04 9.171439012278497101e-05 4.762523109475293149e-05 1.624204562452020867e-05 3.856681522900943581e-06 1.374007387445083482e-05 7.305683629724923835e-05 2.633424496624575109e-04 6.135337634512806919e-04 9.826330852363467441e-04 1.137074756495735483e-03 9.388009138285512926e-04 6.243291698658366175e-03 8.773705424954637566e-01 1.362967653440985433e-03 1.361438308134394924e-03 1.007582168195846279e-03 5.232148798355032090e-04 1.784365084299269818e-04 4.236983450124906850e-05 3.297717435721859932e-07 1.753417085362982683e-06 6.320409888278725461e-06 1.472525553810536215e-05 2.358390710057648763e-05 2.729061928253311950e-05 2.253190317965278287e-05 1.498435312582053233e-04 2.105752969025924057e-02 3.271221273005630925e-05 3.267550733291749919e-05 2.418270319608948214e-05 1.255753679076647957e-05 4.282605686079103520e-06 1.016906774011090588e-06 3.185343665115894139e-08 1.693667245309136490e-07 6.105034161047675178e-07 1.422347437576903918e-06 2.278025650947226060e-06 2.636065792267548963e-06 2.176410091381920701e-06 1.447374289505916131e-05 2.033996851133321095e-03 3.159750391676581063e-06 3.156204930110190776e-06 2.335864789282040387e-06 1.212962330630122432e-06 4.136670639082600468e-07 9.822544271142557607e-08
1.834494418439260589e-08 1.157240993497769215e-07 4.914742603162250214e-07 1.334603570590704399e-06 2.451986522986117039e-06 3.189769528051848941e-06 2.882630922867013906e-06 1.658207372017425922e-06 3.671569255601990733e-05 3.140570711178100865e-03 5.775279750837925672e-06 4.912972138933720582e-06 2.982775857514454816e-06 1.206311634806074939e-06 3.508786378193820414e-07 4.648482449544524145e-07 2.932368937238038653e-06 1.245361910354861649e-05 3.381793486332023200e-05 6.213164893855494311e-05 8.082656191374982559e-05 7.304388129380025069e-05 4.201783221061114107e-05 9.303503502329240780e-04 7.957989779486662751e-02 1.463416094000442890e-04 1.244913286918826966e-04 7.558148493238459238e-05 3.056710561075531006e-05 8.891022907614751380e-06 5.106862749740744338e-06 3.221525703629390361e-05 1.368165292430088191e-04 3.715267373840921072e-04 6.825836323752612666e-04 8.879675522220972913e-04 8.024663543956021090e-04 4.616115140162616384e-04 1.022090886516805949e-02 8.742715931230438109e-01 1.607721491678265916e-03 1.367672430869565185e-03 8.303446859503717031e-04 3.358128479677342272e-04 9.767754140588054293e-05 1.225684118261819588e-07 7.731895461085636284e-07 3.283695983749962061e-06 8.916911298319680639e-06 1.638250249882463805e-05 2.131186561349626614e-05 1.925977482108917887e-05 1.107901130817052391e-05 2.453092296415035453e-04 2.098315265654582609e-02 3.858648245516859532e-05 3.282513080239846538e-05 1.992887500851937930e-05 8.059752036281339001e-06 2.344331874165344588e-06 1.183917427019888148e-08 7.468421629919396549e-08 3.171800011335674498e-07 8.613056597520617112e-07 1.582424861151072941e-06 2.058563762570871956e-06 1.860347434663877440e-06 1.070148039487906030e-06 2.369500164473548439e-05 2.026812596636474399e-03 3.727160068848409441e-06 3.170657416715051332e-06 1.924977412365169037e-06 7.785106089768402001e-07 2.264445887149588335e-07
4.711255786858016260e-09 3.561940140834851730e-08 1.853519673149964029e-07 6.117008465261029664e-07 1.340195058391115097e-06 2.026589210620318051e-06 2.056968794120992352e-06 1.188139959927031087e-06 3.100561157503228660e-06 5.083092786840024308e-05 3.128781084043022725e-03 6.400078985577242191e-06 4.763698504415057467e-06 2.407659091231268568e-06 9.240768301500070887e-07 1.193799753239732837e-07 9.025710879559797946e-07 4.696691134036494086e-06 1.550007795535990749e-05 3.395961931133924299e-05 5.135237416540959211e-05 5.212217187810856792e-05 3.010664789060628644e-05 7.856608327353392174e-05 1.288020686873218423e-03 7.928115676696691205e-02 1.621735914872153204e-04 1.207088376509446844e-04 6.100842236193171369e-05 2.341547013611297110e-05 1.311518663702183009e-06 9.915723503542554264e-06 5.159825224638368228e-05 1.702851878811789037e-04 3.730832949007861017e-04 5.641615937729858388e-04 5.726186575706629584e-04 3.307542199006539992e-04 8.631337397045640717e-04 1.415030590753943614e-02 8.709895985285502906e-01 1.781653006862234535e-03 1.326117659376156244e-03 6.702437687188155446e-04 2.572443663146432294e-04 3.147739964198836243e-08 2.379845595024958224e-07 1.238395496563332224e-06 4.086968077843617850e-06 8.954269808247711961e-06 1.354028763854930174e-05 1.374326330662391417e-05 7.938341291840858761e-06 2.071583609223730135e-05 3.396176100541955394e-04 2.090438240467453607e-02 4.276096503426330634e-05 3.182778613203198111e-05 1.608633681655738683e-05 6.174051462812283635e-06 3.040476860079461349e-09 2.298749434366665580e-08 1.196195649498568063e-07 3.947699622554339572e-07 8.649142070353548854e-07 1.307888571231056557e-06 1.327494473527916207e-06 7.667832565514548117e-07 2.000991854220006513e-06 3.280447230043315128e-05 2.019203990754119167e-03 4.130383264820786512e-06 3.074321524098055167e-06 1.553817513850311763e-06 5.963663078629930431e-07
9.093720767670774810e-10 7.691250372174118594e-09 4.943881472715031997e-08 2.032513777139735366e-07 5.453788701492855412e-07 9.818422212656846084e-07 1.140291923539161395e-06 7.156408724437855564e-07 1.880901933911281229e-06 4.061356197708941180e-06 6.510549215314928291e-05 3.116186571601349976e-03 6.836029961067367931e-06 4.499788413588192274e-06 2.442778011332891676e-06 2.304286181777541212e-08 1.948909847353015089e-07 1.252745499116658535e-06 5.150249859865862452e-06 1.381952477346997323e-05 2.487920534344466113e-05 2.889421161847301439e-05 1.813384659170502793e-05 4.766075896016923514e-05 1.029119675515871536e-04 1.649728309886888331e-03 7.896202050000843131e-02 1.732202888118753196e-04 1.140215377979961301e-04 6.189831159843448287e-05 2.531508593221664466e-07 2.141089099524350747e-06 1.376276966469154294e-05 5.658108736924154041e-05 1.518224862646698036e-04 2.733250870378950014e-04 3.174342908661824413e-04 1.992199963619644418e-04 5.236051920168261712e-04 1.130599715705552042e-03 1.812405692481341632e-02 8.674835400857970891e-01 1.903012972587165902e-03 1.252650408749629747e-03 6.800201683129164856e-04 6.075804324509472986e-09 5.138769208559056610e-08 3.303164590073296163e-07 1.357987155342767819e-06 3.643849841452580305e-06 6.560000429263241375e-06 7.618653329309360153e-06 4.781424478138430318e-06 1.256690456635112709e-05 2.713521360490788427e-05 4.349905180503371737e-04 2.082023445785143728e-02 4.567369227741074504e-05 3.006451880494617976e-05 1.632097750113186663e-05 5.868763832194003319e-10 4.963659338324461873e-09 3.190605200994712281e-08 1.311712075668777663e-07 3.519681184135115819e-07 6.336460360175515615e-07 7.359038362823676019e-07 4.618491568345793183e-07 1.213867186343093778e-06 2.621054788432460386e-06 4.201676820603097924e-05 2.011075940532412124e-03 4.411730513425767550e-06 2.904003341302956375e-06 1.576482015365559670e-06
1.532850689244261280e-10 1.216532126209035712e-09 9.154170283626396661e-09 4.686426461007622149e-08 1.562193312869896257e-07 3.403203231823305915e-07 4.583814239226230470e-07 3.153868454804705031e-07 9.147346486177423049e-07 2.073116397582323482e-06 4.706489714929889202e-06 7.930979544617296900e-05 3.103284974011698109e-03 7.134448190284078270e-06 5.906108389149572383e-06 3.884138024680556063e-09 3.082608582042421274e-08 2.319603672590200035e-07 1.187508173156988624e-06 3.958490211079356448e-06 8.623482489972822428e-06 1.161506943212370752e-05 7.991685345548619598e-06 2.317874569336356787e-05 5.253134102322955517e-05 1.192592063454008807e-04 2.009655567783935268e-03 7.863510290699876615e-02 1.807820011136124488e-04 1.496567169467159081e-04 4.267147398832561385e-08 3.386580267976721312e-07 2.548336520206379303e-06 1.304606679778327261e-05 4.348831349498873822e-05 9.473831939582536661e-05 1.276041505209447684e-04 8.779734169552517293e-05 2.546436912518633476e-04 5.771138249467737359e-04 1.310191885329477744e-03 2.207824869798201764e-02 8.638919953266261942e-01 1.986086593488502455e-03 1.644141547955214194e-03 1.024146340587833686e-09 8.128038392824730026e-09 6.116192570403649563e-08 3.131150701208399941e-07 1.043751081493326563e-06 2.273788413056015077e-06 3.062592209390248959e-06 2.107199911477442526e-06 6.111633374106634888e-06 1.385115058560174432e-05 3.144555599825697787e-05 5.298939899946407666e-04 2.073403477740054512e-02 4.766751946202502668e-05 3.946059023429625777e-05 9.892472965710548236e-11 7.851065504869630126e-10 5.907775799020081675e-09 3.024452896593954382e-08 1.008183981859217179e-07 2.196306281091810550e-07 2.958230619561585288e-07 2.035394487244227750e-07 5.903371962934732228e-07 1.337915562276030938e-06 3.037401006832145043e-06 5.118372016742966598e-05 2.002749708482176854e-03 4.604319020950723409e-06 3.811592217179618943e-06
2.568761470521416543e-11 1.653377732635247973e-10 1.229148753510085565e-09 7.361170318544992513e-09 3.013195709697782547e-08 7.976664214602695864e-08 1.254875375843488461e-07 9.515639118830600955e-08 3.075655323838445067e-07 8.292150620933151224e-07 2.022131035095416685e-06 5.253623573001663407e-06 9.337990758427868799e-05 3.090322503232172027e-03 1.220309308289522425e-05 6.509064564472177319e-10 4.189545247655457892e-09 3.114578246268094422e-08 1.865269836196965349e-07 7.635230302575464856e-07 2.021231748365668983e-06 3.179767734554806246e-06 2.411197384711362123e-06 7.793498660996096150e-06 2.101173829854512557e-05 5.123940706953734788e-05 1.331232013035432715e-04 2.366182514280465530e-03 7.830664282930267783e-02 3.092179701165702777e-04 7.150914243683440994e-09 4.602670397454426848e-08 3.421702415715883944e-07 2.049201464796896243e-06 8.388129597377524171e-06 2.220542561225201028e-05 3.493320147528271156e-05 2.648962159136751966e-05 8.562004575470674218e-05 2.308367618654882285e-04 5.629205275538096218e-04 1.462502924862967317e-03 2.599508435801628492e-02 8.602835046981899270e-01 3.397095181661897046e-03 1.716271309617627338e-10 1.104674295004325406e-09 8.212334096063126494e-09 4.918232217319567886e-08 2.013211972448148952e-07 5.329463282239810664e-07 8.384221849406083769e-07 6.357701405809823466e-07 2.054943228927034057e-06 5.540249793160741878e-06 1.351050114870026924e-05 3.510113147268349704e-05 6.239008881159828143e-04 2.064742838379039075e-02 8.153274948691574477e-05 1.657787257480408723e-11 1.067031162067452181e-10 7.932488728520732131e-10 4.750637415839871847e-09 1.944609302637067750e-08 5.147855277307684302e-08 8.098519195622331423e-08 6.141054924331852391e-08 1.984918515313212589e-07 5.351458979062349552e-07 1.305011423367540974e-06 3.390501732009002176e-06 6.026406993191653100e-05 1.994384191041042448e-03 7.875442094109515043e-06
3.313340127701600322e-12 1.948682278725917932e-11 1.183054201974877385e-10 6.787407185722325758e-10 3.133721983507416135e-09 9.888914969832404873e-09 1.823589382193175546e-08 1.534422168108961009e-08 5.607383968463596044e-08 1.851296592203272435e-07 5.875643681827363647e-07 1.706291446869727679e-06 5.358730943175694276e-06 9.931763857421943369e-05 3.097398511544285134e-03 8.395775576191786182e-11 4.937826619337724807e-10 2.997777828846636443e-09 1.719882211884051271e-08 7.940635575484247069e-08 2.505782913278786774e-07 4.620849839114070172e-07 3.888120043840146313e-07 1.420872459641303431e-06 4.691058000100112489e-06 1.488847622550342757e-05 4.323624953478960478e-05 1.357865496389796926e-04 2.516640526141514147e-03 7.848594400417173433e-02 9.223671168090165590e-10 5.424738740154851722e-09 3.293384473815886481e-08 1.889477371840565316e-07 8.723650453639999628e-07 2.752874633314824919e-06 5.076505326556495206e-06 4.271522079287009320e-06 1.560982689519602870e-05 5.153636615306988913e-05 1.635660787401147962e-04 4.749971514022767352e-04 1.491762698458879268e-03 2.764802900073194680e-02 8.622533228073522293e-01 2.213748012587862653e-11 1.301976662651640256e-10 7.904361724017580046e-10 4.534882803728439292e-09 2.093739412682841107e-08 6.607098884322089464e-08 1.218398116406732092e-07 1.025196295642090548e-07 3.746471728700614387e-07 1.236910185415703613e-06 3.925704582687259087e-06 1.140027631882081368e-05 3.580338727155465772e-05 6.635727590125601282e-04 2.069470544782324103e-02 2.138311830988056831e-12 1.257610209286569051e-11 7.635010893185437144e-11 4.380351104198650414e-10 2.022392671473041773e-09 6.381953877550088915e-09 1.176879704623868074e-08 9.902614731176882972e-09 3.618806104574579684e-08 1.194760952151980685e-07 3.791931378997016082e-07 1.101179790583775422e-06 3.458334289037512726e-06 6.409607025052619863e-05 1.998950795043891171e-03
2.258703315847126157e-03 7.242499753699771655e-05 3.907725565493659449e-06 1.244271970326721423e-06 4.284671739014648065e-07 1.350013482553531672e-07 4.089049799563159711e-08 1.118940435368358994e-08 1.329808666515456724e-08 7.211253233719270393e-09 2.285191333537051984e-09 4.949553329767435360e-10 8.627138028348154088e-11 1.421029650468615764e-11 2.416173542803695705e-12 2.372452067822029137e-02 7.607233493798307719e-04 4.104519408676474411e-05 1.306933756294364304e-05 4.500448667093518973e-06 1.418000432283652802e-06 4.294975167538763334e-07 1.175290500099932442e-07 1.396778097657771929e-07 7.574413392805017880e-08 2.400274027395060503e-08 5.198813828100354557e-09 9.061602429650801243e-10 1.492592988657418134e-10 2.537852526989195919e-11 9.145638735778008899e-01 2.932535930087703038e-02 1.582263861297120416e-03 5.038139294268025384e-04 1.734891853724001068e-04 5.466293653194335858e-05 1.655683239893965814e-05 4.530663640919626121e-06 5.384483020115337612e-06 2.919884008009802499e-06 9.252890466857220103e-07 2.004106796139482016e-07 3.493185102151085851e-08 5.753842802121457005e-09 9.783246073262977470e-10 2.372452067822005545e-02 7.607233493798232909e-04 4.104519408676433754e-05 1.306933756294351429e-05 4.500448667093474080e-06 1.418000432283638615e-06 4.294975167538720982e-07 1.175290500099920796e-07 1.396778097657758164e-07 7.574413392804942441e-08 2.400274027395036680e-08 5.198813828100303272e-09 9.061602429650712321e-10 1.492592988657403400e-10 2.537852526989171039e-11 2.258703315847122688e-03 7.242499753699759458e-05 3.907725565493652673e-06 1.244271970326719517e-06 4.284671739014640654e-07 1.350013482553529289e-07 4.089049799563153094e-08 1.118940435368357174e-08 1.329808666515454574e-08 7.211253233719257986e-09 2.285191333537048262e-09 4.949553329767427088e-10 8.627138028348139871e-11 1.421029650468613341e-11 2.416173542803691666e-12
8.898811924650955712e-06 2.253543307092048184e-03 6.809505012286991613e-05 3.831078545535700946e-06 1.474590388361185968e-06 6.046851263471306703e-07 2.242847619531274564e-07 6.939050803440793857e-08 9.150876652870515486e-08 5.816790394833297973e-08 2.197300449207617625e-08 5.367956284942784780e-09 8.963271451416583456e-10 1.205685917765015549e-10 1.873207476958951754e-11 9.346957877856321194e-05 2.367032199991192173e-02 7.152433050369755600e-04 4.024012429421674531e-05 1.548851056052003778e-05 6.351371905811515080e-06 2.355797875459809697e-06 7.288502793546810421e-07 9.611716636341257309e-07 6.109725125689588906e-07 2.307956940504049447e-07 5.638287640010138224e-08 9.414663599317391270e-09 1.266404502387117390e-09 1.967542581175250021e-10 3.603187655035937700e-03 9.124745519915483660e-01 2.757213502760956156e-02 1.551228977264706207e-03 5.970713763327544724e-04 2.448409968528790720e-04 9.081437975371987263e-05 2.809667448231385222e-05 3.705250326399376894e-05 2.355256805072554170e-05 8.897014477919031178e-06 2.173520912954576561e-06 3.629287742672128297e-07 4.881901821868180575e-08 7.584740652403721318e-09 9.346957877856227682e-05 2.367032199991168581e-02 7.152433050369685127e-04 4.024012429421634551e-05 1.548851056051988532e-05 6.351371905811452399e-06 2.355797875459786404e-06 7.288502793546738423e-07 9.611716636341162018e-07 6.109725125689528555e-07 2.307956940504026683e-07 5.638287640010082638e-08 9.414663599317298626e-09 1.266404502387104982e-09 1.967542581175230634e-10 8.898811924650940465e-06 2.253543307092044281e-03 6.809505012286979416e-05 3.831078545535695016e-06 1.474590388361183427e-06 6.046851263471297173e-07 2.242847619531270594e-07 6.939050803440781945e-08 9.150876652870500928e-08 5.816790394833288047e-08 2.197300449207613655e-08 5.367956284942776509e-09 8.963271451416568981e-10 1.205685917765013481e-10 1.873207476958948522e-11
4.306887393599751539e-06 5.202624629692824080e-06 2.262995876925140860e-03 5.783475948792720197e-05 3.432094348044482749e-06 1.511770236830657365e-06 6.670482265205926477e-07 2.299882662841916173e-07 3.342636209961074961e-07 2.481704047952313912e-07 1.139191874284889732e-07 3.417463703007352103e-08 6.675458355260421930e-09 8.871267733432897080e-10 1.117794472222398670e-10 4.523783106498936241e-05 5.464629849444094798e-05 2.376960803136816958e-02 6.074732957465108071e-04 3.604935307727476045e-05 1.587903289146913504e-05 7.006409089864313896e-06 2.415705214990101974e-06 3.510972039869125085e-06 2.606683161519412645e-06 1.196561805541778524e-06 3.589567860472061726e-07 7.011635776811921732e-08 9.318026555644460951e-09 1.174086826020115576e-09 1.743887118825384599e-03 2.106577035027109787e-03 9.163019598769330809e-01 2.341767566090522182e-02 1.389677643544259301e-03 6.121257422588621605e-04 2.700922275314734684e-04 9.312376628420782239e-05 1.353455453266057707e-04 1.004858341175159949e-04 4.612663053109270915e-05 1.383753598848251123e-05 2.702937127005782789e-06 3.592034830298746624e-07 4.526023560540792019e-08 4.523783106498891518e-05 5.464629849444040588e-05 2.376960803136793365e-02 6.074732957465048440e-04 3.604935307727440808e-05 1.587903289146897919e-05 7.006409089864245286e-06 2.415705214990078257e-06 3.510972039869090357e-06 2.606683161519386810e-06 1.196561805541766666e-06 3.589567860472026256e-07 7.011635776811852911e-08 9.318026555644368307e-09 1.174086826020103995e-09 4.306887393599744763e-06 5.202624629692815610e-06 2.262995876925136957e-03 5.783475948792710710e-05 3.432094348044476819e-06 1.511770236830654824e-06 6.670482265205914831e-07 2.299882662841912203e-07 3.342636209961069137e-07 2.481704047952309677e-07 1.139191874284887747e-07 3.417463703007346148e-08 6.675458355260410350e-09 8.871267733432881571e-10 1.117794472222396731e-10
1.781337071581773467e-06 3.281362398961946744e-06 4.985010318415529029e-06 2.272404056449622324e-03 4.747661318299675298e-05 2.961646257790656686e-06 1.371602465447861545e-06 5.218638820674742102e-07 8.315304405074705577e-07 7.159848087180194072e-07 3.977044147880679582e-07 1.482161753103437743e-07 3.605206573825613744e-08 5.608659219629410870e-09 6.631377000654894795e-10 1.871045563758427460e-05 3.446612467459458722e-05 5.236056437807757035e-05 2.386842780468986097e-02 4.986754494445107613e-04 3.110795357298876514e-05 1.440676640686268037e-05 5.481450518295549514e-06 8.734064802570254722e-06 7.520419472776798182e-06 4.177328888774528179e-06 1.556803716241132490e-06 3.786765499917053559e-07 5.891112422761183855e-08 6.965334476347829758e-09 7.212751320208479842e-04 1.328645282960348988e-03 2.018463564757959003e-03 9.201113938335118148e-01 1.922359388785489093e-02 1.199190108186632764e-03 5.553708869189793573e-04 2.113061286603614439e-04 3.366921610876311708e-04 2.899069725048970727e-04 1.610331412610303131e-04 6.001370718662766055e-05 1.459771925809341693e-05 2.270983119161141463e-06 2.685088295714955656e-07 1.871045563758409164e-05 3.446612467459424841e-05 5.236056437807704857e-05 2.386842780468962505e-02 4.986754494445058824e-04 3.110795357298845343e-05 1.440676640686253637e-05 5.481450518295495303e-06 8.734064802570168324e-06 7.520419472776723643e-06 4.177328888774486674e-06 1.556803716241117031e-06 3.786765499917016501e-07 5.891112422761125622e-08 6.965334476347761102e-09 1.781337071581770502e-06 3.281362398961941238e-06 4.985010318415520559e-06 2.272404056449618421e-03 4.747661318299667166e-05 2.961646257790652027e-06 1.371602465447859216e-06 5.218638820674733632e-07 8.315304405074691813e-07 7.159848087180182425e-07 3.977044147880673229e-07 1.482161753103435361e-07 3.605206573825607788e-08 5.608659219629400944e-09 6.631377000654884456e-10
6.738607875538417798e-07 1.755727444345615070e-06 3.473812480865998914e-06 4.667103562079091456e-06 2.281588301520916934e-03 3.706723074090299038e-05 2.261009599293601759e-06 8.664224694289176404e-07 1.499994985649662152e-06 1.477841405562597608e-06 9.773049902967451209e-07 4.460681198126293038e-07 1.351634610828446484e-07 2.597459118342890686e-08 3.435569891286838347e-09 7.077965519595918808e-06 1.844146230558578629e-05 3.648754374084564795e-05 4.902139833465187456e-05 2.396489545963995452e-02 3.893394391494467812e-04 2.374874496165400354e-05 9.100556787526441779e-06 1.575535033954885905e-05 1.552265795131678618e-05 1.026522265609154267e-05 4.685321997865182237e-06 1.419703200903613797e-06 2.728267680469839818e-07 3.608585880024546517e-08 2.728506784372829608e-04 7.109056250025257108e-04 1.406569590744225764e-03 1.889741021840647250e-03 9.238301552526674287e-01 1.500876626485495718e-02 9.154977029601630949e-04 3.508201737856685327e-04 6.073578653726480984e-04 5.983877346450350472e-04 3.957172379930224988e-04 1.806159244878074251e-04 5.472857708527634999e-05 1.051728332829186443e-05 1.391084913931748650e-06 7.077965519595848504e-06 1.844146230558560334e-05 3.648754374084528203e-05 4.902139833465139345e-05 2.396489545963971859e-02 3.893394391494429323e-04 2.374874496165376976e-05 9.100556787526350300e-06 1.575535033954870320e-05 1.552265795131663032e-05 1.026522265609144103e-05 4.685321997865135650e-06 1.419703200903599821e-06 2.728267680469812819e-07 3.608585880024510783e-08 6.738607875538406152e-07 1.755727444345612106e-06 3.473812480865992984e-06 4.667103562079083833e-06 2.281588301520913464e-03 3.706723074090292940e-05 2.261009599293598371e-06 8.664224694289161581e-07 1.499994985649659611e-06 1.477841405562595067e-06 9.773049902967436386e-07 4.460681198126285627e-07 1.351634610828444102e-07 2.597459118342886385e-08 3.435569891286832557e-09
2.558698016250487401e-07 8.796737259756035501e-07 2.175117504152753190e-06 3.582666686096349662e-06 4.211483757916140340e-06 2.290185603354488470e-03 2.677403511715355778e-05 1.209207816036091205e-06 2.102089220865856165e-06 2.326062656434454751e-06 1.788052157072920077e-06 9.732275323951442392e-07 3.583957754523189353e-07 8.438901418417879109e-08 1.337760901733569412e-08 2.687554561502422810e-06 9.239742712365951011e-06 2.284656857887374930e-05 3.763090498921310267e-05 4.423574924588850247e-05 2.405519809642116952e-02 2.812238089525598739e-04 1.270103764161450344e-05 2.207950855608136791e-05 2.443203638310426846e-05 1.878098822301636086e-05 1.022239466109883833e-05 3.764446585813052754e-06 8.863886186293094819e-07 1.405130809036310085e-07 1.036033706879395492e-04 3.561856949818708999e-04 8.807194269951030890e-04 1.450645376568874797e-03 1.705257557345556162e-03 9.273112594827197519e-01 1.084098345110382292e-02 4.896162220312470217e-04 8.511497933141287360e-04 9.418381149608878863e-04 7.239941144366000012e-04 3.940662483890869047e-04 1.451168138692266623e-04 3.416966856966273023e-05 5.416682145133893973e-06 2.687554561502396128e-06 9.239742712365859532e-06 2.284656857887352229e-05 3.763090498921272997e-05 4.423574924588806202e-05 2.405519809642093013e-02 2.812238089525571092e-04 1.270103764161437808e-05 2.207950855608115107e-05 2.443203638310402452e-05 1.878098822301617791e-05 1.022239466109873838e-05 3.764446585813015485e-06 8.863886186293006940e-07 1.405130809036296321e-07 2.558698016250483165e-07 8.796737259756020678e-07 2.175117504152749379e-06 3.582666686096343732e-06 4.211483757916133564e-06 2.290185603354484567e-03 2.677403511715351373e-05 1.209207816036089300e-06 2.102089220865852777e-06 2.326062656434450939e-06 1.788052157072917112e-06 9.732275323951427569e-07 3.583957754523183000e-07 8.438901418417864550e-08 1.337760901733567261e-08
1.109892918339569280e-07 4.674207945602881617e-07 1.370580028775427777e-06 2.639397406881162231e-06 3.566336179363738083e-06 3.570342353910940041e-06 2.298303411703823181e-03 1.635452515932043528e-05 2.459222459219938398e-06 2.978607857956380848e-06 2.574042394708535955e-06 1.607173564005149824e-06 6.898349342618765756e-07 1.913749869384558406e-07 3.599261330668317027e-08 1.165787348299069732e-06 4.909601995168038744e-06 1.439602713897957992e-05 2.772317989629732030e-05 3.745937584594518835e-05 3.750145510895366868e-05 2.414046432447971777e-02 1.717814232628648891e-04 2.583069395469733063e-05 3.128611147050639407e-05 2.703671685936974016e-05 1.688111147011299285e-05 7.245751598995001253e-06 2.010126696614292745e-06 3.780520853122021235e-07 4.494029647592319123e-05 1.892617633598071716e-04 5.549568955651487364e-04 1.068709422531266421e-03 1.444033046658133902e-03 1.445655173161606915e-03 9.305982136377171088e-01 6.622055130168337002e-03 9.957553975831400991e-04 1.206057971991855238e-03 1.042246746946135514e-03 6.507551788213130489e-04 2.793187158231142959e-04 7.748899473975061358e-05 1.457364657633326180e-05 1.165787348299058297e-06 4.909601995167989616e-06 1.439602713897943762e-05 2.772317989629704586e-05 3.745937584594481566e-05 3.750145510895329598e-05 2.414046432447948184e-02 1.717814232628632086e-04 2.583069395469707313e-05 3.128611147050608913e-05 2.703671685936947250e-05 1.688111147011282684e-05 7.245751598994929255e-06 2.010126696614272839e-06 3.780520853121983648e-07 1.109892918339567427e-07 4.674207945602874206e-07 1.370580028775425447e-06 2.639397406881157996e-06 3.566336179363732154e-06 3.570342353910934111e-06 2.298303411703819712e-03 1.635452515932040818e-05 2.459222459219934163e-06 2.978607857956376189e-06 2.574042394708531296e-06 1.607173564005147071e-06 6.898349342618754110e-07 1.913749869384555230e-07 3.599261330668310409e-08
6.403572363040460800e-08 3.038262603674722480e-07 9.883292193067044187e-07 2.094045815551100864e-06 3.081087686804807124e-06 3.316722942603731569e-06 2.589711060888973202e-06 2.312043734310560011e-03 2.589711060888976590e-06 3.316722942603726910e-06 3.081087686804809242e-06 2.094045815551102558e-06 9.883292193067048422e-07 3.038262603674716656e-07 6.403572363040454183e-08 6.726057551496319096e-07 3.191270117727271133e-06 1.038101677002992892e-05 2.199502382788604690e-05 3.236251880632469609e-05 3.483753775170692524e-05 2.720129429288650042e-05 2.428478720456841294e-02 2.720129429288653769e-05 3.483753775170687781e-05 3.236251880632471642e-05 2.199502382788606723e-05 1.038101677002993230e-05 3.191270117727265204e-06 6.726057551496311684e-07 2.592848695084845883e-05 1.230212572084166611e-04 4.001810210475825638e-04 8.478929654386803275e-04 1.247552730766783319e-03 1.342963000359510134e-03 1.048591093251043582e-03 9.361617609080731262e-01 1.048591093251045100e-03 1.342963000359508182e-03 1.247552730766784187e-03 8.478929654386809780e-04 4.001810210475827264e-04 1.230212572084164171e-04 2.592848695084843172e-05 6.726057551496252392e-07 3.191270117727239793e-06 1.038101677002982558e-05 2.199502382788583006e-05 3.236251880632437083e-05 3.483753775170658643e-05 2.720129429288622937e-05 2.428478720456817008e-02 2.720129429288626664e-05 3.483753775170653899e-05 3.236251880632439793e-05 2.199502382788584700e-05 1.038101677002983066e-05 3.191270117727233864e-06 6.726057551496244980e-07 6.403572363040450213e-08 3.038262603674717186e-07 9.883292193067027247e-07 2.094045815551097476e-06 3.081087686804802042e-06 3.316722942603726063e-06 2.589711060888968543e-06 2.312043734310556108e-03 2.589711060888972355e-06 3.316722942603721404e-06 3.081087686804804160e-06 2.094045815551099170e-06 9.883292193067031482e-07 3.038262603674711362e-07 6.403572363040443595e-08
3.599261330668187986e-08 1.913749869384562641e-07 6.898349342618802814e-07 1.607173564005148553e-06 2.574042394708534684e-06 2.978607857956382965e-06 2.459222459219939245e-06 1.635452515932043528e-05 2.298303411703823181e-03 3.570342353910938346e-06 3.566336179363736389e-06 2.639397406881166466e-06 1.370580028775425236e-06 4.674207945602864677e-07 1.109892918339580265e-07 3.780520853121885709e-07 2.010126696614297403e-06 7.245751598995039369e-06 1.688111147011297930e-05 2.703671685936973000e-05 3.128611147050641439e-05 2.583069395469734080e-05 1.717814232628649162e-04 2.414046432447971777e-02 3.750145510895365513e-05 3.745937584594517480e-05 2.772317989629736435e-05 1.439602713897955282e-05 4.909601995168020110e-06 1.165787348299081378e-06 1.457364657633273834e-05 7.748899473975077621e-05 2.793187158231158138e-04 6.507551788213125068e-04 1.042246746946135080e-03 1.206057971991856105e-03 9.957553975831405328e-04 6.622055130168337869e-03 9.305982136377171088e-01 1.445655173161606265e-03 1.444033046658133252e-03 1.068709422531267939e-03 5.549568955651477606e-04 1.892617633598064940e-04 4.494029647592363169e-05 3.780520853121848122e-07 2.010126696614277498e-06 7.245751598994968219e-06 1.688111147011281328e-05 2.703671685936946234e-05 3.128611147050610946e-05 2.583069395469708669e-05 1.717814232628632086e-04 2.414046432447948184e-02 3.750145510895328243e-05 3.745937584594480211e-05 2.772317989629708991e-05 1.439602713897941051e-05 4.909601995167971829e-06 1.165787348299069732e-06 3.599261330668181369e-08 1.913749869384559465e-07 6.898349342618791167e-07 1.607173564005145800e-06 2.574042394708530449e-06 2.978607857956378307e-06 2.459222459219935010e-06 1.635452515932040818e-05 2.298303411703819712e-03 3.570342353910932417e-06 3.566336179363730460e-06 2.639397406881162231e-06 1.370580028775422906e-06 4.674207945602856736e-07 1.109892918339578412e-07
1.337760901733603326e-08 8.438901418417828816e-08 3.583957754523184589e-07 9.732275323951444509e-07 1.788052157072919230e-06 2.326062656434457292e-06 2.102089220865854894e-06 1.209207816036092476e-06 2.677403511715354423e-05 2.290185603354488470e-03 4.211483757916141187e-06 3.582666686096353473e-06 2.175117504152751920e-06 8.796737259756033383e-07 2.558698016250499047e-07 1.405130809036345819e-07 8.863886186293040821e-07 3.764446585813048095e-06 1.022239466109884002e-05 1.878098822301635409e-05 2.443203638310429557e-05 2.207950855608135774e-05 1.270103764161451699e-05 2.812238089525597655e-04 2.405519809642116952e-02 4.423574924588850247e-05 3.763090498921315010e-05 2.284656857887373574e-05 9.239742712365949317e-06 2.687554561502435092e-06 5.416682145134031192e-06 3.416966856966252016e-05 1.451168138692264726e-04 3.940662483890869589e-04 7.239941144365996759e-04 9.418381149608888621e-04 8.511497933141281939e-04 4.896162220312475638e-04 1.084098345110381771e-02 9.273112594827197519e-01 1.705257557345556379e-03 1.450645376568876314e-03 8.807194269951025469e-04 3.561856949818707914e-04 1.036033706879400235e-04 1.405130809036331790e-07 8.863886186292954000e-07 3.764446585813010826e-06 1.022239466109874007e-05 1.878098822301616774e-05 2.443203638310405162e-05 2.207950855608113751e-05 1.270103764161439163e-05 2.812238089525570008e-04 2.405519809642093013e-02 4.423574924588806879e-05 3.763090498921277741e-05 2.284656857887350874e-05 9.239742712365857838e-06 2.687554561502408410e-06 1.337760901733601010e-08 8.438901418417814258e-08 3.583957754523178765e-07 9.732275323951427569e-07 1.788052157072916265e-06 2.326062656434453480e-06 2.102089220865851506e-06 1.209207816036090570e-06 2.677403511715350018e-05 2.290185603354484567e-03 4.211483757916133564e-06 3.582666686096347544e-06 2.175117504152748108e-06 8.796737259756018560e-07 2.558698016250494812e-07
3.435569891287467418e-09 2.597459118342974397e-08 1.351634610828425838e-07 4.460681198126315273e-07 9.773049902967463915e-07 1.477841405562603325e-06 1.499994985649660669e-06 8.664224694289186992e-07 2.261009599293603030e-06 3.706723074090306492e-05 2.281588301520916934e-03 4.667103562079097385e-06 3.473812480865992561e-06 1.755727444345610200e-06 6.738607875538396622e-07 3.608585880025206938e-08 2.728267680469927698e-07 1.419703200903591986e-06 4.685321997865205954e-06 1.026522265609155623e-05 1.552265795131684716e-05 1.575535033954884550e-05 9.100556787526451944e-06 2.374874496165401371e-05 3.893394391494475401e-04 2.396489545963995105e-02 4.902139833465194232e-05 3.648754374084558019e-05 1.844146230558573547e-05 7.077965519595895938e-06 1.391084913932003396e-06 1.051728332829220324e-05 5.472857708527550973e-05 1.806159244878083466e-04 3.957172379930230409e-04 5.983877346450374324e-04 6.073578653726474479e-04 3.508201737856689664e-04 9.154977029601635286e-04 1.500876626485498667e-02 9.238301552526673177e-01 1.889741021840649635e-03 1.406569590744223162e-03 7.109056250025237592e-04 2.728506784372820935e-04 3.608585880025171204e-08 2.728267680469900699e-07 1.419703200903578010e-06 4.685321997865159367e-06 1.026522265609145458e-05 1.552265795131669470e-05 1.575535033954868965e-05 9.100556787526362158e-06 2.374874496165377993e-05 3.893394391494436912e-04 2.396489545963971513e-02 4.902139833465145443e-05 3.648754374084521427e-05 1.844146230558555590e-05 7.077965519595825634e-06 3.435569891287461628e-09 2.597459118342969765e-08 1.351634610828423456e-07 4.460681198126307861e-07 9.773049902967449092e-07 1.477841405562600784e-06 1.499994985649658128e-06 8.664224694289172169e-07 2.261009599293599218e-06 3.706723074090300394e-05 2.281588301520913031e-03 4.667103562079089762e-06 3.473812480865986632e-06 1.755727444345607235e-06 6.738607875538384976e-07
6.631377000657598642e-10 5.608659219629687148e-09 3.605206573825448308e-08 1.482161753103447537e-07 3.977044147880672170e-07 7.159848087180182425e-07 8.315304405074700283e-07 5.218638820674715632e-07 1.371602465447863028e-06 2.961646257790650333e-06 4.747661318299656324e-05 2.272404056449622758e-03 4.985010318415529876e-06 3.281362398961950555e-06 1.781337071581776643e-06 6.965334476350669469e-09 5.891112422761473699e-08 3.786765499916879917e-07 1.556803716241142866e-06 4.177328888774520555e-06 7.520419472776786323e-06 8.734064802570249640e-06 5.481450518295521561e-06 1.440676640686269562e-05 3.110795357298869738e-05 4.986754494445088098e-04 2.386842780468986444e-02 5.236056437807757712e-05 3.446612467459462110e-05 1.871045563758431187e-05 2.685088295716050446e-07 2.270983119161253271e-06 1.459771925809274608e-05 6.001370718662806035e-05 1.610331412610300150e-04 2.899069725048965848e-04 3.366921610876310081e-04 2.113061286603603597e-04 5.553708869189800078e-04 1.199190108186629945e-03 1.922359388785481807e-02 9.201113938335119258e-01 2.018463564757959437e-03 1.328645282960350289e-03 7.212751320208492852e-04 6.965334476350600813e-09 5.891112422761415466e-08 3.786765499916842330e-07 1.556803716241127408e-06 4.177328888774479051e-06 7.520419472776711784e-06 8.734064802570163242e-06 5.481450518295467351e-06 1.440676640686255331e-05 3.110795357298838567e-05 4.986754494445039309e-04 2.386842780468962852e-02 5.236056437807706213e-05 3.446612467459428229e-05 1.871045563758412552e-05 6.631377000657587268e-10 5.608659219629677222e-09 3.605206573825442352e-08 1.482161753103445154e-07 3.977044147880665288e-07 7.159848087180170779e-07 8.315304405074686519e-07 5.218638820674706103e-07 1.371602465447860910e-06 2.961646257790645251e-06 4.747661318299648193e-05 2.272404056449618855e-03 4.985010318415521406e-06 3.281362398961945050e-06 1.781337071581773679e-06
1.117794472229010170e-10 8.871267733427452164e-10 6.675458355259349077e-09 3.417463703007364015e-08 1.139191874284915540e-07 2.481704047952324500e-07 3.342636209961105136e-07 2.299882662841910085e-07 6.670482265205963535e-07 1.511770236830661600e-06 3.432094348044483172e-06 5.783475948792744591e-05 2.262995876925140426e-03 5.202624629692818998e-06 4.306887393599735446e-06 1.174086826027060171e-09 9.318026555638741824e-09 7.011635776810795443e-08 3.589567860472073902e-07 1.196561805541805629e-06 2.606683161519423656e-06 3.510972039869157273e-06 2.415705214990095621e-06 7.006409089864352859e-06 1.587903289146917909e-05 3.604935307727476722e-05 6.074732957465134092e-04 2.376960803136816611e-02 5.464629849444089377e-05 4.523783106498919300e-05 4.526023560567562892e-08 3.592034830296541691e-07 2.702937127005348685e-06 1.383753598848255866e-05 4.612663053109375270e-05 1.004858341175164286e-04 1.353455453266070175e-04 9.312376628420757844e-05 2.700922275314749320e-04 6.121257422588638952e-04 1.389677643544259301e-03 2.341767566090532243e-02 9.163019598769329699e-01 2.106577035027108052e-03 1.743887118825378094e-03 1.174086826027048383e-09 9.318026555638649180e-09 7.011635776810725298e-08 3.589567860472038432e-07 1.196561805541793771e-06 2.606683161519397821e-06 3.510972039869122544e-06 2.415705214990071904e-06 7.006409089864283403e-06 1.587903289146902323e-05 3.604935307727441486e-05 6.074732957465073377e-04 2.376960803136793018e-02 5.464629849444035167e-05 4.523783106498874577e-05 1.117794472229008231e-10 8.871267733427437688e-10 6.675458355259337496e-09 3.417463703007358059e-08 1.139191874284913555e-07 2.481704047952320265e-07 3.342636209961099842e-07 2.299882662841906379e-07 6.670482265205951888e-07 1.511770236830659059e-06 3.432094348044477243e-06 5.783475948792735105e-05 2.262995876925136957e-03 5.202624629692810528e-06 4.306887393599728669e-06
1.873207477004402743e-11 1.205685917757193781e-10 8.963271451429759410e-10 5.367956284941638308e-09 2.197300449207440608e-08 5.816790394833448850e-08 9.150876652870346080e-08 6.939050803440669449e-08 2.242847619531258418e-07 6.046851263471245293e-07 1.474590388361170510e-06 3.831078545535687393e-06 6.809505012286917074e-05 2.253543307092048618e-03 8.898811924651009922e-06 1.967542581222989975e-10 1.266404502378901832e-09 9.414663599331230001e-09 5.638287640008933188e-08 2.307956940503863629e-07 6.109725125689747725e-07 9.611716636341077315e-07 7.288502793546679131e-07 2.355797875459792757e-06 6.351371905811449858e-06 1.548851056051987854e-05 4.024012429421659624e-05 7.152433050369678622e-04 2.367032199991192520e-02 9.346957877856376759e-05 7.584740652587755769e-09 4.881901821836509484e-08 3.629287742677463016e-07 2.173520912954111964e-06 8.897014477918314588e-06 2.355256805072615157e-05 3.705250326399308453e-05 2.809667448231334739e-05 9.081437975371922211e-05 2.448409968528765784e-04 5.970713763327481841e-04 1.551228977264700569e-03 2.757213502760926319e-02 9.124745519915485881e-01 3.603187655035959384e-03 1.967542581222970588e-10 1.266404502378889218e-09 9.414663599331137357e-09 5.638287640008877601e-08 2.307956940503840865e-07 6.109725125689687374e-07 9.611716636340984141e-07 7.288502793546607133e-07 2.355797875459769463e-06 6.351371905811387178e-06 1.548851056051972269e-05 4.024012429421620321e-05 7.152433050369607064e-04 2.367032199991169275e-02 9.346957877856284602e-05 1.873207477004399835e-11 1.205685917757191971e-10 8.963271451429743900e-10 5.367956284941629209e-09 2.197300449207436969e-08 5.816790394833439586e-08 9.150876652870331521e-08 6.939050803440657538e-08 2.242847619531254447e-07 6.046851263471234705e-07 1.474590388361167969e-06 3.831078545535681464e-06 6.809505012286906232e-05 2.253543307092045148e-03 8.898811924650994675e-06
2.416173542111532536e-12 1.421029650555455835e-11 8.627138028471690928e-11 4.949553329756108155e-10 2.285191333536945278e-09 7.211253233719190984e-09 1.329808666515350680e-08 1.118940435368480755e-08 4.089049799562950600e-08 1.350013482553528495e-07 4.284671739014598831e-07 1.244271970326715705e-06 3.907725565493635732e-06 7.242499753699791984e-05 2.258703315847126157e-03 2.537852526262175569e-11 1.492592988748631599e-10 9.061602429780558998e-10 5.198813828088455564e-09 2.400274027394948338e-08 7.574413392804934500e-08 1.396778097657660491e-07 1.175290500100060292e-07 4.294975167538544164e-07 1.418000432283649626e-06 4.500448667093467304e-06 1.306933756294358205e-05 4.104519408676450017e-05 7.607233493798329403e-04 2.372452067822028790e-02 9.783246070460363409e-10 5.753842802473079076e-09 3.493185102201106455e-08 2.004106796134895067e-07 9.252890466856787057e-07 2.919884008009770735e-06 5.384483020114908166e-06 4.530663640920119094e-06 1.655683239893881111e-05 5.466293653194323661e-05 1.734891853723981281e-04 5.038139294268001531e-04 1.582263861297110875e-03 2.932535930087711365e-02 9.145638735778007788e-01 2.537852526262150366e-11 1.492592988748616865e-10 9.061602429780469042e-10 5.198813828088404279e-09 2.400274027394924515e-08 7.574413392804860384e-08 1.396778097657646727e-07 1.175290500100048645e-07 4.294975167538501283e-07 1.418000432283635438e-06 4.500448667093423258e-06 1.306933756294345330e-05 4.104519408676409359e-05 7.607233493798254594e-04 2.372452067822005545e-02 2.416173542111528497e-12 1.421029650555453411e-11 8.627138028471675418e-11 4.949553329756099883e-10 2.285191333536941555e-09 7.211253233719178576e-09 1.329808666515348529e-08 1.118940435368478935e-08 4.089049799562943983e-08 1.350013482553526378e-07 4.284671739014591949e-07 1.244271970326713588e-06 3.907725565493628956e-06 7.242499753699779786e-05 2.258703315847122254e-03
1.998950795043894207e-03 6.409607025052609021e-05 3.458334289037537714e-06 1.101179790583781986e-06 3.791931378997063728e-07 1.194760952151984920e-07 3.618806104574768942e-08 9.902614731175819217e-09 1.176879704623963531e-08 6.381953877550166670e-09 2.022392671473138966e-09 4.380351104208681013e-10 7.635010893076117471e-11 1.257610209209717025e-11 2.138311831600623253e-12 2.069470544782343532e-02 6.635727590125643565e-04 3.580338727155519982e-05 1.140027631882097292e-05 3.925704582687339555e-06 1.236910185415717801e-06 3.746471728700840439e-07 1.025196295641988507e-07 1.218398116406840618e-07 6.607098884322223137e-08 2.093739412682958236e-08 4.534882803738860114e-09 7.904361723904466199e-10 1.301976662572087453e-10 2.213748013222057182e-11 8.622533228073524514e-01 2.764802900073187394e-02 1.491762698458888375e-03 4.749971514022790120e-04 1.635660787401166936e-04 5.153636615307000433e-05 1.560982689519682830e-05 4.271522079286545145e-06 5.076505326556900935e-06 2.752874633314855412e-06 8.723650453640409380e-07 1.889477371844890213e-07 3.293384473768727260e-08 5.424738739823342548e-09 9.223671170732478252e-10 7.848594400417140127e-02 2.516640526141495932e-03 1.357865496389799094e-04 4.323624953478961156e-05 1.488847622550353090e-05 4.691058000100102325e-06 1.420872459641369923e-06 3.888120043839706385e-07 4.620849839114418514e-07 2.505782913278803185e-07 7.940635575484583235e-08 1.719882211887980048e-08 2.997777828803696670e-09 4.937826619035948640e-10 8.395775578596892654e-11 3.097398511544275160e-03 9.931763857421881028e-05 5.358730943175707828e-06 1.706291446869729796e-06 5.875643681827411292e-07 1.851296592203270318e-07 5.607383968463863389e-08 1.534422168108788956e-08 1.823589382193314843e-08 9.888914969832479319e-09 3.133721983507552206e-09 6.787407185737837462e-10 1.183054201957932590e-10 1.948682278606825896e-11 3.313340128650763822e-12
7.875442094109477774e-06 1.994384191041044616e-03 6.026406993191726284e-05 3.390501732009018693e-06 1.305011423367556220e-06 5.351458979062410962e-07 1.984918515313229530e-07 6.141054924331971505e-08 8.098519195622491565e-08 5.147855277307557247e-08 1.944609302637226899e-08 4.750637415840892588e-09 7.932488728509081292e-10 1.067031162074375812e-10 1.657787257440186743e-11 8.153274948691600227e-05 2.064742838379057463e-02 6.239008881159953911e-04 3.510113147268394427e-05 1.351050114870053521e-05 5.540249793160849452e-06 2.054943228927067939e-06 6.357701405809997108e-07 8.384221849406316703e-07 5.329463282239720667e-07 2.013211972448329741e-07 4.918232217320664397e-08 8.212334096051130720e-09 1.104674295011502232e-09 1.716271309575999732e-10 3.397095181661877097e-03 8.602835046981899270e-01 2.599508435801656941e-02 1.462502924862972738e-03 5.629205275538155849e-04 2.308367618654906409e-04 8.562004575470736560e-05 2.648962159136800077e-05 3.493320147528336208e-05 2.220542561225143769e-05 8.388129597378200103e-06 2.049201464797334582e-06 3.421702415710854686e-07 4.602670397484286744e-08 7.150914243509933243e-09 3.092179701165670251e-04 7.830664282930230313e-02 2.366182514280480709e-03 1.331232013035431631e-04 5.123940706953765959e-05 2.101173829854524754e-05 7.793498660996118173e-06 2.411197384711395157e-06 3.179767734554850715e-06 2.021231748365607573e-06 7.635230302576045074e-07 1.865269836197355778e-07 3.114578246263502577e-08 4.189545247682619195e-09 6.509064564314213740e-10 1.220309308289510905e-05 3.090322503232160751e-03 9.337990758427937917e-05 5.253623573001664254e-06 2.022131035095431084e-06 8.292150620933208398e-07 3.075655323838456714e-07 9.515639118830739921e-08 1.254875375843507519e-07 7.976664214602461606e-08 3.013195709698014819e-08 7.361170318546540995e-09 1.229148753508274660e-09 1.653377732645968492e-10 2.568761470459079760e-11
3.811592217179638002e-06 4.604319020950733574e-06 2.002749708482179456e-03 5.118372016742951013e-05 3.037401006832148431e-06 1.337915562276028609e-06 5.903371962934706817e-07 2.035394487244235691e-07 2.958230619561561995e-07 2.196306281091803932e-07 1.008183981859195607e-07 3.024452896593947765e-08 5.907775799021038723e-09 7.851065504874458793e-10 9.892472965652048472e-11 3.946059023429677277e-05 4.766751946202551457e-05 2.073403477740073941e-02 5.298939899946433687e-04 3.144555599825726248e-05 1.385115058560183411e-05 6.111633374106657758e-06 2.107199911477467513e-06 3.062592209390249383e-06 2.273788413056026512e-06 1.043751081493312587e-06 3.131150701208417941e-07 6.116192570404689825e-08 8.128038392829794026e-09 1.024146340581785548e-09 1.644141547955220483e-03 1.986086593488504623e-03 8.638919953266263052e-01 2.207824869798192743e-02 1.310191885329477527e-03 5.771138249467722180e-04 2.546436912518619923e-04 8.779734169552540332e-05 1.276041505209436300e-04 9.473831939582497358e-05 4.348831349498776243e-05 1.304606679778322856e-05 2.548336520206789267e-06 3.386580267978800248e-07 4.267147398807323112e-08 1.496567169467157997e-04 1.807820011136118254e-04 7.863510290699843308e-02 2.009655567783917920e-03 1.192592063454003386e-04 5.253134102322916892e-05 2.317874569336333748e-05 7.991685345548606045e-06 1.161506943212354997e-05 8.623482489972747890e-06 3.958490211079248875e-06 1.187508173156979306e-06 2.319603672590562407e-07 3.082608582044299966e-08 3.884138024657565405e-09 5.906108389149574077e-06 7.134448190284061329e-06 3.103284974011687701e-03 7.930979544617237269e-05 4.706489714929872261e-06 2.073116397582310353e-06 9.147346486177341522e-07 3.153868454804702913e-07 4.583814239226173295e-07 3.403203231823280504e-07 1.562193312869855494e-07 4.686426461007590385e-08 9.154170283627837610e-09 1.216532126209778313e-09 1.532850689235189693e-10
1.576482015365558823e-06 2.904003341302957222e-06 4.411730513425772633e-06 2.011075940532414293e-03 4.201676820603119608e-05 2.621054788432469704e-06 1.213867186343093990e-06 4.618491568345823359e-07 7.359038362823689784e-07 6.336460360175533614e-07 3.519681184135126937e-07 1.311712075668770517e-07 3.190605200994863158e-08 4.963659338324223645e-09 5.868763832191617937e-10 1.632097750113198860e-05 3.006451880494642371e-05 4.567369227741115839e-05 2.082023445785162810e-02 4.349905180503428658e-04 2.713521360490819259e-05 1.256690456635122873e-05 4.781424478138499774e-06 7.618653329309435539e-06 6.560000429263312526e-06 3.643849841452620963e-06 1.357987155342771419e-06 3.303164590073478275e-07 5.138769208558850808e-08 6.075804324507051828e-09 6.800201683129152930e-04 1.252650408749628446e-03 1.903012972587165685e-03 8.674835400857970891e-01 1.812405692481348918e-02 1.130599715705554644e-03 5.236051920168257375e-04 1.992199963619655260e-04 3.174342908661826582e-04 2.733250870378954350e-04 1.518224862646701018e-04 5.658108736924116771e-05 1.376276966469217652e-05 2.141089099524245715e-06 2.531508593220633203e-07 6.189831159843408985e-05 1.140215377979954931e-04 1.732202888118745065e-04 7.896202050000807049e-02 1.649728309886887463e-03 1.029119675515869232e-04 4.766075896016897087e-05 1.813384659170504148e-05 2.889421161847290258e-05 2.487920534344458998e-05 1.381952477346993766e-05 5.150249859865805701e-06 1.252745499116710627e-06 1.948909847352910534e-07 2.304286181776591609e-08 2.442778011332878970e-06 4.499788413588172792e-06 6.836029961067344215e-06 3.116186571601339134e-03 6.510549215314932357e-05 4.061356197708936945e-06 1.880901933911272758e-06 7.156408724437868269e-07 1.140291923539158219e-06 9.818422212656829144e-07 5.453788701492846941e-07 2.032513777139714984e-07 4.943881472715242432e-08 7.691250372173713275e-09 9.093720767667036988e-10
5.963663078629956900e-07 1.553817513850317904e-06 3.074321524098064908e-06 4.130383264820786512e-06 2.019203990754121769e-03 3.280447230043312417e-05 2.000991854220008207e-06 7.667832565514549176e-07 1.327494473527919383e-06 1.307888571231053169e-06 8.649142070353548854e-07 3.947699622554325278e-07 1.196195649498587916e-07 2.298749434366594773e-08 3.040476860078908793e-09 6.174051462812359868e-06 1.608633681655757995e-05 3.182778613203234025e-05 4.276096503426365193e-05 2.090438240467473036e-02 3.396176100541980331e-04 2.071583609223748431e-05 7.938341291840923135e-06 1.374326330662405478e-05 1.354028763854937459e-05 8.954269808247783112e-06 4.086968077843635638e-06 1.238395496563362717e-06 2.379845595024903696e-07 3.147739964198288980e-08 2.572443663146440967e-04 6.702437687188174962e-04 1.326117659376158846e-03 1.781653006862232583e-03 8.709895985285505127e-01 1.415030590753941012e-02 8.631337397045638548e-04 3.307542199006536197e-04 5.726186575706636089e-04 5.641615937729837788e-04 3.730832949007856681e-04 1.702851878811780634e-04 5.159825224638448188e-05 9.915723503542237473e-06 1.311518663701943087e-06 2.341547013611294060e-05 6.100842236193160527e-05 1.207088376509443727e-04 1.621735914872143988e-04 7.928115676696656511e-02 1.288020686873210183e-03 7.856608327353354227e-05 3.010664789060612043e-05 5.212217187810838496e-05 5.135237416540915843e-05 3.395961931133904647e-05 1.550007795535976180e-05 4.696691134036544908e-06 9.025710879559467603e-07 1.193799753239508902e-07 9.240768301500068769e-07 2.407659091231267297e-06 4.763698504415049843e-06 6.400078985577212544e-06 3.128781084043012750e-03 5.083092786839997203e-05 3.100561157503216801e-06 1.188139959927025581e-06 2.056968794120987693e-06 2.026589210620303228e-06 1.340195058391108956e-06 6.117008465260978842e-07 1.853519673149985998e-07 3.561940140834725336e-08 4.711255786857137794e-09
2.264445887149580923e-07 7.785106089768413647e-07 1.924977412365172849e-06 3.170657416715051755e-06 3.727160068848413677e-06 2.026812596636477001e-03 2.369500164473552505e-05 1.070148039487906242e-06 1.860347434663880828e-06 2.058563762570871956e-06 1.582424861151075694e-06 8.613056597520627700e-07 3.171800011335682439e-07 7.468421629919450812e-08 1.183917427019859693e-08 2.344331874165355599e-06 8.059752036281415233e-06 1.992887500851957581e-05 3.282513080239872965e-05 3.858648245516894091e-05 2.098315265654602038e-02 2.453092296415059306e-04 1.107901130817061369e-05 1.925977482108936860e-05 2.131186561349643894e-05 1.638250249882479729e-05 8.916911298319761954e-06 3.283695983749996366e-06 7.731895461085753810e-07 1.225684118261800000e-07 9.767754140588009570e-05 3.358128479677343898e-04 8.303446859503722452e-04 1.367672430869563667e-03 1.607721491678265916e-03 8.742715931230439219e-01 1.022090886516806470e-02 4.616115140162612047e-04 8.024663543956027595e-04 8.879675522220964240e-04 6.825836323752615918e-04 3.715267373840921072e-04 1.368165292430089817e-04 3.221525703629410012e-05 5.106862749740616436e-06 8.891022907614671758e-06 3.056710561075518131e-05 7.558148493238429422e-05 1.244913286918820190e-04 1.463416094000436114e-04 7.957989779486626669e-02 9.303503502329203917e-04 4.201783221061090390e-05 7.304388129379996608e-05 8.082656191374937836e-05 6.213164893855469917e-05 3.381793486332007614e-05 1.245361910354857752e-05 2.932368937238043311e-06 4.648482449544385443e-07 3.508786378193792356e-07 1.206311634806071339e-06 2.982775857514446769e-06 4.912972138933698559e-06 5.775279750837905343e-06 3.140570711178090457e-03 3.671569255601979891e-05 1.658207372017418511e-06 2.882630922867005860e-06 3.189769528051834541e-06 2.451986522986109839e-06 1.334603570590699740e-06 4.914742603162239626e-07 1.157240993497772259e-07 1.834494418439207981e-08
9.822544271142472904e-08 4.136670639082621114e-07 1.212962330630126244e-06 2.335864789282039540e-06 3.156204930110196282e-06 3.159750391676586569e-06 2.033996851133323697e-03 1.447374289505917655e-05 2.176410091381922395e-06 2.636065792267550234e-06 2.278025650947229872e-06 1.422347437576906671e-06 6.105034161047649767e-07 1.693667245309134901e-07 3.185343665116012591e-08 1.016906774011089953e-06 4.282605686079159424e-06 1.255753679076661849e-05 2.418270319608966848e-05 3.267550733291781767e-05 3.271221273005662096e-05 2.105752969025943486e-02 1.498435312582067057e-04 2.253190317965297939e-05 2.729061928253335328e-05 2.358390710057671464e-05 1.472525553810550953e-05 6.320409888278750025e-06 1.753417085362994965e-06 3.297717435722008692e-07 4.236983450124865515e-05 1.784365084299276594e-04 5.232148798355042933e-04 1.007582168195844978e-03 1.361438308134395574e-03 1.362967653440986084e-03 8.773705424954638676e-01 6.243291698658366175e-03 9.388009138285509673e-04 1.137074756495734832e-03 9.826330852363473947e-04 6.135337634512812340e-04 2.633424496624561556e-04 7.305683629724908927e-05 1.374007387445132949e-05 3.856681522900888524e-06 1.624204562452019851e-05 4.762523109475280951e-05 9.171439012278441536e-05 1.239238724757499711e-04 1.240630799533219795e-04 7.986197727253487033e-02 5.682908139654550914e-04 8.545362946693453262e-05 1.035013531479545885e-04 8.944341907944980343e-05 5.584643784975530000e-05 2.397054347188259490e-05 6.649942205011257233e-06 1.250679632306045248e-06 1.522015153171710267e-07 6.409821348284894621e-07 1.879499849004801985e-06 3.619450833621944614e-06 4.890577835577666713e-06 4.896071571294275249e-06 3.151702800692379302e-03 2.242724023561890466e-05 3.372373844453874647e-06 4.084615930290070466e-06 3.529828386970720422e-06 2.203944612830144621e-06 9.459824509057368812e-07 2.624357947018207443e-07 4.935728659029184956e-08
5.667156893254942085e-08 2.688860198927858348e-07 8.746706417072271738e-07 1.853229026798631942e-06 2.726760366413377804e-06 2.935297396759470026e-06 2.291892409143808322e-06 2.046157026666866035e-03 2.291892409143811710e-06 2.935297396759466215e-06 2.726760366413379498e-06 1.853229026798633424e-06 8.746706417072274915e-07 2.688860198927853583e-07 5.667156893254936129e-08 5.867085018965555286e-07 2.783718836159049343e-06 9.055276067259224315e-06 1.918607948331815341e-05 2.822956060230829534e-05 3.038849939593749364e-05 2.372746665046952919e-05 2.118342135877094787e-02 2.372746665046956307e-05 3.038849939593745299e-05 2.822956060230831228e-05 1.918607948331817035e-05 9.055276067259227703e-06 2.783718836159044261e-06 5.867085018965549992e-07 2.444544845323401411e-05 1.159847779564315942e-04 3.772917617802268200e-04 7.993958081619850862e-04 1.176196128623416617e-03 1.266149191895465497e-03 9.886145522945714772e-04 8.826158700871754581e-01 9.886145522945727782e-04 1.266149191895463762e-03 1.176196128623417485e-03 7.993958081619857367e-04 3.772917617802269826e-04 1.159847779564313774e-04 2.444544845323399040e-05 2.225128100649892762e-06 1.055742500172261596e-05 3.434269176476585590e-05 7.276438718994508714e-05 1.070623458875158803e-04 1.152502541277385697e-04 8.998787750735829846e-05 8.033942917298825259e-02 8.998787750735842044e-05 1.152502541277384071e-04 1.070623458875159481e-04 7.276438718994515491e-05 3.434269176476586945e-05 1.055742500172259563e-05 2.225128100649890645e-06 8.781328369551131401e-08 4.166421504000507702e-07 1.355312772296604390e-06 2.871600863507338873e-06 4.225148273387719684e-06 4.548278932230007937e-06 3.551315097051087325e-06 3.170545140229248226e-03 3.551315097051092407e-06 4.548278932230002008e-06 4.225148273387722225e-06 2.871600863507341414e-06 1.355312772296604814e-06 4.166421504000500290e-07 8.781328369551122137e-08
3.185343665115898110e-08 1.693667245309138607e-07 6.105034161047682589e-07 1.422347437576905612e-06 2.278025650947229024e-06 2.636065792267552351e-06 2.176410091381923666e-06 1.447374289505917825e-05 2.033996851133323697e-03 3.159750391676584874e-06 3.156204930110195012e-06 2.335864789282043351e-06 1.212962330630123915e-06 4.136670639082605762e-07 9.822544271142569519e-08 3.297717435721890107e-07 1.753417085362998776e-06 6.320409888278783907e-06 1.472525553810549768e-05 2.358390710057670447e-05 2.729061928253337022e-05 2.253190317965298955e-05 1.498435312582067057e-04 2.105752969025943486e-02 3.271221273005660740e-05 3.267550733291780412e-05 2.418270319608970575e-05 1.255753679076659477e-05 4.282605686079143330e-06 1.016906774011100118e-06 1.374007387445083652e-05 7.305683629724925190e-05 2.633424496624575651e-04 6.135337634512808003e-04 9.826330852363469610e-04 1.137074756495735700e-03 9.388009138285514010e-04 6.243291698658367042e-03 8.773705424954638676e-01 1.362967653440985650e-03 1.361438308134395141e-03 1.007582168195846496e-03 5.232148798355033175e-04 1.784365084299270089e-04 4.236983450124907528e-05 1.250679632306000567e-06 6.649942205011271633e-06 2.397054347188272026e-05 5.584643784975525257e-05 8.944341907944976277e-05 1.035013531479546563e-04 8.545362946693457328e-05 5.682908139654551999e-04 7.986197727253487033e-02 1.240630799533219523e-04 1.239238724757499169e-04 9.171439012278456444e-05 4.762523109475272142e-05 1.624204562452013752e-05 3.856681522900926640e-06 4.935728659029008270e-08 2.624357947018213266e-07 9.459824509057419634e-07 2.203944612830142927e-06 3.529828386970719152e-06 4.084615930290073007e-06 3.372373844453876341e-06 2.242724023561890804e-05 3.151702800692379302e-03 4.896071571294272707e-06 4.890577835577665019e-06 3.619450833621950120e-06 1.879499849004798385e-06 6.409821348284871327e-07 1.522015153171725090e-07
1.183917427019889637e-08 7.468421629919407137e-08 3.171800011335678204e-07 8.613056597520628759e-07 1.582424861151075058e-06 2.058563762570874498e-06 1.860347434663879769e-06 1.070148039487907512e-06 2.369500164473551488e-05 2.026812596636477001e-03 3.727160068848414100e-06 3.170657416715055143e-06 1.924977412365171579e-06 7.785106089768411530e-07 2.264445887149591247e-07 1.225684118261830970e-07 7.731895461085707223e-07 3.283695983749992130e-06 8.916911298319763648e-06 1.638250249882479051e-05 2.131186561349646266e-05 1.925977482108935844e-05 1.107901130817062555e-05 2.453092296415058222e-04 2.098315265654602038e-02 3.858648245516894769e-05 3.282513080239876353e-05 1.992887500851956226e-05 8.059752036281413539e-06 2.344331874165366187e-06 5.106862749740745185e-06 3.221525703629391039e-05 1.368165292430088191e-04 3.715267373840921614e-04 6.825836323752613750e-04 8.879675522220973997e-04 8.024663543956022174e-04 4.616115140162616926e-04 1.022090886516805949e-02 8.742715931230439219e-01 1.607721491678266133e-03 1.367672430869565185e-03 8.303446859503718115e-04 3.358128479677342814e-04 9.767754140588054293e-05 4.648482449544503498e-07 2.932368937238025524e-06 1.245361910354856058e-05 3.381793486332008292e-05 6.213164893855467206e-05 8.082656191374947322e-05 7.304388129379992543e-05 4.201783221061095134e-05 9.303503502329199580e-04 7.957989779486626669e-02 1.463416094000436385e-04 1.244913286918821545e-04 7.558148493238425357e-05 3.056710561075517453e-05 8.891022907614712416e-06 1.834494418439254634e-08 1.157240993497765245e-07 4.914742603162233273e-07 1.334603570590699740e-06 2.451986522986108992e-06 3.189769528051838353e-06 2.882630922867004166e-06 1.658207372017420205e-06 3.671569255601978536e-05 3.140570711178090457e-03 5.775279750837906190e-06 4.912972138933703641e-06 2.982775857514445075e-06 1.206311634806070915e-06 3.508786378193808767e-07
3.040476860079465485e-09 2.298749434366668558e-08 1.196195649498569651e-07 3.947699622554344866e-07 8.649142070353560500e-07 1.307888571231058251e-06 1.327494473527917901e-06 7.667832565514557646e-07 2.000991854220009054e-06 3.280447230043319194e-05 2.019203990754121769e-03 4.130383264820792442e-06 3.074321524098059402e-06 1.553817513850313669e-06 5.963663078629937842e-07 3.147739964198865360e-08 2.379845595024980194e-07 1.238395496563343659e-06 4.086968077843655967e-06 8.954269808247794971e-06 1.354028763854942711e-05 1.374326330662404122e-05 7.938341291840933300e-06 2.071583609223749448e-05 3.396176100541986836e-04 2.090438240467472689e-02 4.276096503426370614e-05 3.182778613203227926e-05 1.608633681655753590e-05 6.174051462812340386e-06 1.311518663702183221e-06 9.915723503542555958e-06 5.159825224638368905e-05 1.702851878811789308e-04 3.730832949007861559e-04 5.641615937729859472e-04 5.726186575706630668e-04 3.307542199006540534e-04 8.631337397045641801e-04 1.415030590753943787e-02 8.709895985285504016e-01 1.781653006862234752e-03 1.326117659376156244e-03 6.702437687188156530e-04 2.572443663146432836e-04 1.193799753239727543e-07 9.025710879559757712e-07 4.696691134036472910e-06 1.550007795535983973e-05 3.395961931133909391e-05 5.135237416540936172e-05 5.212217187810833753e-05 3.010664789060615431e-05 7.856608327353356938e-05 1.288020686873212568e-03 7.928115676696655123e-02 1.621735914872146156e-04 1.207088376509441423e-04 6.100842236193144264e-05 2.341547013611286606e-05 4.711255786858000544e-09 3.561940140834839818e-08 1.853519673149957676e-07 6.117008465261008488e-07 1.340195058391110650e-06 2.026589210620310851e-06 2.056968794120985575e-06 1.188139959927027064e-06 3.100561157503218495e-06 5.083092786840007367e-05 3.128781084043012316e-03 6.400078985577221015e-06 4.763698504415041373e-06 2.407659091231260521e-06 9.240768301500039123e-07
5.868763832194010557e-10 4.963659338324467663e-09 3.190605200994716913e-08 1.311712075668779252e-07 3.519681184135120055e-07 6.336460360175523026e-07 7.359038362823685549e-07 4.618491568345799006e-07 1.213867186343095472e-06 2.621054788432463774e-06 4.201676820603103345e-05 2.011075940532414726e-03 4.411730513425773480e-06 2.904003341302960187e-06 1.576482015365561787e-06 6.075804324509528407e-09 5.138769208559103594e-08 3.303164590073326339e-07 1.357987155342780313e-06 3.643849841452614187e-06 6.560000429263301515e-06 7.618653329309430457e-06 4.781424478138474363e-06 1.256690456635124228e-05 2.713521360490813499e-05 4.349905180503411853e-04 2.082023445785163157e-02 4.567369227741117194e-05 3.006451880494645759e-05 1.632097750113201910e-05 2.531508593221664995e-07 2.141089099524351171e-06 1.376276966469154463e-05 5.658108736924154718e-05 1.518224862646698036e-04 2.733250870378950014e-04 3.174342908661824956e-04 1.992199963619644689e-04 5.236051920168262796e-04 1.130599715705552042e-03 1.812405692481341979e-02 8.674835400857972001e-01 1.903012972587166118e-03 1.252650408749629747e-03 6.800201683129165941e-04 2.304286181777530955e-08 1.948909847353006354e-07 1.252745499116653029e-06 5.150249859865839582e-06 1.381952477346991225e-05 2.487920534344454932e-05 2.889421161847288564e-05 1.813384659170494661e-05 4.766075896016902508e-05 1.029119675515866928e-04 1.649728309886880958e-03 7.896202050000808437e-02 1.732202888118745336e-04 1.140215377979956286e-04 6.189831159843421182e-05 9.093720767670743791e-10 7.691250372174092124e-09 4.943881472715015453e-08 2.032513777139728484e-07 5.453788701492836354e-07 9.818422212656812203e-07 1.140291923539157583e-06 7.156408724437831211e-07 1.880901933911274876e-06 4.061356197708927628e-06 6.510549215314906607e-05 3.116186571601339567e-03 6.836029961067345062e-06 4.499788413588177874e-06 2.442778011332883206e-06
9.892472965710559868e-11 7.851065504869640466e-10 5.907775799020089120e-09 3.024452896593958353e-08 1.008183981859218371e-07 2.196306281091813197e-07 2.958230619561588994e-07 2.035394487244230133e-07 5.903371962934739640e-07 1.337915562276032421e-06 3.037401006832148855e-06 5.118372016742972697e-05 2.002749708482179456e-03 4.604319020950728491e-06 3.811592217179623602e-06 1.024146340587842991e-09 8.128038392824804473e-09 6.116192570403706473e-08 3.131150701208429058e-07 1.043751081493336304e-06 2.273788413056035830e-06 3.062592209390277335e-06 2.107199911477462008e-06 6.111633374106691639e-06 1.385115058560187307e-05 3.144555599825726925e-05 5.298939899946456455e-04 2.073403477740073594e-02 4.766751946202546714e-05 3.946059023429662369e-05 4.267147398832562046e-08 3.386580267976721312e-07 2.548336520206379726e-06 1.304606679778327430e-05 4.348831349498874499e-05 9.473831939582536661e-05 1.276041505209447955e-04 8.779734169552517293e-05 2.546436912518634018e-04 5.771138249467738443e-04 1.310191885329477744e-03 2.207824869798202111e-02 8.638919953266263052e-01 1.986086593488502888e-03 1.644141547955214411e-03 3.884138024680538692e-09 3.082608582042408039e-08 2.319603672590189712e-07 1.187508173156983330e-06 3.958490211079338661e-06 8.623482489972785159e-06 1.161506943212365670e-05 7.991685345548584022e-06 2.317874569336346623e-05 5.253134102322931800e-05 1.192592063454003522e-04 2.009655567783926160e-03 7.863510290699841920e-02 1.807820011136116627e-04 1.496567169467152305e-04 1.532850689244256110e-10 1.216532126209031576e-09 9.154170283626365228e-09 4.686426461007606929e-08 1.562193312869890963e-07 3.403203231823294797e-07 4.583814239226214588e-07 3.153868454804694443e-07 9.147346486177391285e-07 2.073116397582316282e-06 4.706489714929873108e-06 7.930979544617269795e-05 3.103284974011687701e-03 7.134448190284053706e-06 5.906108389149552055e-06
1.657787257480410985e-11 1.067031162067453474e-10 7.932488728520742470e-10 4.750637415839877637e-09 1.944609302637070397e-08 5.147855277307690919e-08 8.098519195622342011e-08 6.141054924331860332e-08 1.984918515313215236e-07 5.351458979062355905e-07 1.305011423367542456e-06 3.390501732009006411e-06 6.026406993191661232e-05 1.994384191041045050e-03 7.875442094109525208e-06 1.716271309617643106e-10 1.104674295004335746e-09 8.212334096063202594e-09 4.918232217319613546e-08 2.013211972448167481e-07 5.329463282239859368e-07 8.384221849406161061e-07 6.357701405809882758e-07 2.054943228927053116e-06 5.540249793160792700e-06 1.351050114870039291e-05 3.510113147268382230e-05 6.239008881159885606e-04 2.064742838379058157e-02 8.153274948691650371e-05 7.150914243683441821e-09 4.602670397454427510e-08 3.421702415715884473e-07 2.049201464796896666e-06 8.388129597377525865e-06 2.220542561225201367e-05 3.493320147528271833e-05 2.648962159136752304e-05 8.562004575470674218e-05 2.308367618654882556e-04 5.629205275538096218e-04 1.462502924862967534e-03 2.599508435801628839e-02 8.602835046981900380e-01 3.397095181661897480e-03 6.509064564472148368e-10 4.189545247655439694e-09 3.114578246268080526e-08 1.865269836196957143e-07 7.635230302575430975e-07 2.021231748365660089e-06 3.179767734554791847e-06 2.411197384711351535e-06 7.793498660996062269e-06 2.101173829854503070e-05 5.123940706953711749e-05 1.331232013035427023e-04 2.366182514280455122e-03 7.830664282930231701e-02 3.092179701165689225e-04 2.568761470521407819e-11 1.653377732635242286e-10 1.229148753510081429e-09 7.361170318544967698e-09 3.013195709697771959e-08 7.976664214602668071e-08 1.254875375843484226e-07 9.515639118830569191e-08 3.075655323838435009e-07 8.292150620933122636e-07 2.022131035095409908e-06 5.253623573001645620e-06 9.337990758427837628e-05 3.090322503232161185e-03 1.220309308289518359e-05
2.138311830988059658e-12 1.257610209286570505e-11 7.635010893185446191e-11 4.380351104198655584e-10 2.022392671473044254e-09 6.381953877550096360e-09 1.176879704623869563e-08 9.902614731176896207e-09 3.618806104574584316e-08 1.194760952151982273e-07 3.791931378997020847e-07 1.101179790583776904e-06 3.458334289037516961e-06 6.409607025052627995e-05 1.998950795043893773e-03 2.213748012587883333e-11 1.301976662651652147e-10 7.904361724017652424e-10 4.534882803728481478e-09 2.093739412682860298e-08 6.607098884322150345e-08 1.218398116406743474e-07 1.025196295642100077e-07 3.746471728700649327e-07 1.236910185415715048e-06 3.925704582687295509e-06 1.140027631882091871e-05 3.580338727155498975e-05 6.635727590125663081e-04 2.069470544782343185e-02 9.223671168090166624e-10 5.424738740154851722e-09 3.293384473815886481e-08 1.889477371840565581e-07 8.723650453640000687e-07 2.752874633314825343e-06 5.076505326556495206e-06 4.271522079287010167e-06 1.560982689519603209e-05 5.153636615306988913e-05 1.635660787401148233e-04 4.749971514022767894e-04 1.491762698458879485e-03 2.764802900073195027e-02 8.622533228073523404e-01 8.395775576191748701e-11 4.937826619337703094e-10 2.997777828846623208e-09 1.719882211884043661e-08 7.940635575484211335e-08 2.505782913278775657e-07 4.620849839114050055e-07 3.888120043840129372e-07 1.420872459641297290e-06 4.691058000100092160e-06 1.488847622550336150e-05 4.323624953478941504e-05 1.357865496389790963e-04 2.516640526141502871e-03 7.848594400417138739e-02 3.313340127701589013e-12 1.948682278725911470e-11 1.183054201974873507e-10 6.787407185722303010e-10 3.133721983507405795e-09 9.888914969832371785e-09 1.823589382193169590e-08 1.534422168108955715e-08 5.607383968463576853e-08 1.851296592203266083e-07 5.875643681827343529e-07 1.706291446869721749e-06 5.358730943175675641e-06 9.931763857421909488e-05 3.097398511544274726e-03
1.736915329167654188e-03 5.569394065805455865e-05 3.004993346964060109e-06 9.568299845982947546e-07 3.294860361576442545e-07 1.038143919114405464e-07 3.144429473654642748e-08 8.604515612923339898e-09 1.022606661762665780e-08 5.545365872657423450e-09 1.757284292033253412e-09 3.806146203748577769e-10 6.634164028161948517e-11 1.092754486958811116e-11 1.858008015032771439e-12 1.773654826666825127e-02 5.687198737061718379e-04 3.068555423768757950e-05 9.770689981160847614e-06 3.364553749608353233e-06 1.060102897355653938e-06 3.210940924641153908e-07 8.786519637261166880e-08 1.044236993570761912e-07 5.662662295913770493e-08 1.794454636936264348e-08 3.886654387760696689e-09 6.774490875780102571e-10 1.115868596245917395e-10 1.897308883460507791e-11 7.965066567007274001e-01 2.553987159137674143e-02 1.378016051792955478e-03 4.387787011060647713e-04 1.510941936445818696e-04 4.760672718481090675e-05 1.441958030557595022e-05 3.945819262625234168e-06 4.689422677101909435e-06 2.542968420647945740e-06 8.058473621686873981e-07 1.745405050408948884e-07 3.042264479643760420e-08 5.011103353088480677e-09 8.520367845945012109e-10 1.384825100968511968e-01 4.440421804100512689e-03 2.395850934837098452e-04 7.628709113103432880e-05 2.626958986586745660e-05 8.277016924575057122e-06 2.507021954506478381e-06 6.860293649525124565e-07 8.153139936332875632e-07 4.421264367670804928e-07 1.401065069942989490e-07 3.034602039831660054e-08 5.289352172707007790e-09 8.712421482639023135e-10 1.481371079988726331e-10 1.206769117252081552e-02 3.869487848691959171e-04 2.087800774031955373e-05 6.647836290484791940e-06 2.289193758174659517e-06 7.212786943682860986e-07 2.184677811555758592e-07 5.978221008369590091e-08 7.104837626729901045e-08 3.852793608651882257e-08 1.220921007631469842e-08 2.644423488755268013e-09 4.609265710037236533e-10 7.592208701574821746e-11 1.290901550867690580e-11
6.843077944262550782e-06 1.732947345306093704e-03 5.236426385396851556e-05 2.946052722506674642e-06 1.133942041798099636e-06 4.649954944959653269e-07 1.724722491891324391e-07 5.336045520369344304e-08 7.036912649031127514e-08 4.473040940107663081e-08 1.689697272872819304e-08 4.127892978331299536e-09 6.892646534951107367e-10 9.271577803223827530e-11 1.440473726059593272e-11 6.987823770842564036e-05 1.769602911406473536e-02 5.347188073580622395e-04 3.008368078248757971e-05 1.157927356516238550e-05 4.748311499941219012e-06 1.761204084639987985e-06 5.448914367663712954e-07 7.185758496798995262e-07 4.567655383122296259e-07 1.725438006855986605e-07 4.215206799107423914e-08 7.038440843908503631e-09 9.467691628575432061e-10 1.470942845634667194e-10 3.138067264072687355e-03 7.946870368802675388e-01 2.401296369058260327e-02 1.350987330851847546e-03 5.199979350967090649e-04 2.132354988653180469e-04 7.909153213652743430e-05 2.446979254578294418e-05 3.226955093004323663e-05 2.051226576598851064e-05 7.748536172440899220e-06 1.892950209014886641e-06 3.160798200799251199e-07 4.251717579074729260e-08 6.605658274423689603e-09 5.455917134222077044e-04 1.381661467393834331e-01 4.174950025541185675e-03 2.348858168497440393e-04 9.040805709729106659e-05 3.707362251928877841e-05 1.375103874591646802e-05 4.254375358676328762e-06 5.610459592391859321e-06 3.566310497408808931e-06 1.347178620176977523e-06 3.291127503172079460e-07 5.495437672415520541e-08 7.392135616443469958e-09 1.148475196018272928e-09 4.754414329478124382e-05 1.204012252653402157e-02 3.638149505934215881e-04 2.046850173762447466e-05 7.878370429556105100e-06 3.230682538152252706e-06 1.198297812272692868e-06 3.707362606626798084e-07 4.889086257141107571e-07 3.107766726494884846e-07 1.173963089717864943e-07 2.867965802316378310e-08 4.788853454646836320e-09 6.441680589284750958e-10 1.000808259119211527e-10
3.311943929270187424e-06 4.000754949894564029e-06 1.740216256334795562e-03 4.447422537015663385e-05 2.639238735979080809e-06 1.162532892260695754e-06 5.129519586786368742e-07 1.768581745265130367e-07 2.570446517777730892e-07 1.908400175048725744e-07 8.760246710695390313e-08 2.627987948209695351e-08 5.133346139408101018e-09 6.821896796822552354e-10 8.595703295958491759e-11 3.381998671527040591e-05 4.085379527735606448e-05 1.777025575547993425e-02 4.541495095667526629e-04 2.695064315563714061e-05 1.187122965000961947e-05 5.238019966088677869e-06 1.805991055619012316e-06 2.624816993888908528e-06 1.948766946117652491e-06 8.945544782924361311e-07 2.683575549418425329e-07 5.241927458534083018e-08 6.966194596546947075e-09 8.777520920826145463e-10 1.518776040480576900e-03 1.834647835681470652e-03 7.980203807250138004e-01 2.039478606934377880e-02 1.210289981629174240e-03 5.331089960285656341e-04 2.352271540208013647e-04 8.110280964001408686e-05 1.178743562061997395e-04 8.751453899618510295e-05 4.017233714410971615e-05 1.205130647031248326e-05 2.354026303139887120e-06 3.128354110731698993e-07 3.941778150772751879e-08 2.640579543075086090e-04 3.189761633396947463e-04 1.387456896958081942e-01 3.545885202604409300e-03 2.104238466698139039e-04 9.268757681329321710e-05 4.089714311575249641e-05 1.410072415637853257e-05 2.049391123873325513e-05 1.521548241713447104e-05 6.984456485545154021e-06 2.095268326906592238e-06 4.092765183446645268e-07 5.439029618665241953e-08 6.853267677950298407e-09 2.301063030993603505e-05 2.779633202696055153e-05 1.209062526088258704e-02 3.089967644889936695e-04 1.833682820429268181e-05 8.077013131332290400e-06 3.563873102921961408e-06 1.228770220218223813e-06 1.785887557736504880e-06 1.325912873203144003e-06 6.086419419789641282e-07 1.825866029940489400e-07 3.566531704324057589e-08 4.739698151798466335e-09 5.972098411725969252e-10
1.369826503701122521e-06 2.523327703697896130e-06 3.833412196000374592e-06 1.747451031757040049e-03 3.650893706842702803e-05 2.277469886654549403e-06 1.054745583913501221e-06 4.013069667637952749e-07 6.394367771339079370e-07 5.505835941304600791e-07 3.058298492221276285e-07 1.139764329033111858e-07 2.772359928353479814e-08 4.312990602308550038e-09 5.099448114816899831e-10 1.398801282472372410e-05 2.576701515479512219e-05 3.914497114432027836e-05 1.784413382041510898e-02 3.728117966402069998e-04 2.325643276456618272e-05 1.077055723096291036e-05 4.097954728263698803e-06 6.529622412022381689e-06 5.622296221434284058e-06 3.122988087574508657e-06 1.163872797657326883e-06 2.831001307667780932e-07 4.404219636209354314e-08 5.207312417765534435e-09 6.281687485859666726e-04 1.157136032644649586e-03 1.757908563945509081e-03 8.013380708200825708e-01 1.674210073210954247e-02 1.044391683747241100e-03 4.836803870660688707e-04 1.840295062401900092e-04 2.932299813200945683e-04 2.524840966227623394e-04 1.402460480557435329e-04 5.226678928442368460e-05 1.271336086809764007e-05 1.977831427553051645e-06 2.338481502663725709e-07 1.092148877059134445e-04 2.011823767900427964e-04 3.056340940881716018e-04 1.393225110547051393e-01 2.910820787462656441e-03 1.815803806193885253e-04 8.409380326207711604e-05 3.199580033842845266e-05 5.098165031923504573e-05 4.389747551475058486e-05 2.438350590360514100e-05 9.087226219541506820e-06 2.210374652829484966e-06 3.438703974810546067e-07 4.065738629797861585e-08 9.517241818874800366e-06 1.753150481427589015e-05 2.663367277694289419e-05 1.214089082883058196e-02 2.536557598290667273e-04 1.582334083034063585e-05 7.328131520577811330e-06 2.788189187441447840e-06 4.442660745300607812e-06 3.825329114808914749e-06 2.124835972010126716e-06 7.918822352047634672e-07 1.926172385758961920e-07 2.996567405711476370e-08 3.542980130723681356e-09
5.181907351069180334e-07 1.350133012391897476e-06 2.671319471812581319e-06 3.588945773848942562e-06 1.754513604313268560e-03 2.850424880149529921e-05 1.738688833037544539e-06 6.662683222395531441e-07 1.153477867575703222e-06 1.136442034414616325e-06 7.515356297610147311e-07 3.430209491081246674e-07 1.039390547005501787e-07 1.997414413784576494e-08 2.641911386385390934e-09 5.291515844337976684e-06 1.378691231436512930e-05 2.727823628006065040e-05 3.664859701297650939e-05 1.791625343207771046e-02 2.910717501210115894e-04 1.775465843960598954e-05 6.803613312352346619e-06 1.177876407055146259e-05 1.160480229357219871e-05 7.674322258278904661e-06 3.502765804508225476e-06 1.061375894109709746e-06 2.039664027584238684e-07 2.697793498278346728e-08 2.376295280617354768e-04 6.191377977629392232e-04 1.225001418170808178e-03 1.645802274529123204e-03 8.045767929155134279e-01 1.307134753973564212e-02 7.973199419624386062e-04 3.055342680791121239e-04 5.289565843841580574e-04 5.211443702322158394e-04 3.446357584622606446e-04 1.573009718806221788e-04 4.766389447425861903e-05 9.159651308574703093e-06 1.211515593381176142e-06 4.131482548485926505e-05 1.076447454754462401e-04 2.129816114320755966e-04 2.861430324310958282e-04 1.398856028525052864e-01 2.272615052771647260e-03 1.386239097744546825e-04 5.312090239077224703e-05 9.196562881369347545e-05 9.060737899107889834e-05 5.991917895410400400e-05 2.734871484556529279e-05 8.286956163213621640e-06 1.592518397871882913e-06 2.106369343953131957e-07 3.600270925542754100e-06 9.380415937245708703e-06 1.855971783289157739e-05 2.493517588706379854e-05 1.218995997057909127e-02 1.980410132058541450e-04 1.208001307252118228e-05 4.629080195102834580e-06 8.014100887066241785e-06 7.895739807512004035e-06 5.221497981394384561e-06 2.383231243359168912e-06 7.221448229667371274e-07 1.387757934098314271e-07 1.835539716915461244e-08
1.967607598552413815e-07 6.764583770666695390e-07 1.672638858409285699e-06 2.755027029322429434e-06 3.238579695856007617e-06 1.761124824671180282e-03 2.058890678221530791e-05 9.298660771809747943e-07 1.616480998360173232e-06 1.788713841352896840e-06 1.374990322625197992e-06 7.484001143156539164e-07 2.756019845211904401e-07 6.489412368656891620e-08 1.028721833752974837e-08 2.009226734058004774e-06 6.907669276535561874e-06 1.708018770212466549e-05 2.813301780517379501e-05 3.307082626677503896e-05 1.798376405105294590e-02 2.102440647326723219e-04 9.495347460236440101e-06 1.650673050557196819e-05 1.826548988868469445e-05 1.404074327280554987e-05 7.642303874824268883e-06 2.814315596599710897e-06 6.626677407133816284e-07 1.050481514610084751e-07 9.022964583846196721e-05 3.102071766346679990e-04 7.670310478621526588e-04 1.263387645555135320e-03 1.485133007169250679e-03 8.076085359921985063e-01 9.441566339381606346e-03 4.264137162458935394e-04 7.412784342464843112e-04 8.202601805886827442e-04 6.305367489587852987e-04 3.431978881858697419e-04 1.263842926507272209e-04 2.975884928247028651e-05 4.717465352040388897e-06 1.568753724246019251e-05 5.393334520061252724e-05 1.333578118105787930e-04 2.196555306976711620e-04 2.582086978561907000e-04 1.404127087940515439e-01 1.641532804433007203e-03 7.413728594567796869e-05 1.288804021806024599e-04 1.426123533115645982e-04 1.096265937886931388e-04 5.966918746515267527e-05 2.197346869087596707e-05 5.173943132252796029e-06 8.201895586805359415e-07 1.367048839359050516e-06 4.699878369671093492e-06 1.162111292789028286e-05 1.914129883219046045e-05 2.250091236509221972e-05 1.223589322029656340e-02 1.430470239137438026e-04 6.460497217559117750e-06 1.123094093700394894e-05 1.242757540967998310e-05 9.553118853869030979e-06 5.199713135912356401e-06 1.914819669033251079e-06 4.508695561666561055e-07 7.147324445636187604e-08
8.534941309348563154e-08 3.594408958216796748e-07 1.053959342570074658e-06 2.029664446681818971e-06 2.742469068620844260e-06 2.745549768035210230e-06 1.767367320382006671e-03 1.257643057907669762e-05 1.891112107235950098e-06 2.290513150516766734e-06 1.979407238626143114e-06 1.235896888435122132e-06 5.304746592916012806e-07 1.471650331854213307e-07 2.767788108804144482e-08 8.715473687424037587e-07 3.670438443773059707e-06 1.076252851056258081e-05 2.072596218087599881e-05 2.800478191919003533e-05 2.803624054756438482e-05 1.804750943035856800e-02 1.284244915352839944e-04 1.931113198462280770e-05 2.338962433421970513e-05 2.021275961915145033e-05 1.262038767592613712e-05 5.416953400531424575e-06 1.502778903741895252e-06 2.826332784295249180e-07 3.913914197938412703e-05 1.648307556532630316e-04 4.833198361207831904e-04 9.307542028692767158e-04 1.257628873595772112e-03 1.259041606588354005e-03 8.104711910132014197e-01 5.767241790979825249e-03 8.672175072014586634e-04 1.050373003801764737e-03 9.077074831522470534e-04 5.667519205475747947e-04 2.432626336134009802e-04 6.748626521820350250e-05 1.269239562792081983e-05 6.804822757907786298e-06 2.865786066192428744e-05 8.403111703152159491e-05 1.618231024338576325e-04 2.186542971369733487e-04 2.188999181989739588e-04 1.409104166907964584e-01 1.002706145430782127e-03 1.507764639339547645e-04 1.826203069123765452e-04 1.578161458452800750e-04 9.853681434972451489e-05 4.229421039002302879e-05 1.173331989865604474e-05 2.206729587141652971e-06 5.929882370614233107e-07 2.497313284481683193e-06 7.322668895221118513e-06 1.410164520693071185e-05 1.905404898819489662e-05 1.907545298440796862e-05 1.227926465534523448e-02 8.737816848773715186e-05 1.313901518370196969e-05 1.591396244990246454e-05 1.375246959898691205e-05 8.586729427888460913e-06 3.685616826380910893e-06 1.022469053069207279e-06 1.922995989909873007e-07
4.924269124131442950e-08 2.336386923122853639e-07 7.600131275471599922e-07 1.610295717676389572e-06 2.369318890256228777e-06 2.550519530914957247e-06 1.991456252007170163e-06 1.777933461050374515e-03 1.991456252007172704e-06 2.550519530914953859e-06 2.369318890256230471e-06 1.610295717676391054e-06 7.600131275471602039e-07 2.336386923122849140e-07 4.924269124131438318e-08 5.028428014396961969e-07 2.385806535050800567e-06 7.760890409379622308e-06 1.644356937874640975e-05 2.419435084167086602e-05 2.604468508366000135e-05 2.033579837861747687e-05 1.815540580320405134e-02 2.033579837861750736e-05 2.604468508365996747e-05 2.419435084167088297e-05 1.644356937874642331e-05 7.760890409379625696e-06 2.385806535050795909e-06 5.028428014396957734e-07 2.258148725439665394e-05 1.071409587816619003e-04 3.485233304730771232e-04 7.384420166298829788e-04 1.086511378099368728e-03 1.169605535920105162e-03 9.132328643861516724e-04 8.153165632870613688e-01 9.132328643861529734e-04 1.169605535920103644e-03 1.086511378099369379e-03 7.384420166298836293e-04 3.485233304730772858e-04 1.071409587816616970e-04 2.258148725439663022e-05 3.926070184600938360e-06 1.862777766067383212e-05 6.059508131563620258e-05 1.283872559803473409e-04 1.889034091833373635e-04 2.033503537915141339e-04 1.587768015486267469e-04 1.417528444460360859e-01 1.587768015486269637e-04 2.033503537915138629e-04 1.889034091833374719e-04 1.283872559803474493e-04 6.059508131563622291e-05 1.862777766067379823e-05 3.926070184600934124e-06 3.421269767299170857e-07 1.623268294907267321e-06 5.280397700615560022e-06 1.118796701890108622e-05 1.646148673840857802e-05 1.772042742193650084e-05 1.383618339319096610e-05 1.235267578847881048e-02 1.383618339319098473e-05 1.772042742193647374e-05 1.646148673840858818e-05 1.118796701890109638e-05 5.280397700615561716e-06 1.623268294907264357e-06 3.421269767299167151e-07
2.767788108804045221e-08 1.471650331854216484e-07 5.304746592916041393e-07 1.235896888435121285e-06 1.979407238626142267e-06 2.290513150516768428e-06 1.891112107235950945e-06 1.257643057907669931e-05 1.767367320382006671e-03 2.745549768035208959e-06 2.742469068620842990e-06 2.029664446681821936e-06 1.053959342570072752e-06 3.594408958216783513e-07 8.534941309348646533e-08 2.826332784295147537e-07 1.502778903741898429e-06 5.416953400531453374e-06 1.262038767592612696e-05 2.021275961915144017e-05 2.338962433421972207e-05 1.931113198462281448e-05 1.284244915352839944e-04 1.804750943035856800e-02 2.803624054756437465e-05 2.800478191919002517e-05 2.072596218087603269e-05 1.076252851056256048e-05 3.670438443773046578e-06 8.715473687424123349e-07 1.269239562792036412e-05 6.748626521820365158e-05 2.432626336134022813e-04 5.667519205475743610e-04 9.077074831522467281e-04 1.050373003801765388e-03 8.672175072014590971e-04 5.767241790979826116e-03 8.104711910132014197e-01 1.259041606588353355e-03 1.257628873595771461e-03 9.307542028692781253e-04 4.833198361207823230e-04 1.648307556532624353e-04 3.913914197938451328e-05 2.206729587141573773e-06 1.173331989865607015e-05 4.229421039002325241e-05 9.853681434972443357e-05 1.578161458452800208e-04 1.826203069123766808e-04 1.507764639339548188e-04 1.002706145430782344e-03 1.409104166907964584e-01 2.188999181989738504e-04 2.186542971369732674e-04 1.618231024338578764e-04 8.403111703152143228e-05 2.865786066192418241e-05 6.804822757907853213e-06 1.922995989909803921e-07 1.022469053069209609e-06 3.685616826380930375e-06 8.586729427888454137e-06 1.375246959898690697e-05 1.591396244990247471e-05 1.313901518370197646e-05 8.737816848773716542e-05 1.227926465534523448e-02 1.907545298440796184e-05 1.905404898819488985e-05 1.410164520693073387e-05 7.322668895221104960e-06 2.497313284481673876e-06 5.929882370614292400e-07
1.028721833753000976e-08 6.489412368656851915e-08 2.756019845211900696e-07 7.484001143156540223e-07 1.374990322625197569e-06 1.788713841352898957e-06 1.616480998360172174e-06 9.298660771809757472e-07 2.058890678221529774e-05 1.761124824671180282e-03 3.238579695856008040e-06 2.755027029322432822e-06 1.672638858409284852e-06 6.764583770666693272e-07 1.967607598552422815e-07 1.050481514610111221e-07 6.626677407133776050e-07 2.814315596599707509e-06 7.642303874824268883e-06 1.404074327280554310e-05 1.826548988868471478e-05 1.650673050557195803e-05 9.495347460236450266e-06 2.102440647326722135e-04 1.798376405105294590e-02 3.307082626677503896e-05 2.813301780517382889e-05 1.708018770212465533e-05 6.907669276535559333e-06 2.009226734058013668e-06 4.717465352040508328e-06 2.975884928247010693e-05 1.263842926507270582e-04 3.431978881858697961e-04 6.305367489587850819e-04 8.202601805886836116e-04 7.412784342464838775e-04 4.264137162458939731e-04 9.441566339381602876e-03 8.076085359921985063e-01 1.485133007169250896e-03 1.263387645555136621e-03 7.670310478621522252e-04 3.102071766346678906e-04 9.022964583846237378e-05 8.201895586805566938e-07 5.173943132252764689e-06 2.197346869087593997e-05 5.966918746515268205e-05 1.096265937886930982e-04 1.426123533115647608e-04 1.288804021806023786e-04 7.413728594567805001e-05 1.641532804433006336e-03 1.404127087940515439e-01 2.582086978561907000e-04 2.196555306976714060e-04 1.333578118105787117e-04 5.393334520061251368e-05 1.568753724246026366e-05 7.147324445636368922e-08 4.508695561666534055e-07 1.914819669033248962e-06 5.199713135912357248e-06 9.553118853869027591e-06 1.242757540967999665e-05 1.123094093700394216e-05 6.460497217559124526e-06 1.430470239137437483e-04 1.223589322029656340e-02 2.250091236509222311e-05 1.914129883219048417e-05 1.162111292789027609e-05 4.699878369671092645e-06 1.367048839359056657e-06
2.641911386385874421e-09 1.997414413784640683e-08 1.039390547005485773e-07 3.430209491081264144e-07 7.515356297610156841e-07 1.136442034414620772e-06 1.153477867575702163e-06 6.662683222395538853e-07 1.738688833037545386e-06 2.850424880149535681e-05 1.754513604313268343e-03 3.588945773848947221e-06 2.671319471812576237e-06 1.350133012391893876e-06 5.181907351069164453e-07 2.697793498278840721e-08 2.039664027584304329e-07 1.061375894109693440e-06 3.502765804508242841e-06 7.674322258278914826e-06 1.160480229357224445e-05 1.177876407055145073e-05 6.803613312352354242e-06 1.775465843960599631e-05 2.910717501210121857e-04 1.791625343207770699e-02 3.664859701297655683e-05 2.727823628006059958e-05 1.378691231436509203e-05 5.291515844337959743e-06 1.211515593381397853e-06 9.159651308574996167e-06 4.766389447425789397e-05 1.573009718806229378e-04 3.446357584622610783e-04 5.211443702322178994e-04 5.289565843841575153e-04 3.055342680791125034e-04 7.973199419624389314e-04 1.307134753973566640e-02 8.045767929155133169e-01 1.645802274529125373e-03 1.225001418170805793e-03 6.191377977629374885e-04 2.376295280617347178e-04 2.106369343953517621e-07 1.592518397871934158e-06 8.286956163213494585e-06 2.734871484556543171e-05 5.991917895410408531e-05 9.060737899107925070e-05 9.196562881369338058e-05 5.312090239077231480e-05 1.386239097744547638e-04 2.272615052771651597e-03 1.398856028525052864e-01 2.861430324310962076e-04 2.129816114320751900e-04 1.076447454754459420e-04 4.131482548485913630e-05 1.835539716915797411e-08 1.387757934098359005e-07 7.221448229667260100e-07 2.383231243359180770e-06 5.221497981394391337e-06 7.895739807512034528e-06 8.014100887066233315e-06 4.629080195102840509e-06 1.208001307252118737e-05 1.980410132058545245e-04 1.218995997057908953e-02 2.493517588706382904e-05 1.855971783289154351e-05 9.380415937245683292e-06 3.600270925542742665e-06
5.099448114818978123e-10 4.312990602308762624e-09 2.772359928353352759e-08 1.139764329033119402e-07 3.058298492221270461e-07 5.505835941304592320e-07 6.394367771339075135e-07 4.013069667637931573e-07 1.054745583913502279e-06 2.277469886654544321e-06 3.650893706842688573e-05 1.747451031757040266e-03 3.833412196000375439e-06 2.523327703697899095e-06 1.369826503701125062e-06 5.207312417767656980e-09 4.404219636209571366e-08 2.831001307667651230e-07 1.163872797657334506e-06 3.122988087574502727e-06 5.622296221434275588e-06 6.529622412022377454e-06 4.097954728263676780e-06 1.077055723096292222e-05 2.325643276456613190e-05 3.728117966402055361e-04 1.784413382041510898e-02 3.914497114432029191e-05 2.576701515479514929e-05 1.398801282472374951e-05 2.338481502664679150e-07 1.977831427553149054e-06 1.271336086809705562e-05 5.226678928442403019e-05 1.402460480557432619e-04 2.524840966227619057e-04 2.932299813200943514e-04 1.840295062401890605e-04 4.836803870660694128e-04 1.044391683747238715e-03 1.674210073210947655e-02 8.013380708200826819e-01 1.757908563945509515e-03 1.157136032644650887e-03 6.281687485859678653e-04 4.065738629799519255e-08 3.438703974810715474e-07 2.210374652829383322e-06 9.087226219541566112e-06 2.438350590360509356e-05 4.389747551475051710e-05 5.098165031923501184e-05 3.199580033842829003e-05 8.409380326207721091e-05 1.815803806193881458e-04 2.910820787462645165e-03 1.393225110547051671e-01 3.056340940881716560e-04 2.011823767900430132e-04 1.092148877059136478e-04 3.542980130725125614e-09 2.996567405711623939e-08 1.926172385758873511e-07 7.918822352047687612e-07 2.124835972010122481e-06 3.825329114808908820e-06 4.442660745300604424e-06 2.788189187441433017e-06 7.328131520577819800e-06 1.582334083034060197e-05 2.536557598290656973e-04 1.214089082883058369e-02 2.663367277694290097e-05 1.753150481427591048e-05 9.517241818874819001e-06
8.595703296009333640e-11 6.821896796818365786e-10 5.133346139407276319e-09 2.627987948209704285e-08 8.760246710695588837e-08 1.908400175048733950e-07 2.570446517777754185e-07 1.768581745265125868e-07 5.129519586786396271e-07 1.162532892260699142e-06 2.639238735979081232e-06 4.447422537015682358e-05 1.740216256334795345e-03 4.000754949894560641e-06 3.311943929270175142e-06 8.777520920878063454e-10 6.966194596542671378e-09 5.241927458533240618e-08 2.683575549418434858e-07 8.945544782924564599e-07 1.948766946117660961e-06 2.624816993888932245e-06 1.805991055619007657e-06 5.238019966088706668e-06 1.187122965000965335e-05 2.695064315563714400e-05 4.541495095667545602e-04 1.777025575547993078e-02 4.085379527735602382e-05 3.381998671527027716e-05 3.941778150796066461e-08 3.128354110729778875e-07 2.354026303139508496e-06 1.205130647031252561e-05 4.017233714411062417e-05 8.751453899618546887e-05 1.178743562062008101e-04 8.110280964001387002e-05 2.352271540208026657e-04 5.331089960285671520e-04 1.210289981629174456e-03 2.039478606934386207e-02 7.980203807250136894e-01 1.834647835681468700e-03 1.518776040480571046e-03 6.853267677990834393e-09 5.439029618661903452e-08 4.092765183445987229e-07 2.095268326906599437e-06 6.984456485545312416e-06 1.521548241713453542e-05 2.049391123873344148e-05 1.410072415637849530e-05 4.089714311575272680e-05 9.268757681329347459e-05 2.104238466698139310e-04 3.545885202604424045e-03 1.387456896958081665e-01 3.189761633396944753e-04 2.640579543075076332e-04 5.972098411761292966e-10 4.739698151795557140e-09 3.566531704323484518e-08 1.825866029940495753e-07 6.086419419789779984e-07 1.325912873203149509e-06 1.785887557736521185e-06 1.228770220218220636e-06 3.563873102921981313e-06 8.077013131332314117e-06 1.833682820429268520e-05 3.089967644889949705e-04 1.209062526088258531e-02 2.779633202696052443e-05 2.301063030993594696e-05
1.440473726094544723e-11 9.271577803163678574e-11 6.892646534961239296e-10 4.127892978330416935e-09 1.689697272872682984e-08 4.473040940107779548e-08 7.036912649030997812e-08 5.336045520369247690e-08 1.724722491891312215e-07 4.649954944959605623e-07 1.133942041798087777e-06 2.946052722506664054e-06 5.236426385396794636e-05 1.732947345306094138e-03 6.843077944262592286e-06 1.470942845670357711e-10 9.467691628514011833e-10 7.038440843918850006e-09 4.215206799106523279e-08 1.725438006855847639e-07 4.567655383122414843e-07 7.185758496798861854e-07 5.448914367663614486e-07 1.761204084639975491e-06 4.748311499941170731e-06 1.157927356516226522e-05 3.008368078248747129e-05 5.347188073580564933e-04 1.769602911406474230e-02 6.987823770842606049e-05 6.605658274583968254e-09 4.251717579047147088e-08 3.160798200803897175e-07 1.892950209014481971e-06 7.748536172440275804e-06 2.051226576598904258e-05 3.226955093004264032e-05 2.446979254578250372e-05 7.909153213652686510e-05 2.132354988653158514e-04 5.199979350967035355e-04 1.350987330851842775e-03 2.401296369058234306e-02 7.946870368802677609e-01 3.138067264072706003e-03 1.148475196046139402e-09 7.392135616395514162e-09 5.495437672423598456e-08 3.291127503171376422e-07 1.347178620176868891e-06 3.566310497408901681e-06 5.610459592391755136e-06 4.254375358676251682e-06 1.375103874591636807e-05 3.707362251928839893e-05 9.040805709729011791e-05 2.348858168497431991e-04 4.174950025541139705e-03 1.381661467393834608e-01 5.455917134222110654e-04 1.000808259143494965e-10 6.441680589242960759e-10 4.788853454653875627e-09 2.867965802315765535e-08 1.173963089717770313e-07 3.107766726494965843e-07 4.889086257141016515e-07 3.707362606626731380e-07 1.198297812272684186e-06 3.230682538152219672e-06 7.878370429556023785e-06 2.046850173762440012e-05 3.638149505934176308e-04 1.204012252653402504e-02 4.754414329478152842e-05
1.858008014500506565e-12 1.092754487025590279e-11 6.634164028256946333e-11 3.806146203739866524e-10 1.757284292033171314e-09 5.545365872657363065e-09 1.022606661762584220e-08 8.604515612924276266e-09 3.144429473654481944e-08 1.038143919114403081e-07 3.294860361576404958e-07 9.568299845982903077e-07 3.004993346964041898e-06 5.569394065805471450e-05 1.736915329167653971e-03 1.897308882916984212e-11 1.115868596314108872e-10 6.774490875877110177e-10 3.886654387751801189e-09 1.794454636936180306e-08 5.662662295913708289e-08 1.044236993570678664e-07 8.786519637262122439e-08 3.210940924640989795e-07 1.060102897355651397e-06 3.364553749608315117e-06 9.770689981160801874e-06 3.068555423768739654e-05 5.687198737061733558e-04 1.773654826666825127e-02 8.520367843504175829e-10 5.011103353394712866e-09 3.042264479687323721e-08 1.745405050404954065e-07 8.058473621686497051e-07 2.542968420647917788e-06 4.689422677101535046e-06 3.945819262625663614e-06 1.441958030557521330e-05 4.760672718481080511e-05 1.510941936445801619e-04 4.387787011060627113e-04 1.378016051792947238e-03 2.553987159137681082e-02 7.965066567007272891e-01 1.481371079564356828e-10 8.712421483171445174e-10 5.289352172782748583e-09 3.034602039824714384e-08 1.401065069942923845e-07 4.421264367670756753e-07 8.153139936332225534e-07 6.860293649525871013e-07 2.507021954506350055e-06 8.277016924575040182e-06 2.626958986586715845e-05 7.628709113103396288e-05 2.395850934837084087e-04 4.440421804100525699e-03 1.384825100968511691e-01 1.290901550497884947e-11 7.592208702038786059e-11 4.609265710103238825e-10 2.644423488749215533e-09 1.220921007631412766e-08 3.852793608651839906e-08 7.104837626729334592e-08 5.978221008370239924e-08 2.184677811555646889e-07 7.212786943682845104e-07 2.289193758174633259e-06 6.647836290484760600e-06 2.087800774031942837e-05 3.869487848691970013e-04 1.206769117252081379e-02
